nom,prix,prix_original,categorie,marque,promotion,disponibilite,image_url,store_name
BAGUETTE A L’ANCIENNE AU PAVOT 250G,5.95,,Boulangerie,,False,En stock,https://aswakassalam.com/wp-content/uploads/2026/04/1238605-300x300.jpg,aswak_assalam
BAGUETTE A L’ANCIENNE AU SESAME 250G,5.95,,Boulangerie,,False,En stock,https://aswakassalam.com/wp-content/uploads/2026/04/1238606-300x300.jpg,aswak_assalam
BAGUETTE A L’ANCIENNE NATURE 250G,3.5,,Boulangerie,,False,En stock,https://aswakassalam.com/wp-content/uploads/2026/04/1238607-300x300.jpg,aswak_assalam
BAGUETTE A LA SEMOULE DE BLE DURE 200G,2.95,,Boulangerie,,False,En stock,https://aswakassalam.com/wp-content/uploads/2026/04/0909789-300x300.jpg,aswak_assalam
BAGUETTE AUX CEREALES 250G,9.95,,Boulangerie,,False,En stock,https://aswakassalam.com/wp-content/uploads/2026/04/1238644-300x300.jpg,aswak_assalam
BRIOCHE AUX PEPITES DE CHOCOLAT AU LAIT 6 UNITES WEIKIS BIMBO,31.95,,Boulangerie,,False,En stock,https://aswakassalam.com/wp-content/uploads/2026/04/1325558-300x300.jpg,aswak_assalam
BROWNIE CHOCOLAT 248G KEKITO BIMBO,21.5,,Boulangerie,,False,En stock,https://aswakassalam.com/wp-content/uploads/2026/04/1325576-300x300.jpg,aswak_assalam
BURGER 6 UNITES 330G JACQUET,35.9,,Boulangerie,,False,En stock,https://aswakassalam.com/wp-content/uploads/2026/04/1361006-300x300.jpg,aswak_assalam
CHAPELURE 250G BIMBO,7.5,,Boulangerie,,False,En stock,https://aswakassalam.com/wp-content/uploads/2026/04/1402655-300x300.jpg,aswak_assalam
CHAPELURE PANKO 200G JESSY’S,25.5,,Boulangerie,,False,En stock,https://aswakassalam.com/wp-content/uploads/2026/04/1170744-300x300.jpg,aswak_assalam
FEUILLES DE PASTILLA 30CM 10 UNITES 200G GOLDY,18.95,,Boulangerie,,False,En stock,https://aswakassalam.com/wp-content/uploads/2026/04/1292573-300x300.jpg,aswak_assalam
FEUILLES DE PASTILLA 30CM 10 UNITES BELPATE,16.5,,Boulangerie,,False,En stock,https://aswakassalam.com/wp-content/uploads/2026/04/37469-300x300.jpg,aswak_assalam
FEUILLES DE PASTILLA 40CM 10 UNITES BELPATE,22.5,,Boulangerie,,False,En stock,https://aswakassalam.com/wp-content/uploads/2026/04/37470-300x300.jpg,aswak_assalam
FONDS DE TARTE SALES 8 UNITES CHEF DU PAIN,16.5,,Boulangerie,,False,En stock,https://aswakassalam.com/wp-content/uploads/2026/04/1407674-300x300.jpg,aswak_assalam
FONDS DE TARTE SUCRES 12 UNITES PATISSERIE LA NOBLESSE,19.95,,Boulangerie,,False,En stock,https://aswakassalam.com/wp-content/uploads/2026/04/0938721-300x300.jpg,aswak_assalam
FONDS DE TARTE SUCRES 8 UNITES CHEF DU PAIN,17.5,,Boulangerie,,False,En stock,https://aswakassalam.com/wp-content/uploads/2026/04/1407673-300x300.jpg,aswak_assalam
LOT DE 10 KRACHELLES BELDI,13.95,,Boulangerie,,False,En stock,https://aswakassalam.com/wp-content/uploads/2026/04/1409493-300x300.jpg,aswak_assalam
LOT DE 5 MINI GALETTES AU BLE TENDRE & SESAME,7.95,,Boulangerie,,False,En stock,https://aswakassalam.com/wp-content/uploads/2026/04/0912548-300x300.jpg,aswak_assalam
MADELEINES PURE BEURRE 192G BIMBO,16.5,,Boulangerie,,False,En stock,https://aswakassalam.com/wp-content/uploads/2026/04/1325577-300x300.jpg,aswak_assalam
MINI BURGER 8 UNITES ASSYLOR,10.5,,Boulangerie,,False,En stock,https://aswakassalam.com/wp-content/uploads/2026/04/1443286-300x300.jpg,aswak_assalam
MINI PATE A PIZZA COMPLETE 12 UNITES 160G ASSYLOR,10.95,,Boulangerie,,False,En stock,https://aswakassalam.com/wp-content/uploads/2026/04/1443285-300x300.jpg,aswak_assalam
MINI WRAPS DE FARINE DE BLE 10 UNITES 250G DELI SUN,21.5,,Boulangerie,,False,En stock,https://aswakassalam.com/wp-content/uploads/2026/04/1328242-300x300.jpg,aswak_assalam
PAIN AU LAIT 4 UNITES OLE ASSYLOR,11.95,,Boulangerie,,False,En stock,https://aswakassalam.com/wp-content/uploads/2026/04/0904749-300x300.jpg,aswak_assalam
PAIN AU LAIT AUX PEPITES DE CHOCOLAT 5 UNITES OLE ASSYLOR,14.95,,Boulangerie,,False,En stock,https://aswakassalam.com/wp-content/uploads/2026/04/1305393-300x300.jpg,aswak_assalam
PAIN BLANC SANS GLUTEN 250G SCHAR,37.95,,Boulangerie,,False,En stock,https://aswakassalam.com/wp-content/uploads/2026/04/1287653-300x300.jpg,aswak_assalam
PAIN BURGER AU SESAME 4 UNITES BIMBO,13.95,,Boulangerie,,False,En stock,https://aswakassalam.com/wp-content/uploads/2026/04/1325560-300x300.jpg,aswak_assalam
PAIN BURGER GEANT 4 UNITES 310G ASSYLOR,12.5,,Boulangerie,,False,En stock,https://aswakassalam.com/wp-content/uploads/2026/04/0904741-300x300.jpg,aswak_assalam
PAIN BURGER GEANT COMPLET 4 UNITES ASSYLOR,12.5,,Boulangerie,,False,En stock,https://aswakassalam.com/wp-content/uploads/2026/04/1408754-300x300.jpg,aswak_assalam
PAIN CHAWARMA NATURE 7 UNITES 273G CHEF DU PAIN,7.95,,Boulangerie,,False,En stock,https://aswakassalam.com/wp-content/uploads/2026/04/1355133-300x300.jpg,aswak_assalam
PAIN CIABATTA A L’HUILE D’OLIVE 4 UNITES ASSYLOR,11.5,,Boulangerie,,False,En stock,https://aswakassalam.com/wp-content/uploads/2026/04/1455291-300x300.jpg,aswak_assalam
PAIN DE MIE AUX CEREALES 600G,19.95,,Boulangerie,,False,En stock,https://aswakassalam.com/wp-content/uploads/2026/04/1275874-300x300.jpg,aswak_assalam
PAIN DE MIE BLANC 500G,11.95,,Boulangerie,,False,En stock,https://aswakassalam.com/wp-content/uploads/2026/04/1039349-300x300.jpg,aswak_assalam
PAIN DE MIE BLE COMPLET 430G BIMBO,20.5,,Boulangerie,,False,En stock,https://aswakassalam.com/wp-content/uploads/2026/04/1325570-300x300.jpg,aswak_assalam
PAIN DE MIE BLE COMPLET 470G PAIN D’OR,13.95,,Boulangerie,,False,En stock,https://aswakassalam.com/wp-content/uploads/2026/04/0904720-300x300.jpg,aswak_assalam
PAIN DE MIE COMPLET 780G BIMBO,31.5,,Boulangerie,,False,En stock,https://aswakassalam.com/wp-content/uploads/2026/04/1325573-300x300.jpg,aswak_assalam
PAIN DE MIE MULTIGRAINES 440G  BIMBO,21.95,,Boulangerie,,False,En stock,https://aswakassalam.com/wp-content/uploads/2026/04/1355135-300x300.jpg,aswak_assalam
PAIN DE MIE NATURE 400G BIMBO,19.95,,Boulangerie,,False,En stock,https://aswakassalam.com/wp-content/uploads/2026/04/1325572-300x300.jpg,aswak_assalam
PAIN DE MIE NATURE 470G PAIN D’OR,13.95,,Boulangerie,,False,En stock,https://aswakassalam.com/wp-content/uploads/2026/04/0904710-300x300.jpg,aswak_assalam
PAIN DE MIE NATURE 550G MAXI JAC’ JACQUET,34.9,,Boulangerie,,False,En stock,https://aswakassalam.com/wp-content/uploads/2026/04/1361003-300x300.jpg,aswak_assalam
PAIN DE MIE NATURE 720G BIMBO,30.95,,Boulangerie,,False,En stock,https://aswakassalam.com/wp-content/uploads/2026/04/1325575-300x300.jpg,aswak_assalam
PAIN HOT DOG 4 UNITES JACQUET,31.9,,Boulangerie,,False,En stock,https://aswakassalam.com/wp-content/uploads/2026/04/1361007-300x300.jpg,aswak_assalam
PAIN HOT-DOG 4 UNITES ASSYLOR,9.95,,Boulangerie,,False,En stock,https://aswakassalam.com/wp-content/uploads/2026/04/124446-300x300.jpg,aswak_assalam
PAIN LIBANAIS 22CM 7 UNITES ASSYLOR,7.5,,Boulangerie,,False,En stock,https://aswakassalam.com/wp-content/uploads/2026/04/124447-300x300.jpg,aswak_assalam
PAIN LIBANAIS COMPLET 20CM 7 UNITES 200G ASSYLOR,7.5,,Boulangerie,,False,En stock,https://aswakassalam.com/wp-content/uploads/2026/04/172586-300x300.jpg,aswak_assalam
PAIN MAXI BURGER 4 UNITES 300G BIMBO,17.5,,Boulangerie,,False,En stock,https://aswakassalam.com/wp-content/uploads/2026/04/1325567-300x300.jpg,aswak_assalam
PAIN MAXI BURGER 4 UNITES 330G JACQUET,32.9,,Boulangerie,,False,En stock,https://aswakassalam.com/wp-content/uploads/2026/04/1361005-300x300.jpg,aswak_assalam
PAIN MAXI TACOS ORIGINAL 6 UNITES 378G BIMBO,28.5,,Boulangerie,,False,En stock,https://aswakassalam.com/wp-content/uploads/2026/04/1387653-300x300.jpg,aswak_assalam
PAIN PANINI 4 UNITES ASSYLOR,10.95,,Boulangerie,,False,En stock,https://aswakassalam.com/wp-content/uploads/2026/04/124443-300x300.jpg,aswak_assalam
PAIN RUSTIQUE SANS GLUTEN 250G SCHAR,37.95,,Boulangerie,,False,En stock,https://aswakassalam.com/wp-content/uploads/2026/04/1287654-300x300.jpg,aswak_assalam
PAIN SANDWICH 4 UNITES 360G BIMBO,16.95,,Boulangerie,,False,En stock,https://aswakassalam.com/wp-content/uploads/2026/04/1401394-300x300.jpg,aswak_assalam
PAIN TACOS MAXI COMPLET 6 UNITES ASSYLOR,18.95,,Boulangerie,,False,En stock,https://aswakassalam.com/wp-content/uploads/2026/04/1444460-300x300.jpg,aswak_assalam
PAIN TACOS MAXI ORIGINAL 6 UNITES ASSYLOR,16.95,,Boulangerie,,False,En stock,https://aswakassalam.com/wp-content/uploads/2026/04/1294593-300x300.jpg,aswak_assalam
PAIN TORTILLAS ORIGINAL 8 UNITES 320G MISSION,19.95,,Boulangerie,,False,En stock,https://aswakassalam.com/wp-content/uploads/2026/04/1357660-300x300.jpg,aswak_assalam
PATE A PIZZA 30CM 3 UNITES ASSYLOR,13.5,,Boulangerie,,False,En stock,https://aswakassalam.com/wp-content/uploads/2026/04/124442-300x300.jpg,aswak_assalam
PATE A PIZZA 4 UNITES 320G DELI SUN,31.95,,Boulangerie,,False,En stock,https://aswakassalam.com/wp-content/uploads/2026/04/1317633-300x300.jpg,aswak_assalam
PATE A PIZZA A L’AIL ET CHILI 3 UNITES 390G ASSYLOR,15.5,,Boulangerie,,False,En stock,https://aswakassalam.com/wp-content/uploads/2026/04/1452311-300x300.jpg,aswak_assalam
PATE A PIZZA A L’AIL ET L’OIGNON 3 UNITES 390G ASSYLOR,15.5,,Boulangerie,,False,En stock,https://aswakassalam.com/wp-content/uploads/2026/04/1452310-300x300.jpg,aswak_assalam
PATE A PIZZA A L’HUILE D’OLIVE 3 UNITES ASSYLOR,15.5,,Boulangerie,,False,En stock,https://aswakassalam.com/wp-content/uploads/2026/04/1408753-300x300.jpg,aswak_assalam
PATE A PIZZA COMPLETE 3 UNITES 400G ASSYLOR,15.5,,Boulangerie,,False,En stock,https://aswakassalam.com/wp-content/uploads/2026/04/1435441-300x300.jpg,aswak_assalam
PATE A PIZZA FEUILLETEE 3 UNITES ASSYLOR,15.5,,Boulangerie,,False,En stock,https://aswakassalam.com/wp-content/uploads/2026/04/1296907-300x300.jpg,aswak_assalam
PATE A PIZZA RONDE NATURE 3 UNITES 420G BIMBO,18.95,,Boulangerie,,False,En stock,https://aswakassalam.com/wp-content/uploads/2026/04/1325563-300x300.jpg,aswak_assalam
PATE A PIZZA RONDE SAVEUR OIGNON ET AIL 3 UNITES 420G BIMBO,18.95,,Boulangerie,,False,En stock,https://aswakassalam.com/wp-content/uploads/2026/04/1325564-300x300.jpg,aswak_assalam
PATE EXTRA FINE 500G FILLO,21.5,,Boulangerie,,False,En stock,https://aswakassalam.com/wp-content/uploads/2026/04/0940478-300x300.jpg,aswak_assalam
PATE FEUILLETEE FRAICHE 500G GOLDY,23.5,,Boulangerie,,False,En stock,https://aswakassalam.com/wp-content/uploads/2026/04/1243731-300x300.jpg,aswak_assalam
PATE MINI PIZZA 7CM 10 UNITES ASSYLOR,8.95,,Boulangerie,,False,En stock,https://aswakassalam.com/wp-content/uploads/2026/04/124440-300x300.jpg,aswak_assalam
PATE MINI PIZZA NATURE 12 UNITES 192G BIMBO,11.95,,Boulangerie,,False,En stock,https://aswakassalam.com/wp-content/uploads/2026/04/1325565-300x300.jpg,aswak_assalam
PATE MINI PIZZA RONDE NATURE 12 UNITES 192G CHEF DU PAIN,11.95,,Boulangerie,,False,En stock,https://aswakassalam.com/wp-content/uploads/2026/04/1375689-300x300.jpg,aswak_assalam
PATE MINI PIZZA SAVEUR OIGNON ET AIL 12 UNITES 192G BIMBO,11.95,,Boulangerie,,False,En stock,https://aswakassalam.com/wp-content/uploads/2026/04/1325566-300x300.jpg,aswak_assalam
PIZZA SEMOULE AU THYM 3 UNITES 420G PAIN D’OR,12.95,,Boulangerie,,False,En stock,https://aswakassalam.com/wp-content/uploads/2026/04/1435442-300x300.jpg,aswak_assalam
TACOS ORIGINAL 6 UNITES 240G BIMBO,19.95,,Boulangerie,,False,En stock,https://aswakassalam.com/wp-content/uploads/2026/04/1336762-300x300.jpg,aswak_assalam
WRAPS BLE COMPLET 25CM 6 UNITES MISSION,25.5,,Boulangerie,,False,En stock,https://aswakassalam.com/wp-content/uploads/2026/04/1311273-300x300.jpg,aswak_assalam
WRAPS CORN 25CM 6 UNITES MISSION,25.5,,Boulangerie,,False,En stock,https://aswakassalam.com/wp-content/uploads/2026/04/1311253-300x300.jpg,aswak_assalam
WRAPS DE FARINE DE BLE 6 UNITES 360G DELI SUN,28.95,,Boulangerie,,False,En stock,https://aswakassalam.com/wp-content/uploads/2026/04/1172103-300x300.jpg,aswak_assalam
WRAPS DE FARINE DE BLE 8 UNITES 320G DELI SUN,28.95,,Boulangerie,,False,En stock,https://aswakassalam.com/wp-content/uploads/2026/04/1172108-300x300.jpg,aswak_assalam
WRAPS DE FARINE DE BLE A LA TOMATE 6 UNITES 360G DELI SUN,24.95,,Boulangerie,,False,En stock,https://aswakassalam.com/wp-content/uploads/2026/04/1172107-300x300.jpg,aswak_assalam
WRAPS DE FARINE DE BLE COMPLET 6 UNITES 360G DELI SUN,28.95,,Boulangerie,,False,En stock,https://aswakassalam.com/wp-content/uploads/2026/04/1172104-300x300.jpg,aswak_assalam
WRAPS DE FARINE DE BLE ET MAIS 6 UNITES 360G DELI SUN,28.95,,Boulangerie,,False,En stock,https://aswakassalam.com/wp-content/uploads/2026/04/1172105-300x300.jpg,aswak_assalam
WRAPS ORIGINAL 25CM 6 UNITES MISSION,25.5,,Boulangerie,,False,En stock,https://aswakassalam.com/wp-content/uploads/2026/04/1311233-300x300.jpg,aswak_assalam
"ANANAS LA PIECE (1KG A 1,200KG)",23.95,,Fruits_Legumes,,False,En stock,https://aswakassalam.com/wp-content/uploads/2026/04/1344207-300x300.jpg,aswak_assalam
BANANE IMPORT 1KG,18.95,,Fruits_Legumes,,False,En stock,https://aswakassalam.com/wp-content/uploads/2026/04/1344204-300x300.jpg,aswak_assalam
BROCOLI 1KG,28.95,,Fruits_Legumes,,False,En stock,https://aswakassalam.com/wp-content/uploads/2026/04/1344170-300x300.jpg,aswak_assalam
CAROTTE 1KG,8.5,,Fruits_Legumes,,False,En stock,https://aswakassalam.com/wp-content/uploads/2026/04/1344168-300x300.jpg,aswak_assalam
CELERI BOTTE,15.95,,Fruits_Legumes,,False,En stock,https://aswakassalam.com/wp-content/uploads/2026/04/1347043-300x300.jpg,aswak_assalam
CHAMPIGNON DE PARIS 500G,34.95,,Fruits_Legumes,,False,En stock,https://aswakassalam.com/wp-content/uploads/2026/04/1344208-300x300.jpg,aswak_assalam
CHOU DE BRUXELLES 500G,17.95,,Fruits_Legumes,,False,En stock,https://aswakassalam.com/wp-content/uploads/2026/04/1344084-300x300.jpg,aswak_assalam
COURGETTE BLANCHE 1KG,10.95,,Fruits_Legumes,,False,En stock,https://aswakassalam.com/wp-content/uploads/2026/04/1344160-300x300.jpg,aswak_assalam
COURGETTE RONDE 1KG,18.95,,Fruits_Legumes,,False,En stock,https://aswakassalam.com/wp-content/uploads/2026/04/1344159-300x300.jpg,aswak_assalam
COURGETTE SLAOUI 1KG,13.95,,Fruits_Legumes,,False,En stock,https://aswakassalam.com/wp-content/uploads/2026/04/1344158-300x300.jpg,aswak_assalam
COUSCOUS BARQUETTE  +/- 2KG,22.95,,Fruits_Legumes,,False,En stock,https://aswakassalam.com/wp-content/uploads/2026/04/1277601-300x300.jpg,aswak_assalam
ENDIVE IMPORT BARQUETTE 450G,39.95,,Fruits_Legumes,,False,En stock,https://aswakassalam.com/wp-content/uploads/2026/04/1344155-300x300.jpg,aswak_assalam
ESTRAGON BARQUETTE 800G,7.5,,Fruits_Legumes,,False,En stock,https://aswakassalam.com/wp-content/uploads/2026/04/0909672-300x300.jpg,aswak_assalam
FRAMBOISE BARQUETTE 125G,13.95,,Fruits_Legumes,,False,En stock,https://aswakassalam.com/wp-content/uploads/2026/04/1250944-300x300.jpg,aswak_assalam
HARICOT VERT 1KG,22.95,,Fruits_Legumes,,False,En stock,https://aswakassalam.com/wp-content/uploads/2026/04/1344149-300x300.jpg,aswak_assalam
LAITUE FRISEE A LA PIECE,5.6,,Fruits_Legumes,,False,En stock,https://aswakassalam.com/wp-content/uploads/2026/04/1247048-300x300.jpg,aswak_assalam
LAITUE ROUGE A LA PIECE,6.5,,Fruits_Legumes,,False,En stock,https://aswakassalam.com/wp-content/uploads/2026/04/1247094-300x300.jpg,aswak_assalam
MANGUE A LA PIECE  (450G A 500G),12.95,,Fruits_Legumes,,False,En stock,https://aswakassalam.com/wp-content/uploads/2026/04/1269881-300x300.jpg,aswak_assalam
MELON CANTALOUP 1KG,28.95,,Fruits_Legumes,,False,En stock,https://aswakassalam.com/wp-content/uploads/2026/04/1375146-300x300.jpg,aswak_assalam
MELON JAUNE MARHOUM A LA PIECE 2KG,34.95,,Fruits_Legumes,,False,En stock,https://aswakassalam.com/wp-content/uploads/2026/04/1347562-300x300.jpg,aswak_assalam
NAVET BLANC 1KG,9.5,,Fruits_Legumes,,False,En stock,https://aswakassalam.com/wp-content/uploads/2026/04/1344147-300x300.jpg,aswak_assalam
OIGNON ROUGE 1KG,12.95,,Fruits_Legumes,,False,En stock,https://aswakassalam.com/wp-content/uploads/2026/04/1344211-300x300.jpg,aswak_assalam
ORANGE A JUS 1KG,6.95,,Fruits_Legumes,,False,En stock,https://aswakassalam.com/wp-content/uploads/2026/04/1344193-300x300.jpg,aswak_assalam
PECHE 1KG,18.95,,Fruits_Legumes,,False,En stock,https://aswakassalam.com/wp-content/uploads/2026/04/1344190-300x300.jpg,aswak_assalam
PIMENT FORT BARQUETTE 500G,13.95,,Fruits_Legumes,,False,En stock,https://aswakassalam.com/wp-content/uploads/2026/04/1344061-300x300.jpg,aswak_assalam
POIRE WILLIAM AU KG,30.95,,Fruits_Legumes,,False,En stock,https://aswakassalam.com/wp-content/uploads/2026/04/1344188-300x300.jpg,aswak_assalam
POMME DE TERRE BLANCHE 1KG,8.5,,Fruits_Legumes,,False,En stock,https://aswakassalam.com/wp-content/uploads/2026/04/1344138-300x300.jpg,aswak_assalam
POMME GOLDEN IMPORT 1KG,32.95,,Fruits_Legumes,,False,En stock,https://aswakassalam.com/wp-content/uploads/2026/04/1344186-300x300.jpg,aswak_assalam
POTIRON 1KG,9.95,,Fruits_Legumes,,False,En stock,https://aswakassalam.com/wp-content/uploads/2026/04/1344132-300x300.jpg,aswak_assalam
POUSSE EPINARD BARQUETTE 125G,16.95,,Fruits_Legumes,,False,En stock,https://aswakassalam.com/wp-content/uploads/2026/04/1344151-300x300.jpg,aswak_assalam
PRUNE NOIR 1KG,26.95,,Fruits_Legumes,,False,En stock,https://aswakassalam.com/wp-content/uploads/2026/04/1347269-300x300.jpg,aswak_assalam
RAISIN BLANC 1KG,21.95,,Fruits_Legumes,,False,En stock,https://aswakassalam.com/wp-content/uploads/2026/04/1347589-300x300.jpg,aswak_assalam
RAISIN ROUGE 1KG,21.95,,Fruits_Legumes,,False,En stock,https://aswakassalam.com/wp-content/uploads/2026/04/1347588-300x300.jpg,aswak_assalam
ROMARIN BOTTE,6.5,,Fruits_Legumes,,False,En stock,https://aswakassalam.com/wp-content/uploads/2026/04/127015-300x300.jpg,aswak_assalam
ROQUETTE IMPORT BARQUETTE 125G,75.95,,Fruits_Legumes,,False,En stock,https://aswakassalam.com/wp-content/uploads/2026/04/1344130-300x300.jpg,aswak_assalam
SALADE LOLO ROUGE PIECE,6.95,,Fruits_Legumes,,False,En stock,https://aswakassalam.com/wp-content/uploads/2026/04/0909695-300x300.jpg,aswak_assalam
SALADE LOLO VERT PIECE,6.5,,Fruits_Legumes,,False,En stock,https://aswakassalam.com/wp-content/uploads/2026/04/0909696-300x300.jpg,aswak_assalam
SALADE VERTE A LA PIECE,6.95,,Fruits_Legumes,,False,En stock,https://aswakassalam.com/wp-content/uploads/2026/04/1344128-300x300.jpg,aswak_assalam
THYM BOTTE,5.95,,Fruits_Legumes,,False,En stock,https://aswakassalam.com/wp-content/uploads/2026/04/1348002-300x300.jpg,aswak_assalam
TOMATE CERISE 1KG,13.95,,Fruits_Legumes,,False,En stock,https://aswakassalam.com/wp-content/uploads/2026/04/1344127-300x300.jpg,aswak_assalam
BROCHETTES DE POULET AUX 3 POIVRONS 1KG,86.95,,Boucherie_Volaille,,False,En stock,https://aswakassalam.com/wp-content/uploads/2026/04/1375141-300x300.jpg,aswak_assalam
BURGER DE BOEUF 1KG,144.95,,Boucherie_Volaille,,False,En stock,https://aswakassalam.com/wp-content/uploads/2026/04/1347500-300x300.jpg,aswak_assalam
COQUELET A LA PIECE,23.95,,Boucherie_Volaille,,False,En stock,https://aswakassalam.com/wp-content/uploads/2026/04/1347486-300x300.jpg,aswak_assalam
COTE DE VEAU 1 KG,129.95,,Boucherie_Volaille,,False,En stock,https://aswakassalam.com/wp-content/uploads/2026/04/1347505-300x300.jpg,aswak_assalam
CUISSE DE POULET 1KG,43.9,,Boucherie_Volaille,,False,En stock,https://aswakassalam.com/wp-content/uploads/2026/04/1347485-300x300.jpg,aswak_assalam
CUISSES DE POULET FARCIES A LA FETA 1KG,60.95,,Boucherie_Volaille,,False,En stock,https://aswakassalam.com/wp-content/uploads/2026/04/1375144-300x300.jpg,aswak_assalam
ENTRECOTE DE BOEUF 1KG,149.95,,Boucherie_Volaille,,False,En stock,https://aswakassalam.com/wp-content/uploads/2026/04/1347503-300x300.jpg,aswak_assalam
"FAUX FILET NEW YORK 0,5KG",77.5,,Boucherie_Volaille,,False,En stock,https://aswakassalam.com/wp-content/uploads/2026/04/1347493-300x300.jpg,aswak_assalam
FILET DE POULET 1KG,71.9,,Boucherie_Volaille,,False,En stock,https://aswakassalam.com/wp-content/uploads/2026/04/1343922-300x300.jpg,aswak_assalam
GIGOT DAGNEAU ENTIER CALIBRE +-2KG,325.8,,Boucherie_Volaille,,False,En stock,https://aswakassalam.com/wp-content/uploads/2026/04/1343925-300x300.jpg,aswak_assalam
HAUT DE CUISSE DE POULET 1KG,32.95,,Boucherie_Volaille,,False,En stock,https://aswakassalam.com/wp-content/uploads/2026/04/1347484-300x300.jpg,aswak_assalam
JARRET DE BOEUF AVEC OS 1KG,135.9,,Boucherie_Volaille,,False,En stock,https://aswakassalam.com/wp-content/uploads/2026/04/1343939-300x300.jpg,aswak_assalam
MERGUEZ DE BOEUF 1KG,84.95,,Boucherie_Volaille,,False,En stock,https://aswakassalam.com/wp-content/uploads/2026/04/1375138-300x300.jpg,aswak_assalam
PIED DE VEAU,164.9,,Boucherie_Volaille,,False,En stock,https://aswakassalam.com/wp-content/uploads/2026/04/1347507-300x300.jpg,aswak_assalam
PILONS DE POULET 1KG,54.9,,Boucherie_Volaille,,False,En stock,https://aswakassalam.com/wp-content/uploads/2026/04/1343923-300x300.jpg,aswak_assalam
POULET FERMIER A LA PIECE,106.9,,Boucherie_Volaille,,False,En stock,https://aswakassalam.com/wp-content/uploads/2026/04/1347487-300x300.jpg,aswak_assalam
SAUCISSE DE DINDE 1KG,49.95,,Boucherie_Volaille,,False,En stock,https://aswakassalam.com/wp-content/uploads/2026/04/1343914-300x300.jpg,aswak_assalam
SAUCISSE DE POULET 1KG,56.9,,Boucherie_Volaille,,False,En stock,https://aswakassalam.com/wp-content/uploads/2026/04/1343915-300x300.jpg,aswak_assalam
STEAK DE BOEUF 1KG,145.9,,Boucherie_Volaille,,False,En stock,https://aswakassalam.com/wp-content/uploads/2026/04/1343934-300x300.jpg,aswak_assalam
TAGINE DE BOEUF EXTRA 1KG,125.95,,Boucherie_Volaille,,False,En stock,https://aswakassalam.com/wp-content/uploads/2026/04/1343932-300x300.jpg,aswak_assalam
VIANDE HACHEE DE BOEUF NATURE 1KG,114.95,,Boucherie_Volaille,,False,En stock,https://aswakassalam.com/wp-content/uploads/2026/04/1343928-300x300.jpg,aswak_assalam
VIANDE HACHEE DE DINDE NATURE 1KG,72.9,,Boucherie_Volaille,,False,En stock,https://aswakassalam.com/wp-content/uploads/2026/04/1343913-300x300.jpg,aswak_assalam
WINGS DE POULET MARINEES 1KG,36.95,,Boucherie_Volaille,,False,En stock,https://aswakassalam.com/wp-content/uploads/2026/04/1347483-300x300.jpg,aswak_assalam
AGRICHE 1KG AHL FES,76.95,,Charcuterie_Traiteur,,False,En stock,https://aswakassalam.com/wp-content/uploads/2026/04/180463-300x300.jpg,aswak_assalam
AGRICHE 250G AHL FES,25.5,,Charcuterie_Traiteur,,False,En stock,https://aswakassalam.com/wp-content/uploads/2026/04/1117388-300x300.jpg,aswak_assalam
ANCHOIS MARINES A L’ORIENTAL 200G LA MONEGASQUE,39.95,,Charcuterie_Traiteur,,False,En stock,https://aswakassalam.com/wp-content/uploads/2026/04/0910355-300x300.jpg,aswak_assalam
BACON DE BOEUF 80G DAR AL LAHM,21.95,,Charcuterie_Traiteur,,False,En stock,https://aswakassalam.com/wp-content/uploads/2026/04/1452773-300x300.jpg,aswak_assalam
BATONNETS DE SURIMI SAVEUR CRABE 200G SAINT-MALO,31.5,,Charcuterie_Traiteur,,False,En stock,https://aswakassalam.com/wp-content/uploads/2026/04/100340-300x300.jpg,aswak_assalam
CAVIAR NOIR 100G SKANDIA,59.5,,Charcuterie_Traiteur,,False,En stock,https://aswakassalam.com/wp-content/uploads/2026/04/62255-300x300.jpg,aswak_assalam
CAVIAR NOIR 50G SKANDIA,37.5,,Charcuterie_Traiteur,,False,En stock,https://aswakassalam.com/wp-content/uploads/2026/04/46507-300x300.jpg,aswak_assalam
CAVIAR ROUGE 100G SKANDIA,59.5,,Charcuterie_Traiteur,,False,En stock,https://aswakassalam.com/wp-content/uploads/2026/04/62256-300x300.jpg,aswak_assalam
CHORIZO DE BOEUF 80G JAYDA,15.95,,Charcuterie_Traiteur,,False,En stock,https://aswakassalam.com/wp-content/uploads/2026/04/1300313-300x300.jpg,aswak_assalam
CUISSE DE DINDE AU POIVRE 80G DINDY,10.5,,Charcuterie_Traiteur,,False,En stock,https://aswakassalam.com/wp-content/uploads/2026/04/0909609-300x300.jpg,aswak_assalam
CUISSE DE DINDE FUMEE AU POIVRE 80G DAR AL LAHM,14.95,,Charcuterie_Traiteur,,False,En stock,https://aswakassalam.com/wp-content/uploads/2026/04/1452776-300x300.jpg,aswak_assalam
FEUILLES DE BRICK 10 UNITES 170G MIL BRICK,24.5,,Charcuterie_Traiteur,,False,En stock,https://aswakassalam.com/wp-content/uploads/2026/04/1437280-300x300.jpg,aswak_assalam
FILET DE DINDE FUME 80G DAR AL LAHM,14.95,,Charcuterie_Traiteur,,False,En stock,https://aswakassalam.com/wp-content/uploads/2026/04/1452777-300x300.jpg,aswak_assalam
FILET DE DINDE FUME TSV 80G,11.5,,Charcuterie_Traiteur,,False,En stock,https://aswakassalam.com/wp-content/uploads/2026/04/0909610-300x300.jpg,aswak_assalam
FILET DE SAUMON FUME 100G L’ASSIETTE NORDIQUE,49.9,,Charcuterie_Traiteur,,False,En stock,https://aswakassalam.com/wp-content/uploads/2026/04/1234262-300x300.jpg,aswak_assalam
FILETS D’ANCHOIS MARINES A L’AIL ET AU PERSIL 180G LE P’TIT PECHEUR,30.95,,Charcuterie_Traiteur,,False,En stock,https://aswakassalam.com/wp-content/uploads/2026/04/1243694-300x300.jpg,aswak_assalam
FILETS D’ANCHOIS MARINES A L’HUILE VEGETALE 180G LE P’TIT PECHEUR,30.95,,Charcuterie_Traiteur,,False,En stock,https://aswakassalam.com/wp-content/uploads/2026/04/1243696-300x300.jpg,aswak_assalam
FILETS D’ANCHOIS MARINES A L’ORIENTALE 180G LE P’TIT PECHEUR,30.95,,Charcuterie_Traiteur,,False,En stock,https://aswakassalam.com/wp-content/uploads/2026/04/1243697-300x300.jpg,aswak_assalam
FILETS D’ANCHOIS MARINES A LA PROVENCALE 180G LE P’TIT PECHEUR,30.95,,Charcuterie_Traiteur,,False,En stock,https://aswakassalam.com/wp-content/uploads/2026/04/1243673-300x300.jpg,aswak_assalam
FILETS D’ANCHOIS MARINES ROULES AUX OLIVES FARCIES 180G LE P’TIT PECHEUR,35.95,,Charcuterie_Traiteur,,False,En stock,https://aswakassalam.com/wp-content/uploads/2026/04/1243698-300x300.jpg,aswak_assalam
FILETS D’ANCHOIS ROULES AUX OLIVES FARCIES 180G KING GENERATION,35.95,,Charcuterie_Traiteur,,False,En stock,https://aswakassalam.com/wp-content/uploads/2026/04/97507-300x300.jpg,aswak_assalam
FILETS DE SAUMON FUMÉS 100G LES DOMAINES,63.95,,Charcuterie_Traiteur,,False,En stock,https://aswakassalam.com/wp-content/uploads/2026/04/1298753-300x300.jpg,aswak_assalam
HOT DOG 250G DINDY,18.5,,Charcuterie_Traiteur,,False,En stock,https://aswakassalam.com/wp-content/uploads/2026/04/0914785-300x300.jpg,aswak_assalam
HOT DOG DE BOEUF 250G JAYDA,25.95,,Charcuterie_Traiteur,,False,En stock,https://aswakassalam.com/wp-content/uploads/2026/04/1305329-300x300.jpg,aswak_assalam
HOT DOG DE DINDE 250G JAYDA,13.95,,Charcuterie_Traiteur,,False,En stock,https://aswakassalam.com/wp-content/uploads/2026/04/1358823-300x300.jpg,aswak_assalam
HOT DOG POULET 250G DELPACHA,20.5,,Charcuterie_Traiteur,,False,En stock,https://aswakassalam.com/wp-content/uploads/2026/04/1146316-300x300.jpg,aswak_assalam
HOT DOG POULET AU FROMAGE 250G DELPACHA,24.5,,Charcuterie_Traiteur,,False,En stock,https://aswakassalam.com/wp-content/uploads/2026/04/1146335-300x300.jpg,aswak_assalam
JAMBON DE BOEUF FUME 80G JAYDA,16.5,,Charcuterie_Traiteur,,False,En stock,https://aswakassalam.com/wp-content/uploads/2026/04/1305330-300x300.jpg,aswak_assalam
JAMBON DE BUF FUME 80G DAR AL LAHM,18.5,,Charcuterie_Traiteur,,False,En stock,https://aswakassalam.com/wp-content/uploads/2026/04/1452779-300x300.jpg,aswak_assalam
JAMBON DE DINDE AUX FINES HERBES 80G DAR AL LAHM,14.95,,Charcuterie_Traiteur,,False,En stock,https://aswakassalam.com/wp-content/uploads/2026/04/1452778-300x300.jpg,aswak_assalam
JAMBON DE DINDE AUX FINES HERBES 80G DEL PACHA,16.5,,Charcuterie_Traiteur,,False,En stock,https://aswakassalam.com/wp-content/uploads/2026/04/0995990-300x300.jpg,aswak_assalam
JAMBON DE DINDE PAPRIKA 80G DAR AL LAHM,14.95,,Charcuterie_Traiteur,,False,En stock,https://aswakassalam.com/wp-content/uploads/2026/04/1452775-300x300.jpg,aswak_assalam
JAMBON DE DINDE SUPERIEUR 80G DINDY,10.5,,Charcuterie_Traiteur,,False,En stock,https://aswakassalam.com/wp-content/uploads/2026/04/0909611-300x300.jpg,aswak_assalam
JAMBON DE POULET 80G DEL PACHA,17.5,,Charcuterie_Traiteur,,False,En stock,https://aswakassalam.com/wp-content/uploads/2026/04/0913782-300x300.jpg,aswak_assalam
JAMBON DE POULET MARBRE 80G DEL PACHA,17.5,,Charcuterie_Traiteur,,False,En stock,https://aswakassalam.com/wp-content/uploads/2026/04/0913780-300x300.jpg,aswak_assalam
JAMBON DUO DE BOEUF ET POULET 80G DEL PACHA,20.5,,Charcuterie_Traiteur,,False,En stock,https://aswakassalam.com/wp-content/uploads/2026/04/0913777-300x300.jpg,aswak_assalam
KASHER COCKTAIL 600G JAYDA,18.5,,Charcuterie_Traiteur,,False,En stock,https://aswakassalam.com/wp-content/uploads/2026/04/1357414-300x300.jpg,aswak_assalam
KASHER PIQUANT 380G DINDY,18.5,,Charcuterie_Traiteur,,False,En stock,https://aswakassalam.com/wp-content/uploads/2026/04/72724-300x300.jpg,aswak_assalam
KHLIA DE BOEUF 450G JAYDA,60.95,,Charcuterie_Traiteur,,False,En stock,https://aswakassalam.com/wp-content/uploads/2026/04/1355724-300x300.jpg,aswak_assalam
KHLIA TRADITIONNEL 1KG AHL FES,149.95,,Charcuterie_Traiteur,,False,En stock,https://aswakassalam.com/wp-content/uploads/2026/04/180459-300x300.jpg,aswak_assalam
KHLIE LIGHT 1KG AHL FES,165.95,,Charcuterie_Traiteur,,False,En stock,https://aswakassalam.com/wp-content/uploads/2026/04/180461-300x300.jpg,aswak_assalam
KHLIE LIGHT 500G AHL FES,86.95,,Charcuterie_Traiteur,,False,En stock,https://aswakassalam.com/wp-content/uploads/2026/04/180462-300x300.jpg,aswak_assalam
KHLIE TRADITIONNEL 250G AHL FES,45.95,,Charcuterie_Traiteur,,False,En stock,https://aswakassalam.com/wp-content/uploads/2026/04/1117348-300x300.jpg,aswak_assalam
KHLIE TRADITIONNEL 500G AHL FES,79.95,,Charcuterie_Traiteur,,False,En stock,https://aswakassalam.com/wp-content/uploads/2026/04/180460-300x300.jpg,aswak_assalam
LOT DE 2 LUNCHEONS DE DINDE 600G SAHEL (-50% SUR LE 2EME),31.5,,Charcuterie_Traiteur,,False,En stock,https://aswakassalam.com/wp-content/uploads/2026/04/1362965-300x300.jpg,aswak_assalam
LOT DE MORTADELLE 600G + SAUCISSON PIQUANT 600G CAMPUS,33.0,,Charcuterie_Traiteur,,False,En stock,https://aswakassalam.com/wp-content/uploads/2026/04/1392433-300x300.jpg,aswak_assalam
LOT MORTADELLE 600G + KASHER PIQUANT 600G TORO,31.95,,Charcuterie_Traiteur,,False,En stock,https://aswakassalam.com/wp-content/uploads/2026/04/1362062-300x300.jpg,aswak_assalam
LUNCHEON AU BOEUF TRIPACK 3*330G JAYDA,33.5,,Charcuterie_Traiteur,,False,En stock,https://aswakassalam.com/wp-content/uploads/2026/04/1337289-300x300.jpg,aswak_assalam
LUNCHEON DE BOEUF & VOLAILLE  300G DINDY,12.5,,Charcuterie_Traiteur,,False,En stock,https://aswakassalam.com/wp-content/uploads/2026/04/1222613-300x300.jpg,aswak_assalam
LUNCHEON DE BOEUF 600G JAYDA,19.9,,Charcuterie_Traiteur,,False,En stock,https://aswakassalam.com/wp-content/uploads/2026/04/1316093-300x300.jpg,aswak_assalam
LUNCHEON DE BOEUF EN BOYAU 300G JAYDA,10.95,,Charcuterie_Traiteur,,False,En stock,https://aswakassalam.com/wp-content/uploads/2026/04/1233841-300x300.jpg,aswak_assalam
LUNCHEON DE BOEUF EN CONSERVE 300G JAYDA,15.5,,Charcuterie_Traiteur,,False,En stock,https://aswakassalam.com/wp-content/uploads/2026/04/1292498-300x300.jpg,aswak_assalam
LUNCHEON DE BOEUF PACK DUO 2*600G JAYDA,33.9,,Charcuterie_Traiteur,,False,En stock,https://aswakassalam.com/wp-content/uploads/2026/04/1359255-300x300.jpg,aswak_assalam
LUNCHEON DE DINDE 350G SAHEL,13.5,,Charcuterie_Traiteur,,False,En stock,https://aswakassalam.com/wp-content/uploads/2026/04/1332785-300x300.jpg,aswak_assalam
LUNCHEON DE DINDE 600G DINDY,22.5,,Charcuterie_Traiteur,,False,En stock,https://aswakassalam.com/wp-content/uploads/2026/04/1343722-300x300.jpg,aswak_assalam
LUNCHEON DE DINDE 600G SAHEL,22.5,,Charcuterie_Traiteur,,False,En stock,https://aswakassalam.com/wp-content/uploads/2026/04/1332784-300x300.jpg,aswak_assalam
LUNCHEON DE POULET 600G DINDY,23.5,,Charcuterie_Traiteur,,False,En stock,https://aswakassalam.com/wp-content/uploads/2026/04/1369942-300x300.jpg,aswak_assalam
MIETTES DE SAUMON FUME 150G LE P’TIT PECHEUR,56.95,,Charcuterie_Traiteur,,False,En stock,https://aswakassalam.com/wp-content/uploads/2026/04/1243747-300x300.jpg,aswak_assalam
MINI POIVRONS FARCIS AU THON 300G LA MONEGASQUE,49.95,,Charcuterie_Traiteur,,False,En stock,https://aswakassalam.com/wp-content/uploads/2026/04/1397679-300x300.jpg,aswak_assalam
MORTADELLE AUX FINES HERBES 600G SAHEL,22.5,,Charcuterie_Traiteur,,False,En stock,https://aswakassalam.com/wp-content/uploads/2026/04/1332820-300x300.jpg,aswak_assalam
MORTADELLE AUX OLIVES 380G DINDY,17.5,,Charcuterie_Traiteur,,False,En stock,https://aswakassalam.com/wp-content/uploads/2026/04/132147-300x300.jpg,aswak_assalam
MORTADELLE AUX OLIVES 600G SAHEL,22.5,,Charcuterie_Traiteur,,False,En stock,https://aswakassalam.com/wp-content/uploads/2026/04/1332824-300x300.jpg,aswak_assalam
MORTADELLE AUX OLIVES 90G SAHEL,4.5,,Charcuterie_Traiteur,,False,En stock,https://aswakassalam.com/wp-content/uploads/2026/04/1332827-300x300.jpg,aswak_assalam
MORTADELLE DE DINDE 600G SAHEL,22.5,,Charcuterie_Traiteur,,False,En stock,https://aswakassalam.com/wp-content/uploads/2026/04/1332819-300x300.jpg,aswak_assalam
MORTADELLE DE DINDE 90G SAHEL,4.5,,Charcuterie_Traiteur,,False,En stock,https://aswakassalam.com/wp-content/uploads/2026/04/1332831-300x300.jpg,aswak_assalam
MORTADELLE DE DINDE AU FROMAGE 600G DINDY,29.5,,Charcuterie_Traiteur,,False,En stock,https://aswakassalam.com/wp-content/uploads/2026/04/1222617-300x300.jpg,aswak_assalam
MORTADELLE FINES HERBES 380G DINDY,18.5,,Charcuterie_Traiteur,,False,En stock,https://aswakassalam.com/wp-content/uploads/2026/04/125202-300x300.jpg,aswak_assalam
MORTADELLE FROMAGE 380G DINDY,18.5,,Charcuterie_Traiteur,,False,En stock,https://aswakassalam.com/wp-content/uploads/2026/04/0913230-300x300.jpg,aswak_assalam
MORTADELLE NATURE 380G DINDY,17.5,,Charcuterie_Traiteur,,False,En stock,https://aswakassalam.com/wp-content/uploads/2026/04/54808-300x300.jpg,aswak_assalam
MORTADELLE NATURE TORO 600G DINDY,21.5,,Charcuterie_Traiteur,,False,En stock,https://aswakassalam.com/wp-content/uploads/2026/04/1222621-300x300.jpg,aswak_assalam
PACK DE 2 CUISSES DE DINDE FUMEES 80G JAYDA,22.5,,Charcuterie_Traiteur,,False,En stock,https://aswakassalam.com/wp-content/uploads/2026/04/1423322-300x300.jpg,aswak_assalam
PACK DE 2 FILETS DE DINDE FUMES 80G SAHEL (CUISSE DE DINDE 80G GRATUITE),22.5,,Charcuterie_Traiteur,,False,En stock,https://aswakassalam.com/wp-content/uploads/2026/04/1362966-300x300.jpg,aswak_assalam
PACK DUO KASHER DE DINDE NATURE + KASHER MIX COCKTAIL 600G JAYDA,31.95,,Charcuterie_Traiteur,,False,En stock,https://aswakassalam.com/wp-content/uploads/2026/04/1359254-300x300.jpg,aswak_assalam
PACK DUO LUNCHEON BOEUF 300G + MORTADELLE MIX NATURE 300G JAYDA,17.95,,Charcuterie_Traiteur,,False,En stock,https://aswakassalam.com/wp-content/uploads/2026/04/1351282-300x300.jpg,aswak_assalam
PACK DUO LUNCHEON DE BOEUF 600G + KASHER MIX COCKTAIL 600G JAYDA,34.9,,Charcuterie_Traiteur,,False,En stock,https://aswakassalam.com/wp-content/uploads/2026/04/1359256-300x300.jpg,aswak_assalam
PASTRAMI DE BOEUF NATURE 80G DAR AL LAHM,21.95,,Charcuterie_Traiteur,,False,En stock,https://aswakassalam.com/wp-content/uploads/2026/04/1452774-300x300.jpg,aswak_assalam
PATE AU CONFIT DE CANARD 240G F.KABBAJ,45.95,,Charcuterie_Traiteur,,False,En stock,https://aswakassalam.com/wp-content/uploads/2026/04/1226955-300x300.jpg,aswak_assalam
PEPPERONI DE BOEUF CUIT ET FUME 80G DAR AL LAHM,24.95,,Charcuterie_Traiteur,,False,En stock,https://aswakassalam.com/wp-content/uploads/2026/04/1452782-300x300.jpg,aswak_assalam
ROULADE DE DINDE 600G JAYDA,17.95,,Charcuterie_Traiteur,,False,En stock,https://aswakassalam.com/wp-content/uploads/2026/04/1358825-300x300.jpg,aswak_assalam
SALAMI 380G DINDY,26.5,,Charcuterie_Traiteur,,False,En stock,https://aswakassalam.com/wp-content/uploads/2026/04/125200-300x300.jpg,aswak_assalam
SALAMI DE BOEUF 80G DEL PACHA,20.5,,Charcuterie_Traiteur,,False,En stock,https://aswakassalam.com/wp-content/uploads/2026/04/170205-300x300.jpg,aswak_assalam
SALAMI DE BOEUF 80G DINDY,11.5,,Charcuterie_Traiteur,,False,En stock,https://aswakassalam.com/wp-content/uploads/2026/04/1298774-300x300.jpg,aswak_assalam
SALAMI DE BOEUF 80G JAYDA,14.5,,Charcuterie_Traiteur,,False,En stock,https://aswakassalam.com/wp-content/uploads/2026/04/1300334-300x300.jpg,aswak_assalam
SALAMI DE BOEUF NATURE 80G DAR AL LAHM,17.95,,Charcuterie_Traiteur,,False,En stock,https://aswakassalam.com/wp-content/uploads/2026/04/1452781-300x300.jpg,aswak_assalam
Fromage blanc à tartiner 900g – LE BERGER,59.95,,Cremerie,,False,En stock,https://aswakassalam.com/wp-content/uploads/2025/11/1-300x300.jpg.webp,aswak_assalam
Lot de 2 fromage frais à tartiner Jben 160g – JIBAL,17.95,,Cremerie,,False,En stock,https://aswakassalam.com/wp-content/uploads/2025/10/4-300x300.jpg.webp,aswak_assalam
4 FROMAGES RAPES 175G OR BLANC,22.3,,Cremerie,,False,En stock,https://aswakassalam.com/wp-content/uploads/2026/04/1401673-300x300.jpg,aswak_assalam
BEURRE 1 KG CENTRALE,112.3,,Cremerie,,False,En stock,https://aswakassalam.com/wp-content/uploads/2026/04/1237733-300x300.jpg,aswak_assalam
BEURRE 1KG JAOUDA,99.95,,Cremerie,,False,En stock,https://aswakassalam.com/wp-content/uploads/2026/04/1162593-300x300.jpg,aswak_assalam
BEURRE 200G BADAOUIA,29.95,,Cremerie,,False,En stock,https://aswakassalam.com/wp-content/uploads/2026/04/115517-300x300.jpg,aswak_assalam
BEURRE 200G DEMI SEL PRESIDENT,53.9,,Cremerie,,False,En stock,https://aswakassalam.com/wp-content/uploads/2026/04/58465-300x300.jpg,aswak_assalam
BEURRE ALLEGE 250G BADAOUIA,45.95,,Cremerie,,False,En stock,https://aswakassalam.com/wp-content/uploads/2026/04/170569-300x300.jpg,aswak_assalam
BEURRE COUPELLE  8*10G FILET PRESIDENT,18.95,,Cremerie,,False,En stock,https://aswakassalam.com/wp-content/uploads/2026/04/1259705-300x300.jpg,aswak_assalam
BEURRE DEMI SEL 200G ELLE&VIRE,59.95,,Cremerie,,False,En stock,https://aswakassalam.com/wp-content/uploads/2026/04/127707-300x300.jpg,aswak_assalam
BEURRE DOUX 200G OR BLANC,30.95,,Cremerie,,False,En stock,https://aswakassalam.com/wp-content/uploads/2026/04/1214993-300x300.jpg,aswak_assalam
BEURRE DOUX MARQUIS 200G ELLE&VIRE,22.5,,Cremerie,,False,En stock,https://aswakassalam.com/wp-content/uploads/2026/04/1180593-300x300.jpg,aswak_assalam
BEURRE FERMIER MOUMTEZ 1KG COLAIMO,82.5,,Cremerie,,False,En stock,https://aswakassalam.com/wp-content/uploads/2026/04/1173293-300x300.jpg,aswak_assalam
BEURRE FERMIER MOUMTEZ 250G COLAIMO,20.95,,Cremerie,,False,En stock,https://aswakassalam.com/wp-content/uploads/2026/04/180174-300x300.jpg,aswak_assalam
BEURRE FERMIER MOUMTEZ 500G COLAIMO,44.95,,Cremerie,,False,En stock,https://aswakassalam.com/wp-content/uploads/2026/04/180176-300x300.jpg,aswak_assalam
BEURRE FRAIS PASTEURISE 200 G JAOUDA,20.95,,Cremerie,,False,En stock,https://aswakassalam.com/wp-content/uploads/2026/04/1279414-300x300.jpg,aswak_assalam
BEURRE LA MOTTE AUX CRISTAUX DE SEL 250G PRESIDENT,71.95,,Cremerie,,False,En stock,https://aswakassalam.com/wp-content/uploads/2026/04/1259704-300x300.jpg,aswak_assalam
BEURRE LA MOTTE DEMI-SEL 250G PRESIDENT,71.95,,Cremerie,,False,En stock,https://aswakassalam.com/wp-content/uploads/2026/04/71305-300x300.jpg,aswak_assalam
BEURRE LA MOTTE DOUX 250G PRESIDENT,71.95,,Cremerie,,False,En stock,https://aswakassalam.com/wp-content/uploads/2026/04/71306-300x300.jpg,aswak_assalam
BEURRE LEGER DOUX 250G PRESIDENT,47.5,,Cremerie,,False,En stock,https://aswakassalam.com/wp-content/uploads/2026/04/58468-300x300.jpg,aswak_assalam
BEURRE MARQUIS DEMI SEL 200G ELLE&VIRE,22.5,,Cremerie,,False,En stock,https://aswakassalam.com/wp-content/uploads/2026/04/1210748-300x300.jpg,aswak_assalam
BEURRE PASTEURISE 500G BADAOUIRA,72.95,,Cremerie,,False,En stock,https://aswakassalam.com/wp-content/uploads/2026/04/140965-300x300.jpg,aswak_assalam
BEURRE PASTEURISE 500G JAOUDA,52.95,,Cremerie,,False,En stock,https://aswakassalam.com/wp-content/uploads/2026/04/69825-300x300.jpg,aswak_assalam
BEURRE PASTEURISE 82% MG 200G JIBAL,22.95,,Cremerie,,False,En stock,https://aswakassalam.com/wp-content/uploads/2026/04/1439610-300x300.jpg,aswak_assalam
BEURRE PLAQUETTE 200G LURPAK,38.5,,Cremerie,,False,En stock,https://aswakassalam.com/wp-content/uploads/2026/04/1317884-300x300.jpg,aswak_assalam
BEURRE PLAQUETTE 400G LURPAK,72.95,,Cremerie,,False,En stock,https://aswakassalam.com/wp-content/uploads/2026/04/1317885-300x300.jpg,aswak_assalam
BEURRE PURE 200G NEW ZEALAND,29.95,,Cremerie,,False,En stock,https://aswakassalam.com/wp-content/uploads/2026/04/1328282-300x300.jpg,aswak_assalam
BOISSON AU SOJA ET CHOCOLAT 1L SOJASUN,39.95,,Cremerie,,False,En stock,https://aswakassalam.com/wp-content/uploads/2026/04/1187166-300x300.jpg,aswak_assalam
BOISSON AU SOJA NATURE 1L SOJASUN,35.95,,Cremerie,,False,En stock,https://aswakassalam.com/wp-content/uploads/2026/04/1187169-300x300.jpg,aswak_assalam
BOISSON AU SOJA VANILLE 1L SOJASUN,39.95,,Cremerie,,False,En stock,https://aswakassalam.com/wp-content/uploads/2026/04/1187167-300x300.jpg,aswak_assalam
BOISSON DE RIZ AU CACAO BIO SANS GLUTEN 1L  SCOTTI,25.5,,Cremerie,,False,En stock,https://aswakassalam.com/wp-content/uploads/2026/04/1249793-300x300.jpg,aswak_assalam
BOISSON DE RIZ BIO SANS GLUTEN 1L SCOTTI,24.5,,Cremerie,,False,En stock,https://aswakassalam.com/wp-content/uploads/2026/04/1249799-300x300.jpg,aswak_assalam
CAMEMBERT 240G 8 PORTIONS PRESIDENT,88.5,,Cremerie,,False,En stock,https://aswakassalam.com/wp-content/uploads/2026/04/127816-300x300.jpg,aswak_assalam
CAMEMBERT 240G LE BON MOINE,52.5,,Cremerie,,False,En stock,https://aswakassalam.com/wp-content/uploads/2026/04/127815-300x300.jpg,aswak_assalam
CAMEMBERT 250G ILE DE FRANCE,53.5,,Cremerie,,False,En stock,https://aswakassalam.com/wp-content/uploads/2026/04/127736-300x300.jpg,aswak_assalam
CREME CHANTILLY LEGERE 250G ELLE & VIRE,49.9,,Cremerie,,False,En stock,https://aswakassalam.com/wp-content/uploads/2026/04/1198633-300x300.jpg,aswak_assalam
CREME CUISSON 500ML PRESIDENT,34.5,,Cremerie,,False,En stock,https://aswakassalam.com/wp-content/uploads/2026/04/1299313-300x300.jpg,aswak_assalam
CREME CUISSON 50CL ELLE&VIRE,47.9,,Cremerie,,False,En stock,https://aswakassalam.com/wp-content/uploads/2026/04/1300273-300x300.jpg,aswak_assalam
CREME CUISSON LEGERE 18% MG 1L JAOUDA,44.95,,Cremerie,,False,En stock,https://aswakassalam.com/wp-content/uploads/2026/04/1406495-300x300.jpg,aswak_assalam
CREME DE CUISSON 200ML HALTA,12.5,,Cremerie,,False,En stock,https://aswakassalam.com/wp-content/uploads/2026/04/1321762-300x300.jpg,aswak_assalam
CREME DE CUISSON 200ML PUCK,16.95,,Cremerie,,False,En stock,https://aswakassalam.com/wp-content/uploads/2026/04/1297905-300x300.jpg,aswak_assalam
CREME DE CUISSON LEGERE 18% M.G 200ML JAOUDA,12.95,,Cremerie,,False,En stock,https://aswakassalam.com/wp-content/uploads/2026/04/1406496-300x300.jpg,aswak_assalam
CREME DESSERT AU CHOCOLAT 4*125G REINA,24.5,,Cremerie,,False,En stock,https://aswakassalam.com/wp-content/uploads/2026/04/1339523-300x300.jpg,aswak_assalam
CREME DESSERT AVEC BISCUIT 4*125G PACK REINA,26.95,,Cremerie,,False,En stock,https://aswakassalam.com/wp-content/uploads/2026/04/1339502-300x300.jpg,aswak_assalam
CREME DESSERT CARAMEL100G ELLE&VIRE,8.95,,Cremerie,,False,En stock,https://aswakassalam.com/wp-content/uploads/2026/04/127712-300x300.jpg,aswak_assalam
CREME DESSERT CATALANE 2*103G PACK REINA,26.5,,Cremerie,,False,En stock,https://aswakassalam.com/wp-content/uploads/2026/04/1339530-300x300.jpg,aswak_assalam
CREME DESSERT CHOCOLAT 100G ELLE&VIRE,8.95,,Cremerie,,False,En stock,https://aswakassalam.com/wp-content/uploads/2026/04/100682-300x300.jpg,aswak_assalam
CREME DESSERT DANETTE CARAMEL 12*80G PACK DANONE,29.95,,Cremerie,,False,En stock,https://aswakassalam.com/wp-content/uploads/2026/04/1351384-300x300.jpg,aswak_assalam
CREME DESSERT DANETTE FLAN 12*80G PACK DANONE,29.95,,Cremerie,,False,En stock,https://aswakassalam.com/wp-content/uploads/2026/04/1213335-300x300.jpg,aswak_assalam
CREME DESSERT VANILLE 100G ELLE&VIRE,8.95,,Cremerie,,False,En stock,https://aswakassalam.com/wp-content/uploads/2026/04/100692-300x300.jpg,aswak_assalam
CREME DESSERT VANILLE 4*125G PACK REINA,24.5,,Cremerie,,False,En stock,https://aswakassalam.com/wp-content/uploads/2026/04/1339524-300x300.jpg,aswak_assalam
CREME ENTIERE 250G BOMBE ELLE&VIRE,58.95,,Cremerie,,False,En stock,https://aswakassalam.com/wp-content/uploads/2026/04/1198634-300x300.jpg,aswak_assalam
CREME FRAICHE 200G CHERGUI,12.95,,Cremerie,,False,En stock,https://aswakassalam.com/wp-content/uploads/2026/04/108542-300x300.jpg,aswak_assalam
CREME FRAICHE 200ML LE BERGER,10.9,,Cremerie,,False,En stock,https://aswakassalam.com/wp-content/uploads/2026/04/172564-300x300.jpg,aswak_assalam
CREME FRAICHE EPAISSE 20CL GRAN COEUR,16.5,,Cremerie,,False,En stock,https://aswakassalam.com/wp-content/uploads/2026/04/1367206-300x300.jpg,aswak_assalam
CREME FRAICHE LEGERE 200ML LE BERGER,11.2,,Cremerie,,False,En stock,https://aswakassalam.com/wp-content/uploads/2026/04/172565-300x300.jpg,aswak_assalam
CREME FRAICHE PRESIDENT 20CL,22.95,,Cremerie,,False,En stock,https://aswakassalam.com/wp-content/uploads/2026/04/62288-300x300.jpg,aswak_assalam
CREME LIQUIDE 1L PRESIDENT,79.95,,Cremerie,,False,En stock,https://aswakassalam.com/wp-content/uploads/2026/04/46477-300x300.jpg,aswak_assalam
CREME LIQUIDE POUR CUISSON & DESSERT 1L HOPLA,45.5,,Cremerie,,False,En stock,https://aswakassalam.com/wp-content/uploads/2026/04/1368175-300x300.jpg,aswak_assalam
"CREME LIQUIDE POUR CUISSON & PATISSERIE 35,2% MG 1L PAYSAN BRETON",79.2,,Cremerie,,False,En stock,https://aswakassalam.com/wp-content/uploads/2026/04/1181973-300x300.jpg,aswak_assalam
CREME LIQUIDE POUR DESSERT 35% MG 1L ELLE &VIRE,85.95,,Cremerie,,False,En stock,https://aswakassalam.com/wp-content/uploads/2026/04/100659-300x300.jpg,aswak_assalam
CREME LIQUIDE SUCREE  POUR CHANTILLY 1L FARHA SOCRECH,36.5,,Cremerie,,False,En stock,https://aswakassalam.com/wp-content/uploads/2026/04/1291726-300x300.jpg,aswak_assalam
CREME PATISSIERE 200ML HALTA,12.9,,Cremerie,,False,En stock,https://aswakassalam.com/wp-content/uploads/2026/04/1303073-300x300.jpg,aswak_assalam
CREME UHT DE CUISSON LEGERE  500ML JAOUDA,19.95,,Cremerie,,False,En stock,https://aswakassalam.com/wp-content/uploads/2026/04/1348231-300x300.jpg,aswak_assalam
CREME UHT LEGERE POUR LIAISON ET CUISSON 1L PRESIDENT,73.95,,Cremerie,,False,En stock,https://aswakassalam.com/wp-content/uploads/2026/04/1199033-300x300.jpg,aswak_assalam
CREME UHT SPECIAL CUISSON 1L  ELLE&VIRE,85.95,,Cremerie,,False,En stock,https://aswakassalam.com/wp-content/uploads/2026/04/100661-300x300.jpg,aswak_assalam
CREME VEGETALE DE CUISSON 1L HALTA,47.9,,Cremerie,,False,En stock,https://aswakassalam.com/wp-content/uploads/2026/04/1354603-300x300.jpg,aswak_assalam
CREME VEGETALE DE CUISSON 1L LIOLA,47.9,,Cremerie,,False,En stock,https://aswakassalam.com/wp-content/uploads/2026/04/1178674-300x300.jpg,aswak_assalam
CREME VEGETALE PATISSIERE 1L HALTA,47.9,,Cremerie,,False,En stock,https://aswakassalam.com/wp-content/uploads/2026/04/1354604-300x300.jpg,aswak_assalam
DAN’UP VANILLE 8 *170G PACK DANONE,27.95,,Cremerie,,False,En stock,https://aswakassalam.com/wp-content/uploads/2026/04/1105268-300x300.jpg,aswak_assalam
DANETTE CREME DESSERT CHOCOLAT 12*80G,29.95,,Cremerie,,False,En stock,https://aswakassalam.com/wp-content/uploads/2026/04/1213336-300x300.jpg,aswak_assalam
DANINO FRAISE 8*80G PACK DANONE,23.95,,Cremerie,,False,En stock,https://aswakassalam.com/wp-content/uploads/2026/04/0901989-300x300.jpg,aswak_assalam
DAYA ANANAS-COCO 330ML CHERGUI,5.95,,Cremerie,,False,En stock,https://aswakassalam.com/wp-content/uploads/2026/04/1257653-300x300.jpg,aswak_assalam
DAYA ANANAS-COCO 900ML CHERGUI,13.95,,Cremerie,,False,En stock,https://aswakassalam.com/wp-content/uploads/2026/04/1257673-300x300.jpg,aswak_assalam
DAYA AVOCAT 330G CHERGUI,5.95,,Cremerie,,False,En stock,https://aswakassalam.com/wp-content/uploads/2026/04/0974538-300x300.jpg,aswak_assalam
DAYA FRAISE 330G CHERGUI,5.95,,Cremerie,,False,En stock,https://aswakassalam.com/wp-content/uploads/2026/04/0974536-300x300.jpg,aswak_assalam
DAYA VANILLE 330G CHERGUI,5.95,,Cremerie,,False,En stock,https://aswakassalam.com/wp-content/uploads/2026/04/0974539-300x300.jpg,aswak_assalam
DESSERT ALLEGE FRAISE 125G ELLE&VIRE,9.95,,Cremerie,,False,En stock,https://aswakassalam.com/wp-content/uploads/2026/04/100350-300x300.jpg,aswak_assalam
DESSERT DELICIMO STRACCIATELLA 140G JAOUDA,4.95,,Cremerie,,False,En stock,https://aswakassalam.com/wp-content/uploads/2026/04/1350762-300x300.jpg,aswak_assalam
DESSERT DELICIMO STRACCIATELLA 90G JAOUDA,2.95,,Cremerie,,False,En stock,https://aswakassalam.com/wp-content/uploads/2026/04/1454125-300x300.jpg,aswak_assalam
DESSERT DELICIMO TARTE AU CITRON 140G JAOUDA,4.95,,Cremerie,,False,En stock,https://aswakassalam.com/wp-content/uploads/2026/04/1350763-300x300.jpg,aswak_assalam
DESSERT FRUITS DES BOIS 125G ELLE&VIRE,9.95,,Cremerie,,False,En stock,https://aswakassalam.com/wp-content/uploads/2026/04/100686-300x300.jpg,aswak_assalam
DESSERT LACTE MON GREG CITRON 125G ELLE&VIRE,14.5,,Cremerie,,False,En stock,https://aswakassalam.com/wp-content/uploads/2026/04/1445052-300x300.jpg,aswak_assalam
DESSERT LACTE MON GREG MYRTILLE 125G ELLE&VIRE,14.5,,Cremerie,,False,En stock,https://aswakassalam.com/wp-content/uploads/2026/04/1445051-300x300.jpg,aswak_assalam
Boîte de maïs 340g – JANIS,12.5,,Epicerie,JANIS,False,En stock,https://aswakassalam.com/wp-content/uploads/2026/04/3-300x300.jpg.webp,aswak_assalam
Cornichons légèrement surcrés 180g – KÜHNE,41.5,,Epicerie,,False,En stock,https://aswakassalam.com/wp-content/uploads/2025/12/2-300x300.jpg.webp,aswak_assalam
Farine fleur 10kg – KENZ,55.95,,Epicerie,KENZ,False,En stock,https://aswakassalam.com/wp-content/uploads/2025/02/2-300x300.jpg.webp,aswak_assalam
Farine pain Beldi 5kg + farine de luxe 1kg – LUXOR,36.2,,Epicerie,LUXOR,False,En stock,https://aswakassalam.com/wp-content/uploads/2026/02/2-300x300.jpg.webp,aswak_assalam
Huile d’olive vierge 1L  – CAMPO SUR,59.95,,Epicerie,CAMPO,False,En stock,https://aswakassalam.com/wp-content/uploads/2025/11/2-300x300.jpg.webp,aswak_assalam
Lentilles 1kg – JANIS,12.95,,Epicerie,JANIS,False,En stock,https://aswakassalam.com/wp-content/uploads/2026/01/2-300x300.jpg.webp,aswak_assalam
Lot 3 boîtes de champignons en morceaux 185g – JANIS,29.95,,Epicerie,JANIS,False,En stock,https://aswakassalam.com/wp-content/uploads/2025/11/4-300x300.jpg.webp,aswak_assalam
Lot de 3 Boîtes de maïs 140g – JANIS,28.95,,Epicerie,JANIS,False,En stock,https://aswakassalam.com/wp-content/uploads/2025/10/1-300x300.jpg.webp,aswak_assalam
Lot de 3 boîtes de thon 80g – JANIS,24.5,,Epicerie,JANIS,False,En stock,https://aswakassalam.com/wp-content/uploads/2026/04/4-300x300.jpg.webp,aswak_assalam
Lot de 3 boites de thon 80g sauce tomate ou huile de tournesol  – JANIS,24.95,,Epicerie,JANIS,False,En stock,https://aswakassalam.com/wp-content/uploads/2026/02/4-300x300.jpg.webp,aswak_assalam
Lot de 3 couscous calibre moyen 500g DALIA,16.2,,Epicerie,,False,En stock,https://aswakassalam.com/wp-content/uploads/2022/09/4.jpg-300x300.png.webp,aswak_assalam
Lot de 3 spaghettis 500g  – JANIS,21.6,,Epicerie,JANIS,False,En stock,https://aswakassalam.com/wp-content/uploads/2025/10/2-300x300.jpg.webp,aswak_assalam
Semoule fine blé dur 5Kg – MOONY,52.95,,Epicerie,,False,En stock,https://aswakassalam.com/wp-content/uploads/2026/01/1-300x300.jpg.webp,aswak_assalam
ABRICOT SEC 500G ONCLE SAM,118.6,,Epicerie,,False,En stock,https://aswakassalam.com/wp-content/uploads/2026/04/179064-300x300.jpg,aswak_assalam
AIL SEMOULE 100G GAYA,22.95,,Epicerie,,False,En stock,https://aswakassalam.com/wp-content/uploads/2026/04/1392405-300x300.jpg,aswak_assalam
AIL SEMOULE 215G HARMONY,83.9,,Epicerie,,False,En stock,https://aswakassalam.com/wp-content/uploads/2026/04/1356362-300x300.jpg,aswak_assalam
AIL SEMOULE 300G GAYA,61.2,,Epicerie,,False,En stock,https://aswakassalam.com/wp-content/uploads/2026/04/1198134-300x300.jpg,aswak_assalam
AIL SEMOULE 60G DUCROS,22.1,,Epicerie,,False,En stock,https://aswakassalam.com/wp-content/uploads/2026/04/137689-300x300.jpg,aswak_assalam
AIL SEMOULE 60G HARMONY,18.95,,Epicerie,,False,En stock,https://aswakassalam.com/wp-content/uploads/2026/04/1260261-300x300.jpg,aswak_assalam
ALGUES GRILLEES NORI 10 FEUILLES JESSY’S,34.95,,Epicerie,,False,En stock,https://aswakassalam.com/wp-content/uploads/2026/04/1223453-300x300.jpg,aswak_assalam
AMANDE RIFFI 900G ONCLE SAM,146.95,,Epicerie,,False,En stock,https://aswakassalam.com/wp-content/uploads/2026/04/26118-300x300.jpg,aswak_assalam
AMANDES 250G ONCLE SAM,43.5,,Epicerie,,False,En stock,https://aswakassalam.com/wp-content/uploads/2026/04/78621-300x300.jpg,aswak_assalam
AMANDES RIFFI 200G ROSANA,33.5,,Epicerie,,False,En stock,https://aswakassalam.com/wp-content/uploads/2026/04/106432-300x300.jpg,aswak_assalam
ANCHOIS A L’HUILE D’OLIVE EXTRA VIERGE 100G CONNETABLE,27.9,,Epicerie,,False,En stock,https://aswakassalam.com/wp-content/uploads/2026/04/1245238-300x300.jpg,aswak_assalam
ANGEL HAIR N°1 500G BARILLA,31.95,,Epicerie,,False,En stock,https://aswakassalam.com/wp-content/uploads/2026/04/79039-300x300.jpg,aswak_assalam
ASSAISONEMENT KEFTA 35G JAVANA,16.95,,Epicerie,,False,En stock,https://aswakassalam.com/wp-content/uploads/2026/04/1026601-300x300.jpg,aswak_assalam
ASSAISONEMENT POULET AIL ORIGAN 35G IDEAL,10.9,,Epicerie,,False,En stock,https://aswakassalam.com/wp-content/uploads/2026/04/1240594-300x300.jpg,aswak_assalam
ASSAISONEMENT POULET EPICE GOUT BARBECUE 52G IDEAL,10.9,,Epicerie,,False,En stock,https://aswakassalam.com/wp-content/uploads/2026/04/1240595-300x300.jpg,aswak_assalam
ASSAISONEMENT POULET EPICES GOUT GRILLADE 32G IDEAL,10.9,,Epicerie,,False,En stock,https://aswakassalam.com/wp-content/uploads/2026/04/1240593-300x300.jpg,aswak_assalam
ASSAISONNEMENT CHAWARMA POULET 30G JAVANA,16.95,,Epicerie,,False,En stock,https://aswakassalam.com/wp-content/uploads/2026/04/1026582-300x300.jpg,aswak_assalam
ASSAISONNEMENT GRILLADE 40G JAVANA,12.2,,Epicerie,,False,En stock,https://aswakassalam.com/wp-content/uploads/2026/04/1026581-300x300.jpg,aswak_assalam
BABA GHANNOUGE PRET A MANGER 385G AL WADI,46.95,,Epicerie,,False,En stock,https://aswakassalam.com/wp-content/uploads/2026/04/1241013-300x300.jpg,aswak_assalam
BASILIC 12G HARMONY,11.2,,Epicerie,,False,En stock,https://aswakassalam.com/wp-content/uploads/2026/04/1260268-300x300.jpg,aswak_assalam
BICARBONATE DE SOUDE 250G DUCROS,32.2,,Epicerie,,False,En stock,https://aswakassalam.com/wp-content/uploads/2026/04/1239822-300x300.jpg,aswak_assalam
BLE 10 MIN CUISSON 500G EBLY,34.5,,Epicerie,,False,En stock,https://aswakassalam.com/wp-content/uploads/2026/04/72310-300x300.jpg,aswak_assalam
BLE DUR PRECUIT 1KG EBLY,64.5,,Epicerie,,False,En stock,https://aswakassalam.com/wp-content/uploads/2026/04/72312-300x300.jpg,aswak_assalam
BLE DUR PRECUIT 500G AMGALITA,28.2,,Epicerie,,False,En stock,https://aswakassalam.com/wp-content/uploads/2026/04/1232755-300x300.jpg,aswak_assalam
BLE TENDRES PERLES BOITE 2 SACHETS*175G TIPIAK,43.3,,Epicerie,,False,En stock,https://aswakassalam.com/wp-content/uploads/2026/04/1245221-300x300.jpg,aswak_assalam
BOUILLON 3EN1 AU SAFRAN PUR 8 CUBES IDEAL,10.5,,Epicerie,,False,En stock,https://aswakassalam.com/wp-content/uploads/2026/04/173090-300x300.jpg,aswak_assalam
BOUILLON ALLEGE EN SEL 8 CUBES IDEAL,6.95,,Epicerie,,False,En stock,https://aswakassalam.com/wp-content/uploads/2026/04/163866-300x300.jpg,aswak_assalam
BOUILLON BOEUF 12L KNORR,22.3,,Epicerie,,False,En stock,https://aswakassalam.com/wp-content/uploads/2026/04/28060-300x300.jpg,aswak_assalam
BOUILLON BOEUF 24 CUBES IDEAL,20.95,,Epicerie,,False,En stock,https://aswakassalam.com/wp-content/uploads/2026/04/145409-300x300.jpg,aswak_assalam
BOUILLON BOEUF 6 CUBES + 2 GRATUITS KNORR,5.95,,Epicerie,,False,En stock,https://aswakassalam.com/wp-content/uploads/2026/04/179545-300x300.jpg,aswak_assalam
BOUILLON BUF 8 CUBES KNORR ( 7 ACHETES = 1 GRATUIT ),7.5,,Epicerie,,False,En stock,https://aswakassalam.com/wp-content/uploads/2026/04/1241776-300x300.jpg,aswak_assalam
BOUILLON DAMTI BOEUF 8 CUBES IDEAL,6.95,,Epicerie,,False,En stock,https://aswakassalam.com/wp-content/uploads/2026/04/33976-300x300.jpg,aswak_assalam
BOUILLON DAMTI SMEN 8 CUBES IDEAL,6.95,,Epicerie,,False,En stock,https://aswakassalam.com/wp-content/uploads/2026/04/163864-300x300.jpg,aswak_assalam
BOUILLON MOUTON 12L KNORR,22.3,,Epicerie,,False,En stock,https://aswakassalam.com/wp-content/uploads/2026/04/31583-300x300.jpg,aswak_assalam
BOUILLON MOUTON 24 CUBES IDEAL,20.95,,Epicerie,,False,En stock,https://aswakassalam.com/wp-content/uploads/2026/04/145410-300x300.jpg,aswak_assalam
BOUILLON MOUTON 4L KNORR,7.4,,Epicerie,,False,En stock,https://aswakassalam.com/wp-content/uploads/2026/04/12397-300x300.jpg,aswak_assalam
BOUILLON MOUTON BIO 4L IDEAL,6.95,,Epicerie,,False,En stock,https://aswakassalam.com/wp-content/uploads/2026/04/33977-300x300.jpg,aswak_assalam
BOUILLON PATES 8 CUBES IDEAL,6.95,,Epicerie,,False,En stock,https://aswakassalam.com/wp-content/uploads/2026/04/0959305-300x300.jpg,aswak_assalam
BOUILLON PETIT CUBE CELERIE 10 CUBES 40G DAMTI IDEAL,3.7,,Epicerie,,False,En stock,https://aswakassalam.com/wp-content/uploads/2026/04/173093-300x300.jpg,aswak_assalam
BOUILLON POISSON 4L KNORR,7.4,,Epicerie,,False,En stock,https://aswakassalam.com/wp-content/uploads/2026/04/28055-300x300.jpg,aswak_assalam
BOUILLON POISSON 8 CUBES IDEAL,6.95,,Epicerie,,False,En stock,https://aswakassalam.com/wp-content/uploads/2026/04/73057-300x300.jpg,aswak_assalam
BOUILLON POULET 12L KNORR,22.3,,Epicerie,,False,En stock,https://aswakassalam.com/wp-content/uploads/2026/04/28061-300x300.jpg,aswak_assalam
BOUILLON POULET 24 CUBES IDEAL,20.95,,Epicerie,,False,En stock,https://aswakassalam.com/wp-content/uploads/2026/04/145411-300x300.jpg,aswak_assalam
BOUILLON POULET 4L 8 CUBES KNORR,7.4,,Epicerie,,False,En stock,https://aswakassalam.com/wp-content/uploads/2026/04/12394-300x300.jpg,aswak_assalam
BOUILLON POULET BIO 4L IDEAL,6.95,,Epicerie,,False,En stock,https://aswakassalam.com/wp-content/uploads/2026/04/33978-300x300.jpg,aswak_assalam
BOUILLON SMEN 24 CUBES IDEAL,20.95,,Epicerie,,False,En stock,https://aswakassalam.com/wp-content/uploads/2026/04/0983276-300x300.jpg,aswak_assalam
BOUILLON SPECIAL HARIRA 8 CUBES IDEAL,7.5,,Epicerie,,False,En stock,https://aswakassalam.com/wp-content/uploads/2026/04/0937020-300x300.jpg,aswak_assalam
BOUILON BOEUF 4L KNORR,7.4,,Epicerie,,False,En stock,https://aswakassalam.com/wp-content/uploads/2026/04/31576-300x300.jpg,aswak_assalam
BOULGOUR 500G TIPIAK,46.9,,Epicerie,,False,En stock,https://aswakassalam.com/wp-content/uploads/2026/04/1245223-300x300.jpg,aswak_assalam
BOUQUET GARNI 18G DUCROS,20.1,,Epicerie,,False,En stock,https://aswakassalam.com/wp-content/uploads/2026/04/137690-300x300.jpg,aswak_assalam
CALAMARS A L’HUILE VEGETALE 115G VIGILANTE,36.2,,Epicerie,,False,En stock,https://aswakassalam.com/wp-content/uploads/2026/04/102473-300x300.jpg,aswak_assalam
CALAMARS A LA SAUCE AMERICAINE 80G VIGILANTE,24.5,,Epicerie,,False,En stock,https://aswakassalam.com/wp-content/uploads/2026/04/1263994-300x300.jpg,aswak_assalam
CANNELLE MOULUE 100G ROSANA,12.95,,Epicerie,,False,En stock,https://aswakassalam.com/wp-content/uploads/2026/04/106282-300x300.jpg,aswak_assalam
CANNELLONI 250G GRANORO,26.6,,Epicerie,,False,En stock,https://aswakassalam.com/wp-content/uploads/2026/04/169961-300x300.jpg,aswak_assalam
CAPELLI D’ANGELO SANS GLUTEN 250G SCHAR,34.95,,Epicerie,,False,En stock,https://aswakassalam.com/wp-content/uploads/2026/04/1320796-300x300.jpg,aswak_assalam
CHAMPIGNON 400G JANIS,14.95,,Epicerie,JANIS,False,En stock,https://aswakassalam.com/wp-content/uploads/2026/04/1238373-300x300.jpg,aswak_assalam
CHAMPIGNON COUPE 400G JESSY’S,18.8,,Epicerie,,False,En stock,https://aswakassalam.com/wp-content/uploads/2026/04/23464-300x300.jpg,aswak_assalam
CHAMPIGNON EN MORCEAUX 3*185G JANIS,29.95,,Epicerie,JANIS,False,En stock,https://aswakassalam.com/wp-content/uploads/2026/04/1448334-300x300.jpg,aswak_assalam
CHAMPIGNONS COUPES 3*130G EXOTICO,25.4,,Epicerie,,False,En stock,https://aswakassalam.com/wp-content/uploads/2026/04/1356392-300x300.jpg,aswak_assalam
CHAMPIGNONS COUPES 3*184G BONHEUR,31.95,,Epicerie,,False,En stock,https://aswakassalam.com/wp-content/uploads/2026/04/1173913-300x300.jpg,aswak_assalam
CHAMPIGNONS COUPES 3*184G KHAYRAT,32.5,,Epicerie,,False,En stock,https://aswakassalam.com/wp-content/uploads/2026/04/1196961-300x300.jpg,aswak_assalam
CHAMPIGNONS COUPES 3*184G TAMIMA,36.95,,Epicerie,,False,En stock,https://aswakassalam.com/wp-content/uploads/2026/04/1360542-300x300.jpg,aswak_assalam
CHAMPIGNONS COUPES 370G BONHEUR,16.5,,Epicerie,,False,En stock,https://aswakassalam.com/wp-content/uploads/2026/04/1173914-300x300.jpg,aswak_assalam
CHAMPIGNONS COUPES 400G CARLE,17.2,,Epicerie,,False,En stock,https://aswakassalam.com/wp-content/uploads/2026/04/156922-300x300.jpg,aswak_assalam
CHAMPIGNONS COUPES 400G MIDO,19.5,,Epicerie,,False,En stock,https://aswakassalam.com/wp-content/uploads/2026/04/59832-300x300.jpg,aswak_assalam
CHAMPIGNONS COUPES 800G MIDO,37.5,,Epicerie,,False,En stock,https://aswakassalam.com/wp-content/uploads/2026/04/32425-300x300.jpg,aswak_assalam
CHAMPIGNONS DE PARIS ENTIERS 3*200G BONDUELLE,39.95,,Epicerie,,False,En stock,https://aswakassalam.com/wp-content/uploads/2026/04/1170781-300x300.jpg,aswak_assalam
CHAMPIGNONS DE PARIS PIEDS ET MORCEAUX 195G TAMIMA,12.8,,Epicerie,,False,En stock,https://aswakassalam.com/wp-content/uploads/2026/04/1360522-300x300.jpg,aswak_assalam
CHAMPIGNONS DE PARIS PIEDS ET MORCEAUX 370G AYECUE,19.4,,Epicerie,,False,En stock,https://aswakassalam.com/wp-content/uploads/2026/04/50532-300x300.jpg,aswak_assalam
CHAMPIGNONS EN MORCEAUX 200G CARLE,11.4,,Epicerie,,False,En stock,https://aswakassalam.com/wp-content/uploads/2026/04/156923-300x300.jpg,aswak_assalam
CHAMPIGNONS EN MORCEAUX 3*200G CARLE,33.2,,Epicerie,,False,En stock,https://aswakassalam.com/wp-content/uploads/2026/04/156924-300x300.jpg,aswak_assalam
Beurre de cacahuètes 340g – JANIS,29.85,,Biscuiterie_Confiserie,JANIS,False,En stock,https://aswakassalam.com/wp-content/uploads/2025/11/3-300x300.jpg.webp,aswak_assalam
Fleur de maïs en poudre 180g – ALSA,7.95,,Biscuiterie_Confiserie,ALSA,False,En stock,https://aswakassalam.com/wp-content/uploads/2026/01/4-300x300.jpg.webp,aswak_assalam
Lot de 2 cafés moulus JAVA TIMOR 200g – DUBOIS,68.95,,Biscuiterie_Confiserie,,False,En stock,https://aswakassalam.com/wp-content/uploads/2025/02/3-300x300.jpg.webp,aswak_assalam
Lot de 2 thés verts 4011 en filaments 200g – SULTAN,40.95,,Biscuiterie_Confiserie,SULTAN,False,En stock,https://aswakassalam.com/wp-content/uploads/2026/02/3-300x300.jpg.webp,aswak_assalam
Lot de 3 thés verts en grains 200g – SELHAM,29.95,,Biscuiterie_Confiserie,SELHAM,False,En stock,https://aswakassalam.com/wp-content/uploads/2026/01/3-300x300.jpg.webp,aswak_assalam
Maïs grillés salés 100g Original ou barbecue – X-KORN,12.5,,Biscuiterie_Confiserie,X-KORN,False,En stock,https://aswakassalam.com/wp-content/uploads/2025/12/1-300x300.jpg.webp,aswak_assalam
Miel toutes fleurs 850g – JNANE EL AÂSSAL,61.95,,Biscuiterie_Confiserie,JNANE,False,En stock,https://aswakassalam.com/wp-content/uploads/2026/02/1-300x300.jpg.webp,aswak_assalam
12 CAPSULES ESPRESSO ASTA BLACK (10 ACHETES = 2 GRATUITS),38.95,,Biscuiterie_Confiserie,,False,En stock,https://aswakassalam.com/wp-content/uploads/2026/04/1328743-300x300.jpg,aswak_assalam
225 MORCEAUX DE SUCRE 1KG ENMER,6.15,,Biscuiterie_Confiserie,ENMER,False,En stock,https://aswakassalam.com/wp-content/uploads/2026/04/1240493-300x300.jpg,aswak_assalam
4 BARRES DE CHOCOLAT AU LAIT 40G KITKAT CHUNKY,29.95,,Biscuiterie_Confiserie,,False,En stock,https://aswakassalam.com/wp-content/uploads/2026/04/1460522-300x300.jpg,aswak_assalam
AMANDES EFFILEES 100G MACAO,19.95,,Biscuiterie_Confiserie,MACAO,False,En stock,https://aswakassalam.com/wp-content/uploads/2026/04/62654-300x300.jpg,aswak_assalam
AMANDES EN POUDRE 100G AIGUEBELLE,21.5,,Biscuiterie_Confiserie,AIGUEBELLE,False,En stock,https://aswakassalam.com/wp-content/uploads/2026/04/1318764-300x300.jpg,aswak_assalam
AMANDES EN POUDRE 100G MACAO,19.95,,Biscuiterie_Confiserie,MACAO,False,En stock,https://aswakassalam.com/wp-content/uploads/2026/04/62656-300x300.jpg,aswak_assalam
AMANDES GRILLEES 100G ONCLE SAM,24.95,,Biscuiterie_Confiserie,,False,En stock,https://aswakassalam.com/wp-content/uploads/2026/04/87-300x300.jpg,aswak_assalam
AMANDES GRILLEES 200G ROSANA,45.95,,Biscuiterie_Confiserie,,False,En stock,https://aswakassalam.com/wp-content/uploads/2026/04/106492-300x300.jpg,aswak_assalam
AMANDES GRILLEES SALEES 120G FANCY,39.95,,Biscuiterie_Confiserie,,False,En stock,https://aswakassalam.com/wp-content/uploads/2026/04/1450471-300x300.jpg,aswak_assalam
AMANDES HACHEES 100G MACAO,19.95,,Biscuiterie_Confiserie,MACAO,False,En stock,https://aswakassalam.com/wp-content/uploads/2026/04/62655-300x300.jpg,aswak_assalam
AMLOU CACAHUETE 200G JNANE EL AASSAL,15.5,,Biscuiterie_Confiserie,JNANE,False,En stock,https://aswakassalam.com/wp-content/uploads/2026/04/1471997-300x300.jpg,aswak_assalam
AMLOU CACAHUETE 700G JNANE EL AASSAL,47.95,,Biscuiterie_Confiserie,JNANE,False,En stock,https://aswakassalam.com/wp-content/uploads/2026/04/1471999-300x300.jpg,aswak_assalam
ANANAS EN TRANCHES 400G MIDO,35.95,,Biscuiterie_Confiserie,,False,En stock,https://aswakassalam.com/wp-content/uploads/2026/04/98669-300x300.jpg,aswak_assalam
"ASSORTIMENT DE 24 BOUCHEES FERRERO, RONDNOIR ET RAFFAELLO FERRERO COLLETION",154.95,,Biscuiterie_Confiserie,,False,En stock,https://aswakassalam.com/wp-content/uploads/2026/04/0968720-300x300.jpg,aswak_assalam
ASSORTIMENT DE CHOCOLATS 180G CREATIONS DELAVIUDA,153.95,,Biscuiterie_Confiserie,,False,En stock,https://aswakassalam.com/wp-content/uploads/2026/04/1461048-300x300.jpg,aswak_assalam
ASSORTIMENT DE CHOCOLATS 200G SELECTION DELAVIUDA,92.95,,Biscuiterie_Confiserie,,False,En stock,https://aswakassalam.com/wp-content/uploads/2026/04/1461045-300x300.jpg,aswak_assalam
ASSORTIMENT DE CHOCOLATS AUX NOISETTES 168G CREATIONS DELAVIUDA,153.95,,Biscuiterie_Confiserie,,False,En stock,https://aswakassalam.com/wp-content/uploads/2026/04/1461049-300x300.jpg,aswak_assalam
ASSORTIMENT DE CHOCOLATS NOIRS 250G WITOR’S,67.95,,Biscuiterie_Confiserie,,False,En stock,https://aswakassalam.com/wp-content/uploads/2026/04/1169373-300x300.jpg,aswak_assalam
ASSORTIMENT DE CHOCOLATS SANS SUCRES AJOUTÉS 200G SELECTION DELAVIUDA,95.95,,Biscuiterie_Confiserie,,False,En stock,https://aswakassalam.com/wp-content/uploads/2026/04/1461046-300x300.jpg,aswak_assalam
BARRE CARAMEL & PEANUTS EXTREM PACK DE 5 UNITES 34G EXCELO,10.95,,Biscuiterie_Confiserie,,False,En stock,https://aswakassalam.com/wp-content/uploads/2026/04/1441445-300x300.jpg,aswak_assalam
BARRE MULTI-CEREALES AU CHOCOLAT AU LAIT 6*21G CEREALITALIA,22.95,,Biscuiterie_Confiserie,,False,En stock,https://aswakassalam.com/wp-content/uploads/2026/04/1455650-300x300.jpg,aswak_assalam
BARRE MULTI-CEREALES AUX MYRTILLES 6*21G CEREALITALIA,22.95,,Biscuiterie_Confiserie,,False,En stock,https://aswakassalam.com/wp-content/uploads/2026/04/1455651-300x300.jpg,aswak_assalam
BARRE MULTI-CEREALES AUX NOIX DE COCO ET CHOCOLAT 6*21G CEREALITALIA,22.95,,Biscuiterie_Confiserie,,False,En stock,https://aswakassalam.com/wp-content/uploads/2026/04/1455653-300x300.jpg,aswak_assalam
BARRE MULTI-CEREALES GOUT CLASSIQUE 6*21G CEREALITALIA,22.95,,Biscuiterie_Confiserie,,False,En stock,https://aswakassalam.com/wp-content/uploads/2026/04/1455648-300x300.jpg,aswak_assalam
BARRE NOUGAT & CARAMEL EXTREM PACK DE 5 UNITES 36G EXCELO,10.95,,Biscuiterie_Confiserie,,False,En stock,https://aswakassalam.com/wp-content/uploads/2026/04/1441446-300x300.jpg,aswak_assalam
BARRE NOUGAT & CHOCOLAT EXTREM PACK DE 5 UNITES 34G EXCELO,10.95,,Biscuiterie_Confiserie,,False,En stock,https://aswakassalam.com/wp-content/uploads/2026/04/1441444-300x300.jpg,aswak_assalam
BARRE PROTEINEE CHOCOLAT GO ON 50G SANTE,17.95,,Biscuiterie_Confiserie,,False,En stock,https://aswakassalam.com/wp-content/uploads/2026/04/1224916-300x300.jpg,aswak_assalam
BARRE PROTEINEE GO ON 50G SANTE,17.95,,Biscuiterie_Confiserie,,False,En stock,https://aswakassalam.com/wp-content/uploads/2026/04/1224914-300x300.jpg,aswak_assalam
BARRES CHOCOLATEES BOITE DE 8 UNITES 100G KINDER,17.95,,Biscuiterie_Confiserie,,False,En stock,https://aswakassalam.com/wp-content/uploads/2026/04/26935-300x300.jpg,aswak_assalam
BARRES DE CHOCOLAT KIT KAT 36G NESTLE,6.95,,Biscuiterie_Confiserie,,False,En stock,https://aswakassalam.com/wp-content/uploads/2026/04/25124-300x300.jpg,aswak_assalam
"bâtonnet de glace 120ml, divers parfums – GIGANT YASMINA",14.95,,Biscuiterie_Confiserie,,False,En stock,https://aswakassalam.com/wp-content/uploads/2025/06/1-300x300.jpg.webp,aswak_assalam
BATONNETS CHOCOLAT 160 PIECES MACAO,18.95,,Biscuiterie_Confiserie,MACAO,False,En stock,https://aswakassalam.com/wp-content/uploads/2026/04/66441-300x300.jpg,aswak_assalam
BEURRE DE CACAHUETES 340G JANIS,29.85,,Biscuiterie_Confiserie,JANIS,False,En stock,https://aswakassalam.com/wp-content/uploads/2026/04/1447294-300x300.jpg,aswak_assalam
BEURRE DE CACAHUETES CRUNCHY SANS HUILE DE PALME 350G SANTE,45.95,,Biscuiterie_Confiserie,,False,En stock,https://aswakassalam.com/wp-content/uploads/2026/04/1381863-300x300.jpg,aswak_assalam
BEURRE DE CACAHUETES SMOOTH SANS HUILE DE PALME 350G SANTE,45.95,,Biscuiterie_Confiserie,,False,En stock,https://aswakassalam.com/wp-content/uploads/2026/04/1381864-300x300.jpg,aswak_assalam
BIGARREAUX ROUGES CONFITS 120G MACAO,12.5,,Biscuiterie_Confiserie,MACAO,False,En stock,https://aswakassalam.com/wp-content/uploads/2026/04/62651-300x300.jpg,aswak_assalam
BIGARREAUX VERTS CONFITS 120G MACAO,12.5,,Biscuiterie_Confiserie,MACAO,False,En stock,https://aswakassalam.com/wp-content/uploads/2026/04/62652-300x300.jpg,aswak_assalam
BISCOTTES BLE ENTIER 320G MISURA,35.95,,Biscuiterie_Confiserie,,False,En stock,https://aswakassalam.com/wp-content/uploads/2026/04/1302438-300x300.jpg,aswak_assalam
BISCUIT 135G FILIPINOS BLANCO,22.95,,Biscuiterie_Confiserie,,False,En stock,https://aswakassalam.com/wp-content/uploads/2026/04/1211354-300x300.jpg,aswak_assalam
BISCUIT 180G EL PRINCIO,15.95,,Biscuiterie_Confiserie,,False,En stock,https://aswakassalam.com/wp-content/uploads/2026/04/7882-300x300.jpg,aswak_assalam
BISCUIT 2 PIECES DIGESTIVES CHOCOLAT NOIR MCVITIE’S,4.95,,Biscuiterie_Confiserie,,False,En stock,https://aswakassalam.com/wp-content/uploads/2026/04/1291058-300x300.jpg,aswak_assalam
BISCUIT 2 PIECES DIGESTIVES MCVITIE’S,2.95,,Biscuiterie_Confiserie,,False,En stock,https://aswakassalam.com/wp-content/uploads/2026/04/1291056-300x300.jpg,aswak_assalam
BISCUIT 20G HAPPY HIPPO KINDER,6.2,,Biscuiterie_Confiserie,,False,En stock,https://aswakassalam.com/wp-content/uploads/2026/04/1407033-300x300.jpg,aswak_assalam
BISCUIT 245G EL PRINCIO,21.5,,Biscuiterie_Confiserie,,False,En stock,https://aswakassalam.com/wp-content/uploads/2026/04/10213-300x300.jpg,aswak_assalam
BISCUIT A L’AVOINE 300G PINGO DOCE,12.95,,Biscuiterie_Confiserie,,False,En stock,https://aswakassalam.com/wp-content/uploads/2026/04/1455250-300x300.jpg,aswak_assalam
BISCUIT A LA VANILLE 4 PIECES 60G ROUNDY TOBIGO,2.0,,Biscuiterie_Confiserie,,False,En stock,https://aswakassalam.com/wp-content/uploads/2026/04/1458513-300x300.jpg,aswak_assalam
BISCUIT AU CHOCOLAT 135G FILIPINOS,22.95,,Biscuiterie_Confiserie,,False,En stock,https://aswakassalam.com/wp-content/uploads/2026/04/24439-300x300.jpg,aswak_assalam
BISCUIT AU CHOCOLAT AU LAIT ET SPECULOOS 128G FILIPINOS,22.95,,Biscuiterie_Confiserie,,False,En stock,https://aswakassalam.com/wp-content/uploads/2026/04/1455677-300x300.jpg,aswak_assalam
BISCUIT AU CHOCOLAT MOOD DARK 135G AMADA,25.95,,Biscuiterie_Confiserie,,False,En stock,https://aswakassalam.com/wp-content/uploads/2026/04/1457931-300x300.jpg,aswak_assalam
BISCUIT CHOCO CHIP COOKIES SANS GLUTEN 200G SCHAR,52.95,,Biscuiterie_Confiserie,,False,En stock,https://aswakassalam.com/wp-content/uploads/2026/04/1264175-300x300.jpg,aswak_assalam
BISCUIT CHOCOLAT & CANNELLE 47G SELENA GOMEZ OREO,3.0,,Biscuiterie_Confiserie,,False,En stock,https://aswakassalam.com/wp-content/uploads/2026/04/1470429-300x300.jpg,aswak_assalam
BISCUIT CHOCOLAT & CANNELLE 6*47G PACK SELENA GOMEZ OREO,17.5,,Biscuiterie_Confiserie,,False,En stock,https://aswakassalam.com/wp-content/uploads/2026/04/1470430-300x300.jpg,aswak_assalam
BISCUIT CHOCOLAT AU LAIT DIGESTIVE 2 PIECES MCVITIE’S,4.95,,Biscuiterie_Confiserie,,False,En stock,https://aswakassalam.com/wp-content/uploads/2026/04/1291057-300x300.jpg,aswak_assalam
BISCUIT CRACKER SALE CLASSIC 100G GULLON,4.95,,Biscuiterie_Confiserie,,False,En stock,https://aswakassalam.com/wp-content/uploads/2026/04/1450489-300x300.jpg,aswak_assalam
BISCUIT CRACKERS NON SALE 200G DELSER,32.0,,Biscuiterie_Confiserie,,False,En stock,https://aswakassalam.com/wp-content/uploads/2026/04/1171672-300x300.jpg,aswak_assalam
BISCUIT CRACKERS SALE 250G DELSER,35.2,,Biscuiterie_Confiserie,,False,En stock,https://aswakassalam.com/wp-content/uploads/2026/04/1171671-300x300.jpg,aswak_assalam
BISCUIT CROUSTILLANT B-READY 132G 6 PIECES NUTELLA FERRERO,31.95,,Biscuiterie_Confiserie,,False,En stock,https://aswakassalam.com/wp-content/uploads/2026/04/1291845-300x300.jpg,aswak_assalam
BISCUIT DIGESTIVE 250G MCVITIE’S,29.95,,Biscuiterie_Confiserie,,False,En stock,https://aswakassalam.com/wp-content/uploads/2026/04/41121-300x300.jpg,aswak_assalam
BISCUIT DIGESTIVE 400G MCVITIE’S,45.95,,Biscuiterie_Confiserie,,False,En stock,https://aswakassalam.com/wp-content/uploads/2026/04/80724-300x300.jpg,aswak_assalam
BISCUIT DIGESTIVE CHOCOLAT NOIR 200G MCVITIE’S,35.95,,Biscuiterie_Confiserie,,False,En stock,https://aswakassalam.com/wp-content/uploads/2026/04/1167058-300x300.jpg,aswak_assalam
BISCUIT DIGESTIVE LIGHT 250G MCVITIE’S,32.95,,Biscuiterie_Confiserie,,False,En stock,https://aswakassalam.com/wp-content/uploads/2026/04/128187-300x300.jpg,aswak_assalam
BISCUIT DIGESTIVE LIGHT 400G MCVITIE’S,50.95,,Biscuiterie_Confiserie,,False,En stock,https://aswakassalam.com/wp-content/uploads/2026/04/128188-300x300.jpg,aswak_assalam
BISCUIT DIGESTIVE SANS GLUTEN 150G SCHAR,38.95,,Biscuiterie_Confiserie,,False,En stock,https://aswakassalam.com/wp-content/uploads/2026/04/1264176-300x300.jpg,aswak_assalam
BISCUIT FOURRE A LA CREME 154G PINGO DOCE,12.95,,Biscuiterie_Confiserie,,False,En stock,https://aswakassalam.com/wp-content/uploads/2026/04/1455255-300x300.jpg,aswak_assalam
BISCUIT FOURRE A LA CREME DE FRAISE 240G EL PRINCIO,21.5,,Biscuiterie_Confiserie,,False,En stock,https://aswakassalam.com/wp-content/uploads/2026/04/1153927-300x300.jpg,aswak_assalam
BISCUIT FOURRE AL CREME VANILLE 240G EL PRINCIO,21.5,,Biscuiterie_Confiserie,,False,En stock,https://aswakassalam.com/wp-content/uploads/2026/04/1153928-300x300.jpg,aswak_assalam
BISCUIT FOURRE CHOCOLAT & CREME 18G TRONKY KINDER,4.6,,Biscuiterie_Confiserie,,False,En stock,https://aswakassalam.com/wp-content/uploads/2026/04/1435302-300x300.jpg,aswak_assalam
BISCUIT FOURRE CHOCOLAT & CREME 5*18G TRONKY KINDER,22.95,,Biscuiterie_Confiserie,,False,En stock,https://aswakassalam.com/wp-content/uploads/2026/04/1435303-300x300.jpg,aswak_assalam
BISCUIT GOUT CHOCOLAT 175G MINI BN,36.95,,Biscuiterie_Confiserie,,False,En stock,https://aswakassalam.com/wp-content/uploads/2026/04/58783-300x300.jpg,aswak_assalam
BISCUIT MARIA 200G PINGO DOCE,8.95,,Biscuiterie_Confiserie,,False,En stock,https://aswakassalam.com/wp-content/uploads/2026/04/1455249-300x300.jpg,aswak_assalam
BISCUIT PICK UP! CHOCOLAT ET LAIT 28G BAHLSEN,7.95,,Biscuiterie_Confiserie,,False,En stock,https://aswakassalam.com/wp-content/uploads/2026/04/1154913-300x300.jpg,aswak_assalam
BISCUIT QUADRATINI CHOCOLAT NOIR 125G LOACKER,27.95,,Biscuiterie_Confiserie,,False,En stock,https://aswakassalam.com/wp-content/uploads/2026/04/1198495-300x300.jpg,aswak_assalam
BISCUIT SABLE 1KG HENRY’S,23.5,,Biscuiterie_Confiserie,,False,En stock,https://aswakassalam.com/wp-content/uploads/2026/04/67039-300x300.jpg,aswak_assalam
BISCUIT SALE SANS GLUTEN 175G SCHAR,54.95,,Biscuiterie_Confiserie,,False,En stock,https://aswakassalam.com/wp-content/uploads/2026/04/1264177-300x300.jpg,aswak_assalam
BISCUIT SANDWICH FOURRE AU CHOCOLAT BAHLSEN HIT,27.5,,Biscuiterie_Confiserie,,False,En stock,https://aswakassalam.com/wp-content/uploads/2026/04/323-300x300.jpg,aswak_assalam
BISCUIT SANDWICH PICK UP! CHOCO 28G BAHLSEN,5.95,,Biscuiterie_Confiserie,,False,En stock,https://aswakassalam.com/wp-content/uploads/2026/04/1102488-300x300.jpg,aswak_assalam
BISCUIT SANDWICH ROUNDY CHOCOLAT PACK 5*45G TOBIGO,9.95,,Biscuiterie_Confiserie,,False,En stock,https://aswakassalam.com/wp-content/uploads/2026/04/1395377-300x300.jpg,aswak_assalam
"Eau minérale 2,5L – AIN SOLTANE",7.3,,Boissons,,False,En stock,https://aswakassalam.com/wp-content/uploads/2025/10/3-300x300.jpg.webp,aswak_assalam
Eau minérale gazeuse 1L – AÏN SOLTANE,6.2,,Boissons,AÏN SOLTANE,False,En stock,https://aswakassalam.com/wp-content/uploads/2025/12/3-300x300.jpg.webp,aswak_assalam
Pack 6 canettes boissons gazeuses 25cl – COCA-COLA,26.95,,Boissons,COCA-COLA,False,En stock,https://aswakassalam.com/wp-content/uploads/2025/12/4-300x300.jpg.webp,aswak_assalam
7 UP CANETTE 33CL,5.95,,Boissons,,False,En stock,https://aswakassalam.com/wp-content/uploads/2026/04/126474-300x300.jpg,aswak_assalam
"7 UP CITRON 1,5L",7.5,,Boissons,,False,En stock,https://aswakassalam.com/wp-content/uploads/2026/04/0951005-300x300.jpg,aswak_assalam
7 UP CITRON 1L,6.5,,Boissons,,False,En stock,https://aswakassalam.com/wp-content/uploads/2026/04/106505-300x300.jpg,aswak_assalam
7 UP CITRON 20CL,2.95,,Boissons,,False,En stock,https://aswakassalam.com/wp-content/uploads/2026/04/1326742-300x300.jpg,aswak_assalam
7 UP CITRON 33CL,3.6,,Boissons,,False,En stock,https://aswakassalam.com/wp-content/uploads/2026/04/0901827-300x300.jpg,aswak_assalam
7 UP CITRON 50CL,4.5,,Boissons,,False,En stock,https://aswakassalam.com/wp-content/uploads/2026/04/113366-300x300.jpg,aswak_assalam
7UP CANETTE 25CL,4.5,,Boissons,,False,En stock,https://aswakassalam.com/wp-content/uploads/2026/04/152291-300x300.jpg,aswak_assalam
BOISSON A L’ORANGE FRUT 1L MARRAKECH,6.0,,Boissons,MARRAKECH,False,En stock,https://aswakassalam.com/wp-content/uploads/2026/04/1437390-300x300.jpg,aswak_assalam
BOISSON A LA PULPE D’ORANGE 1L AL BOUSTANE,9.9,,Boissons,AL BOUSTANE,False,En stock,https://aswakassalam.com/wp-content/uploads/2026/04/1186427-300x300.jpg,aswak_assalam
BOISSON A LA PULPE D’ORANGE 1L JUTOS JAOUDA,9.8,,Boissons,,False,En stock,https://aswakassalam.com/wp-content/uploads/2026/04/1391133-300x300.jpg,aswak_assalam
BOISSON A LA PULPE DE FRUITS COCKTAIL 1L JUTOS JAOUDA,9.8,,Boissons,,False,En stock,https://aswakassalam.com/wp-content/uploads/2026/04/1391134-300x300.jpg,aswak_assalam
BOISSON A LA PULPE PECHE 25CL CAPPY PULPY,4.5,,Boissons,,False,En stock,https://aswakassalam.com/wp-content/uploads/2026/04/1284032-300x300.jpg,aswak_assalam
BOISSON ANANAS DES TROPIQUES 1L MARRAKECH,15.5,,Boissons,MARRAKECH,False,En stock,https://aswakassalam.com/wp-content/uploads/2026/04/173044-300x300.jpg,aswak_assalam
BOISSON CITRON LIMONADE 33CL SANPELLEGRINO,12.95,,Boissons,,False,En stock,https://aswakassalam.com/wp-content/uploads/2026/04/1178935-300x300.jpg,aswak_assalam
BOISSON COCKTAIL 1L JUTOS,9.95,,Boissons,,False,En stock,https://aswakassalam.com/wp-content/uploads/2026/04/1179453-300x300.jpg,aswak_assalam
"BOISSON COCKTAIL 35,5CL RAUCH",16.9,,Boissons,,False,En stock,https://aswakassalam.com/wp-content/uploads/2026/04/1178933-300x300.jpg,aswak_assalam
BOISSON ENERGETIQUE 25CL BURN,11.85,,Boissons,,False,En stock,https://aswakassalam.com/wp-content/uploads/2026/04/136038-300x300.jpg,aswak_assalam
BOISSON ENERGETIQUE 25CL RED BULL,22.95,,Boissons,,False,En stock,https://aswakassalam.com/wp-content/uploads/2026/04/65553-300x300.jpg,aswak_assalam
BOISSON ENERGETIQUE CITRON 50CL AQUARIUS,7.5,,Boissons,,False,En stock,https://aswakassalam.com/wp-content/uploads/2026/04/164994-300x300.jpg,aswak_assalam
BOISSON ENERGETIQUE PACK 4*25CL RED BULL,83.95,,Boissons,,False,En stock,https://aswakassalam.com/wp-content/uploads/2026/04/172828-300x300.jpg,aswak_assalam
BOISSON ENERGETIQUE SANS SUCRE 25CL RED BULL,21.5,,Boissons,,False,En stock,https://aswakassalam.com/wp-content/uploads/2026/04/103537-300x300.jpg,aswak_assalam
BOISSON ENERGISANTE BURRY BLAST 25CL STING,7.95,,Boissons,,False,En stock,https://aswakassalam.com/wp-content/uploads/2026/04/1428073-300x300.jpg,aswak_assalam
BOISSON ENERGISANTE GOLD RUSH 25CL STING,7.95,,Boissons,,False,En stock,https://aswakassalam.com/wp-content/uploads/2026/04/1428074-300x300.jpg,aswak_assalam
Boisson gazeuse 25cl – LA CIGOGNE,4.95,,Boissons,,False,En stock,https://aswakassalam.com/wp-content/uploads/2025/03/2-300x300.jpg.webp,aswak_assalam
BOISSON GAZEUSE AU JUS NATUREL DE PAMPLEMOUSSE ROSE 200ML LE TRIBUTE,26.95,,Boissons,,False,En stock,https://aswakassalam.com/wp-content/uploads/2026/04/1454331-300x300.jpg,aswak_assalam
BOISSON GAZEUSE ORANGE SANGUINE CANETTE 33CL SAN PELLEGRINO,12.95,,Boissons,,False,En stock,https://aswakassalam.com/wp-content/uploads/2026/04/1178934-300x300.jpg,aswak_assalam
BOISSON JUPER ORANGE 1L VALENCIA,6.95,,Boissons,,False,En stock,https://aswakassalam.com/wp-content/uploads/2026/04/1215693-300x300.jpg,aswak_assalam
BOISSON JUPER POMME 1L VALENCIA,9.6,,Boissons,,False,En stock,https://aswakassalam.com/wp-content/uploads/2026/04/1338470-300x300.jpg,aswak_assalam
BOISSON JUTOS COCKTAIL 6*20CL PACK JAOUDA,10.95,,Boissons,,False,En stock,https://aswakassalam.com/wp-content/uploads/2026/04/1391136-300x300.jpg,aswak_assalam
BOISSON JUTOS ORANGE 6*20CL PACK JAOUDA,10.95,,Boissons,,False,En stock,https://aswakassalam.com/wp-content/uploads/2026/04/1391135-300x300.jpg,aswak_assalam
BOISSON MANGUE 6*200ML PACK MARRAKECH,11.5,,Boissons,MARRAKECH,False,En stock,https://aswakassalam.com/wp-content/uploads/2026/04/1321200-300x300.jpg,aswak_assalam
BOISSON MOJITO 1L AL BOUSTANE,13.5,,Boissons,AL BOUSTANE,False,En stock,https://aswakassalam.com/wp-content/uploads/2026/04/1251982-300x300.jpg,aswak_assalam
BOISSON ORANGE 1L FORTY,8.5,,Boissons,,False,En stock,https://aswakassalam.com/wp-content/uploads/2026/04/80259-300x300.jpg,aswak_assalam
BOISSON ORANGE 1L JUTOS,9.95,,Boissons,,False,En stock,https://aswakassalam.com/wp-content/uploads/2026/04/1163834-300x300.jpg,aswak_assalam
BOISSON ORANGE 20CL JUTOS,1.95,,Boissons,,False,En stock,https://aswakassalam.com/wp-content/uploads/2026/04/1376316-300x300.jpg,aswak_assalam
"BOISSON ORANGE 35,5CL RAUCH",16.9,,Boissons,,False,En stock,https://aswakassalam.com/wp-content/uploads/2026/04/1178931-300x300.jpg,aswak_assalam
BOISSON PECHE DE LA MEDITERRANEE 1L MARRAKECH,16.5,,Boissons,MARRAKECH,False,En stock,https://aswakassalam.com/wp-content/uploads/2026/04/155121-300x300.jpg,aswak_assalam
BOISSON PECHE VITAKIDS 200ML MARRAKECH,2.0,,Boissons,MARRAKECH,False,En stock,https://aswakassalam.com/wp-content/uploads/2026/04/1151392-300x300.jpg,aswak_assalam
"BOISSON POMME 35,5CL RAUCH",16.95,,Boissons,,False,En stock,https://aswakassalam.com/wp-content/uploads/2026/04/1178932-300x300.jpg,aswak_assalam
BOISSON TROPICAL 1L JUPER VALENCIA,6.95,,Boissons,,False,En stock,https://aswakassalam.com/wp-content/uploads/2026/04/1215713-300x300.jpg,aswak_assalam
CAPPY PULPY ORANGE  1L,11.95,,Boissons,,False,En stock,https://aswakassalam.com/wp-content/uploads/2026/04/1284037-300x300.jpg,aswak_assalam
CAPPY PULPY ORANGE 25CL,4.5,,Boissons,,False,En stock,https://aswakassalam.com/wp-content/uploads/2026/04/1284031-300x300.jpg,aswak_assalam
"COCA COLA 1,5L",8.7,,Boissons,,False,En stock,https://aswakassalam.com/wp-content/uploads/2026/04/14162-300x300.jpg,aswak_assalam
COCA COLA 1L,8.0,,Boissons,,False,En stock,https://aswakassalam.com/wp-content/uploads/2026/04/14161-300x300.jpg,aswak_assalam
COCA COLA 33CL,8.5,,Boissons,,False,En stock,https://aswakassalam.com/wp-content/uploads/2026/04/14167-300x300.jpg,aswak_assalam
COCA COLA 50CL,5.5,,Boissons,,False,En stock,https://aswakassalam.com/wp-content/uploads/2026/04/14160-300x300.jpg,aswak_assalam
COCA COLA CANETTE 25CL,5.0,,Boissons,,False,En stock,https://aswakassalam.com/wp-content/uploads/2026/04/1352316-300x300.jpg,aswak_assalam
COCA COLA CANETTE PACK 6*33CL,49.95,,Boissons,,False,En stock,https://aswakassalam.com/wp-content/uploads/2026/04/1221874-300x300.jpg,aswak_assalam
COCA COLA ZERO CANETTE 25CL,5.0,,Boissons,,False,En stock,https://aswakassalam.com/wp-content/uploads/2026/04/1352315-300x300.jpg,aswak_assalam
COCA COLA ZERO PACK 4*1L,32.0,,Boissons,,False,En stock,https://aswakassalam.com/wp-content/uploads/2026/04/1346503-300x300.jpg,aswak_assalam
COCA COLA ZERO SUCRE 1L,8.0,,Boissons,,False,En stock,https://aswakassalam.com/wp-content/uploads/2026/04/150685-300x300.jpg,aswak_assalam
COCA COLA ZERO SUCRE 33CL,8.4,,Boissons,,False,En stock,https://aswakassalam.com/wp-content/uploads/2026/04/150688-300x300.jpg,aswak_assalam
COCA COLA ZERO SUCRE 50CL,5.5,,Boissons,,False,En stock,https://aswakassalam.com/wp-content/uploads/2026/04/150686-300x300.jpg,aswak_assalam
COCA-COLA CANNETTE SLIM PACK 6*25CL,30.0,,Boissons,COCA-COLA,False,En stock,https://aswakassalam.com/wp-content/uploads/2026/04/1384438-300x300.jpg,aswak_assalam
EAU DE SOURCE NATURELLE 33CL ACYL,1.95,,Boissons,,False,En stock,https://aswakassalam.com/wp-content/uploads/2026/04/1466185-300x300.jpg,aswak_assalam
"EAU DE TABLE 1,5L AMANE SOUSS",3.95,,Boissons,,False,En stock,https://aswakassalam.com/wp-content/uploads/2026/04/1302013-300x300.jpg,aswak_assalam
"EAU DE TABLE 1,5L AQUAFINA",4.6,,Boissons,,False,En stock,https://aswakassalam.com/wp-content/uploads/2026/04/1302787-300x300.jpg,aswak_assalam
"EAU DE TABLE 1,5L BAHIA",4.2,,Boissons,,False,En stock,https://aswakassalam.com/wp-content/uploads/2026/04/71351-300x300.jpg,aswak_assalam
"EAU DE TABLE 1,5L CIEL",4.8,,Boissons,,False,En stock,https://aswakassalam.com/wp-content/uploads/2026/04/60184-300x300.jpg,aswak_assalam
EAU DE TABLE 2L AQUAFINA,5.5,,Boissons,,False,En stock,https://aswakassalam.com/wp-content/uploads/2026/04/1390453-300x300.jpg,aswak_assalam
EAU DE TABLE 33CL AQUAFINA,1.95,,Boissons,,False,En stock,https://aswakassalam.com/wp-content/uploads/2026/04/1302785-300x300.jpg,aswak_assalam
EAU DE TABLE 33CL VITALYA,1.95,,Boissons,,False,En stock,https://aswakassalam.com/wp-content/uploads/2026/04/1454334-300x300.jpg,aswak_assalam
EAU DE TABLE 50CL AQUAFINA,2.95,,Boissons,,False,En stock,https://aswakassalam.com/wp-content/uploads/2026/04/1302786-300x300.jpg,aswak_assalam
EAU DE TABLE 50CL CIEL,2.95,,Boissons,,False,En stock,https://aswakassalam.com/wp-content/uploads/2026/04/63192-300x300.jpg,aswak_assalam
EAU DE TABLE 5L AMANE SOUSS,8.95,,Boissons,,False,En stock,https://aswakassalam.com/wp-content/uploads/2026/04/1198733-300x300.jpg,aswak_assalam
EAU DE TABLE 5L AQUAFINA,13.0,,Boissons,,False,En stock,https://aswakassalam.com/wp-content/uploads/2026/04/1399573-300x300.jpg,aswak_assalam
EAU DE TABLE 5L BAHIA,10.95,,Boissons,,False,En stock,https://aswakassalam.com/wp-content/uploads/2026/04/122938-300x300.jpg,aswak_assalam
"EAU DE TABLE PACK DE 6 BOUTEILLES 1,5L AQUAFINA ( 5 ACHETES = 1 GRATUIT )",25.95,,Boissons,,False,En stock,https://aswakassalam.com/wp-content/uploads/2026/04/1365702-300x300.jpg,aswak_assalam
EAU GAZEUSE 1L AIN SAISS,5.95,,Boissons,,False,En stock,https://aswakassalam.com/wp-content/uploads/2026/04/0914149-300x300.jpg,aswak_assalam
EAU GAZEUSE 1L OULMES,6.95,,Boissons,,False,En stock,https://aswakassalam.com/wp-content/uploads/2026/04/7905-300x300.jpg,aswak_assalam
EAU GAZEUSE 33CL OULMES,3.95,,Boissons,,False,En stock,https://aswakassalam.com/wp-content/uploads/2026/04/1141655-300x300.jpg,aswak_assalam
EAU GAZEUSE 50CL OULMES,4.8,,Boissons,,False,En stock,https://aswakassalam.com/wp-content/uploads/2026/04/7903-300x300.jpg,aswak_assalam
EAU GAZEUSE BOUTEILLE EN VERRE 75CL OULMES,11.95,,Boissons,,False,En stock,https://aswakassalam.com/wp-content/uploads/2026/04/1269934-300x300.jpg,aswak_assalam
EAU GAZEUSE LEGERE 1L OULMES,7.5,,Boissons,,False,En stock,https://aswakassalam.com/wp-content/uploads/2026/04/63426-300x300.jpg,aswak_assalam
EAU GAZEUSE LEGERE 50CL OULMES,4.7,,Boissons,,False,En stock,https://aswakassalam.com/wp-content/uploads/2026/04/63422-300x300.jpg,aswak_assalam
EAU GAZEUSE PET 1L SANPELLEGRINO,25.5,,Boissons,,False,En stock,https://aswakassalam.com/wp-content/uploads/2026/04/1178938-300x300.jpg,aswak_assalam
EAU MINERALE 2L AIN SAISS,5.85,,Boissons,,False,En stock,https://aswakassalam.com/wp-content/uploads/2026/04/1350452-300x300.jpg,aswak_assalam
EAU MINERALE 33CL SIDI ALI DISNEY-MARVEL,2.95,,Boissons,,False,En stock,https://aswakassalam.com/wp-content/uploads/2026/04/1357153-300x300.jpg,aswak_assalam
EAU MINERALE 50CL ACQUA PANNA,14.95,,Boissons,,False,En stock,https://aswakassalam.com/wp-content/uploads/2026/04/1259817-300x300.jpg,aswak_assalam
EAU MINERALE 50CL AIN SAISS,2.75,,Boissons,,False,En stock,https://aswakassalam.com/wp-content/uploads/2026/04/82435-300x300.jpg,aswak_assalam
EAU MINERALE 75CL MONDARIZ,12.75,,Boissons,,False,En stock,https://aswakassalam.com/wp-content/uploads/2026/04/1321545-300x300.jpg,aswak_assalam
Gel douche 250ml. Divers parfums – TAOUS,24.95,,Beaute_Hygiene,TAOUS,False,En stock,https://aswakassalam.com/wp-content/uploads/2025/04/3-300x300.jpg.webp,aswak_assalam
Lot de 2 dentifrices WHITE NOW 75ml – SIGNAL,27.95,,Beaute_Hygiene,,False,En stock,https://aswakassalam.com/wp-content/uploads/2025/04/4-300x300.jpg.webp,aswak_assalam
Lot de 2 gels douche 250ml divers parfums – TAOUS,21.95,,Beaute_Hygiene,TAOUS,False,En stock,https://aswakassalam.com/wp-content/uploads/2026/03/4-300x300.jpg.webp,aswak_assalam
Lot de 2 gels douches lait hydratant 250ml Divers parfums – COTTAGE,55.95,,Beaute_Hygiene,,False,En stock,https://aswakassalam.com/wp-content/uploads/2026/04/1-300x300.jpg.webp,aswak_assalam
20 RASOIRS BLUE2 GILLETTE (15 ACHETES = 5 GRATUITS),83.95,,Beaute_Hygiene,,False,En stock,https://aswakassalam.com/wp-content/uploads/2026/04/1357004-300x300.jpg,aswak_assalam
APRES SHAMPOOING AVOCAT 200ML ULTRA DOUX,41.5,,Beaute_Hygiene,,False,En stock,https://aswakassalam.com/wp-content/uploads/2026/04/1090489-300x300.jpg,aswak_assalam
APRES SHAMPOOING AVOCAT BEURRE DE KARITE 400ML ULTRA DOUX GARNIER,59.95,,Beaute_Hygiene,GARNIER,False,En stock,https://aswakassalam.com/wp-content/uploads/2026/04/1310153-300x300.jpg,aswak_assalam
APRES SHAMPOOING DREAM LONG 200ML ELSEVE,51.95,,Beaute_Hygiene,ELSEVE,False,En stock,https://aswakassalam.com/wp-content/uploads/2026/04/1325542-300x300.jpg,aswak_assalam
APRES SHAMPOOING HUILE EXTRAORDINAIRE POUR CHEVEUX NORMAUX 200ML ELSEVE,51.95,,Beaute_Hygiene,ELSEVE,False,En stock,https://aswakassalam.com/wp-content/uploads/2026/04/1165465-300x300.jpg,aswak_assalam
APRES SHAMPOOING HYDRATANT 72H HYALURON REPULP 200ML ELSEVE,56.5,,Beaute_Hygiene,ELSEVE,False,En stock,https://aswakassalam.com/wp-content/uploads/2026/04/1410235-300x300.jpg,aswak_assalam
APRES SHAMPOOING LAIT D’AMANDE NOURRICIER 200ML ULTRA DOUX,41.5,,Beaute_Hygiene,,False,En stock,https://aswakassalam.com/wp-content/uploads/2026/04/1325546-300x300.jpg,aswak_assalam
APRES SHAMPOOING OLIVE MYTHIQUE 400ML ULTRA DOUX,59.95,,Beaute_Hygiene,,False,En stock,https://aswakassalam.com/wp-content/uploads/2026/04/1310154-300x300.jpg,aswak_assalam
APRES SHAMPOOING TRESORS DE MIEL 200ML ULTRA DOUX,41.5,,Beaute_Hygiene,,False,En stock,https://aswakassalam.com/wp-content/uploads/2026/04/1153215-300x300.jpg,aswak_assalam
APRES-SHAMPOOING COCO ET THE VERT TOUS TYPES DE CHEVEUX 250ML LOVEA,74.95,,Beaute_Hygiene,,False,En stock,https://aswakassalam.com/wp-content/uploads/2026/04/1376098-300x300.jpg,aswak_assalam
APRES-SHAMPOOING MONOI & KARITE POUR CHEVEUX SECS ET ABIMES 200ML LOVEA,74.95,,Beaute_Hygiene,,False,En stock,https://aswakassalam.com/wp-content/uploads/2026/04/1376191-300x300.jpg,aswak_assalam
"APRES-SHAMPOOING NUTRITION HUILES D’OLIVE, KARITE, ARGAN 200ML LE PETIT OLIVIER",69.95,,Beaute_Hygiene,,False,En stock,https://aswakassalam.com/wp-content/uploads/2026/04/1376177-300x300.jpg,aswak_assalam
APRES-SHAMPOOING OLIVE MYTHIQUE 200ML ULTRA DOUX,41.5,,Beaute_Hygiene,,False,En stock,https://aswakassalam.com/wp-content/uploads/2026/04/1175402-300x300.jpg,aswak_assalam
APRES-SHAMPOOING PURIFIANT ALOE VERA & THE VERT 200ML LE PETIT OLIVIER,69.95,,Beaute_Hygiene,,False,En stock,https://aswakassalam.com/wp-content/uploads/2026/04/1376175-300x300.jpg,aswak_assalam
APRES-SHAMPOOING TONUS BRILLANCE HUILE SESAME 300ML TIMOTEI,34.5,,Beaute_Hygiene,,False,En stock,https://aswakassalam.com/wp-content/uploads/2026/04/1332571-300x300.jpg,aswak_assalam
BABY SHAMPOOING SHINY DROPS 300ML JOHNSON BABY,45.5,,Beaute_Hygiene,,False,En stock,https://aswakassalam.com/wp-content/uploads/2026/04/1334090-300x300.jpg,aswak_assalam
BAIN BOUCHE FRAICHE INTENSE 500ML LISTERINE,48.95,,Beaute_Hygiene,,False,En stock,https://aswakassalam.com/wp-content/uploads/2026/04/1296799-300x300.jpg,aswak_assalam
BAIN BOUCHE SOIN BLANCHEUR 500ML LISTERINE,48.95,,Beaute_Hygiene,,False,En stock,https://aswakassalam.com/wp-content/uploads/2026/04/1296801-300x300.jpg,aswak_assalam
BAIN BOUCHE ZERO ALCOOL MENTHE 500ML LISTERINE,48.95,,Beaute_Hygiene,,False,En stock,https://aswakassalam.com/wp-content/uploads/2026/04/1296798-300x300.jpg,aswak_assalam
BAIN DE BOUCHE MENTHE FRAICHE 500ML SENSODYNE,45.95,,Beaute_Hygiene,,False,En stock,https://aswakassalam.com/wp-content/uploads/2026/04/1270123-300x300.jpg,aswak_assalam
BAIN DE BOUCHE OPTIC WHITE 500ML COLGATE,45.5,,Beaute_Hygiene,,False,En stock,https://aswakassalam.com/wp-content/uploads/2026/04/1054448-300x300.jpg,aswak_assalam
BAIN MOUSSANT 200ML JOHNSON BABY,33.95,,Beaute_Hygiene,,False,En stock,https://aswakassalam.com/wp-content/uploads/2026/04/1334080-300x300.jpg,aswak_assalam
BANDE DE CIRE PEAU NORMALE 10 UNITES VEET,36.95,,Beaute_Hygiene,,False,En stock,https://aswakassalam.com/wp-content/uploads/2026/04/1219913-300x300.jpg,aswak_assalam
BANDES DE CIRE PEAUX SENSIBLES 10 UNITES VEET,36.95,,Beaute_Hygiene,,False,En stock,https://aswakassalam.com/wp-content/uploads/2026/04/1219914-300x300.jpg,aswak_assalam
BANDES EPILATION 10 PIECES DEPILISS,5.95,,Beaute_Hygiene,,False,En stock,https://aswakassalam.com/wp-content/uploads/2026/04/1304638-300x300.jpg,aswak_assalam
BANDES EPILATION 50 UNITES DEPILISS,15.95,,Beaute_Hygiene,,False,En stock,https://aswakassalam.com/wp-content/uploads/2026/04/1304673-300x300.jpg,aswak_assalam
"BAUME A LEVRES 3EN1 PINK 4,8G LABELLO",42.5,,Beaute_Hygiene,,False,En stock,https://aswakassalam.com/wp-content/uploads/2026/04/1466306-300x300.jpg,aswak_assalam
"BAUME A LEVRES 3EN1 RED 4,8G LABELLO",42.5,,Beaute_Hygiene,,False,En stock,https://aswakassalam.com/wp-content/uploads/2026/04/1466307-300x300.jpg,aswak_assalam
"BAUME A LEVRES 3EN1 ROSE 4,8G LABELLO",42.5,,Beaute_Hygiene,,False,En stock,https://aswakassalam.com/wp-content/uploads/2026/04/1466308-300x300.jpg,aswak_assalam
BAUME A LEVRES COCO LOVEA,69.95,,Beaute_Hygiene,,False,En stock,https://aswakassalam.com/wp-content/uploads/2026/04/1375894-300x300.jpg,aswak_assalam
BAUME A LEVRES HYDRATANT HUILE D’OLIVE 4G LE PETIT OLIVIER,45.5,,Beaute_Hygiene,,False,En stock,https://aswakassalam.com/wp-content/uploads/2026/04/1376016-300x300.jpg,aswak_assalam
BAUME A LEVRES REPARATEUR BEURRE DE KARITE 4G LE PETIT OLIVIER,45.5,,Beaute_Hygiene,,False,En stock,https://aswakassalam.com/wp-content/uploads/2026/04/1376188-300x300.jpg,aswak_assalam
BAUME APRES RASAGE PEAU SENSIBLE 100 ML NIVEA MEN,78.5,,Beaute_Hygiene,,False,En stock,https://aswakassalam.com/wp-content/uploads/2026/04/8669-300x300.jpg,aswak_assalam
BAUME AUX HUILES NATURELLES LABELLO,36.95,,Beaute_Hygiene,,False,En stock,https://aswakassalam.com/wp-content/uploads/2026/04/177789-300x300.jpg,aswak_assalam
BB CREME 5 EN 1 A L’HUILE DE JOJOBA BIO ET PIGMENTS MINERAUX TEINTE CLAIRE FPS 20 50ML NIVEA,96.5,,Beaute_Hygiene,,False,En stock,https://aswakassalam.com/wp-content/uploads/2026/04/1080208-300x300.jpg,aswak_assalam
BLUE II ULTRAGRIP 5 UNITES GILLETTE,28.95,,Beaute_Hygiene,,False,En stock,https://aswakassalam.com/wp-content/uploads/2026/04/8382-300x300.jpg,aswak_assalam
BROSSE A DENTS 3 EFFECT MAXI CLEAN MEDIUM ORAL-B,13.95,,Beaute_Hygiene,,False,En stock,https://aswakassalam.com/wp-content/uploads/2026/04/88011-300x300.jpg,aswak_assalam
BROSSE A DENTS DOUBLE ACTION MEDIUM COLGATE,6.2,,Beaute_Hygiene,,False,En stock,https://aswakassalam.com/wp-content/uploads/2026/04/104397-300x300.jpg,aswak_assalam
BROSSE A DENTS ELECTRIQUE POUR ENFANTS CARS ORAL-B,329.95,,Beaute_Hygiene,,False,En stock,https://aswakassalam.com/wp-content/uploads/2026/04/1333515-300x300.jpg,aswak_assalam
BROSSE A DENTS ELECTRIQUE POUR ENFANTS FROZEN ORAL-B,329.95,,Beaute_Hygiene,,False,En stock,https://aswakassalam.com/wp-content/uploads/2026/04/1333514-300x300.jpg,aswak_assalam
BROSSE A DENTS ELECTRIQUE RECHARGEABLE VITALITY ORAL-B,329.95,,Beaute_Hygiene,,False,En stock,https://aswakassalam.com/wp-content/uploads/2026/04/1292349-300x300.jpg,aswak_assalam
BROSSE A DENTS EXTRA CLEAN COLGATE,5.95,,Beaute_Hygiene,,False,En stock,https://aswakassalam.com/wp-content/uploads/2026/04/99852-300x300.jpg,aswak_assalam
BROSSE A DENTS EXTRA SOUPLE DOUCEUR,27.5,,Beaute_Hygiene,,False,En stock,https://aswakassalam.com/wp-content/uploads/2026/04/1270104-300x300.jpg,aswak_assalam
BROSSE A DENTS MEDIUM 1   1 GRATUIT COLGATE,27.0,,Beaute_Hygiene,,False,En stock,https://aswakassalam.com/wp-content/uploads/2026/04/176177-300x300.jpg,aswak_assalam
BROSSE A DENTS MEDIUM SENSODYNE,27.5,,Beaute_Hygiene,,False,En stock,https://aswakassalam.com/wp-content/uploads/2026/04/1270109-300x300.jpg,aswak_assalam
BROSSE A DENTS SOUPLE PRECISION SENSODYNE,27.5,,Beaute_Hygiene,,False,En stock,https://aswakassalam.com/wp-content/uploads/2026/04/1270110-300x300.jpg,aswak_assalam
BROSSE A DENTS SOUPLE SENSODYNE,27.5,,Beaute_Hygiene,,False,En stock,https://aswakassalam.com/wp-content/uploads/2026/04/1270105-300x300.jpg,aswak_assalam
BROSSE A DENTS TRIPLE ACTION 1+1 FREE MEDIUM COLGATE,13.5,,Beaute_Hygiene,,False,En stock,https://aswakassalam.com/wp-content/uploads/2026/04/1000149-300x300.jpg,aswak_assalam
BROSSE A DENTS VERTICAL EXPERT SIGNAL,27.95,,Beaute_Hygiene,,False,En stock,https://aswakassalam.com/wp-content/uploads/2026/04/1178331-300x300.jpg,aswak_assalam
BROSSE A DENTS WHITE 35 SOFT ORAL-B,37.95,,Beaute_Hygiene,,False,En stock,https://aswakassalam.com/wp-content/uploads/2026/04/120780-300x300.jpg,aswak_assalam
BROSSE A DENTS WHITE SYSTEME SIGNAL,32.5,,Beaute_Hygiene,,False,En stock,https://aswakassalam.com/wp-content/uploads/2026/04/1178333-300x300.jpg,aswak_assalam
BROSSETTES INTERDENTAIRES  SENSODYNE,38.5,,Beaute_Hygiene,,False,En stock,https://aswakassalam.com/wp-content/uploads/2026/04/1270107-300x300.jpg,aswak_assalam
BRUME PARFUMEE AUTUNNO 250ML CATTALEYA,23.95,,Beaute_Hygiene,,False,En stock,https://aswakassalam.com/wp-content/uploads/2026/04/1470650-300x300.jpg,aswak_assalam
BRUME PARFUMEE PARCHITA 250ML CATTALEYA,23.95,,Beaute_Hygiene,,False,En stock,https://aswakassalam.com/wp-content/uploads/2026/04/1470648-300x300.jpg,aswak_assalam
BRUME PARFUMEE SENSATION 250ML CATTALEYA,23.95,,Beaute_Hygiene,,False,En stock,https://aswakassalam.com/wp-content/uploads/2026/04/1470649-300x300.jpg,aswak_assalam
CARRES DEMAQUILLANTS 40 UNITES SENSEA,16.9,,Beaute_Hygiene,,False,En stock,https://aswakassalam.com/wp-content/uploads/2026/04/1234494-300x300.jpg,aswak_assalam
CIRE EPILATOIRE ARGAN 100ML DEPILISS,16.95,,Beaute_Hygiene,,False,En stock,https://aswakassalam.com/wp-content/uploads/2026/04/1258822-300x300.jpg,aswak_assalam
COLORATION 1 NOIR COLOR NATURALS GARNIER,46.95,,Beaute_Hygiene,GARNIER,False,En stock,https://aswakassalam.com/wp-content/uploads/2026/04/170641-300x300.jpg,aswak_assalam
COLORATION 1.0 NOIR ABSOLU OLIA GARNIER,59.95,,Beaute_Hygiene,GARNIER,False,En stock,https://aswakassalam.com/wp-content/uploads/2026/04/1349647-300x300.jpg,aswak_assalam
COLORATION 10 BLOND TRES TRES CLAIR COLOR NATURALS GARNIER,46.95,,Beaute_Hygiene,GARNIER,False,En stock,https://aswakassalam.com/wp-content/uploads/2026/04/1354207-300x300.jpg,aswak_assalam
COLORATION 2 NOIR LUMINEUX COLOR NATURALS GARNIER,46.95,,Beaute_Hygiene,GARNIER,False,En stock,https://aswakassalam.com/wp-content/uploads/2026/04/0954645-300x300.jpg,aswak_assalam
COLORATION 2.0 NOIR DIAMANT OLIA GARNIER,59.95,,Beaute_Hygiene,GARNIER,False,En stock,https://aswakassalam.com/wp-content/uploads/2026/04/1349648-300x300.jpg,aswak_assalam
COLORATION 2.1 NOIR BLEU COLOR NATURALS GARNIER,46.95,,Beaute_Hygiene,GARNIER,False,En stock,https://aswakassalam.com/wp-content/uploads/2026/04/0918526-300x300.jpg,aswak_assalam
COLORATION 3 CHATAIN FONCE COLOR NATURALS GARNIER,46.95,,Beaute_Hygiene,GARNIER,False,En stock,https://aswakassalam.com/wp-content/uploads/2026/04/170642-300x300.jpg,aswak_assalam
COLORATION 3 CHATIN FONCE EXCELLENCE,101.5,,Beaute_Hygiene,,False,En stock,https://aswakassalam.com/wp-content/uploads/2026/04/9132-300x300.jpg,aswak_assalam
COLORATION 3.0 CHATAIN FONCE PUR OLIA GARNIER,59.95,,Beaute_Hygiene,GARNIER,False,En stock,https://aswakassalam.com/wp-content/uploads/2026/04/1349649-300x300.jpg,aswak_assalam
COLORATION 4 CHATAIN COLOR NATURALS GARNIER,46.95,,Beaute_Hygiene,GARNIER,False,En stock,https://aswakassalam.com/wp-content/uploads/2026/04/170644-300x300.jpg,aswak_assalam
COLORATION 4.0 CHATAIN PUR OLIA GARNIER,59.95,,Beaute_Hygiene,GARNIER,False,En stock,https://aswakassalam.com/wp-content/uploads/2026/04/1349650-300x300.jpg,aswak_assalam
COLORATION 4.62 CREAM BERRY RED COLOR NATURALS GARNIER,46.5,,Beaute_Hygiene,GARNIER,False,En stock,https://aswakassalam.com/wp-content/uploads/2026/04/1321422-300x300.jpg,aswak_assalam
COLORATION 5 CHATAIN CLAIR EXCELLENCE,101.5,,Beaute_Hygiene,,False,En stock,https://aswakassalam.com/wp-content/uploads/2026/04/9124-300x300.jpg,aswak_assalam
COLORATION 5.0 CHATAIN CLAIR FONDANT OLIA GARNIER,59.95,,Beaute_Hygiene,GARNIER,False,En stock,https://aswakassalam.com/wp-content/uploads/2026/04/1349655-300x300.jpg,aswak_assalam
COLORATION 5.3 CLAIR DORE EXCELLENCE,101.5,,Beaute_Hygiene,,False,En stock,https://aswakassalam.com/wp-content/uploads/2026/04/9122-300x300.jpg,aswak_assalam
COLORATION 6 BLOND FONCE COLOR NATURALS GARNIER,46.95,,Beaute_Hygiene,GARNIER,False,En stock,https://aswakassalam.com/wp-content/uploads/2026/04/170646-300x300.jpg,aswak_assalam
COLORATION 6 BLOND FONCE EXCELLENCE,101.5,,Beaute_Hygiene,,False,En stock,https://aswakassalam.com/wp-content/uploads/2026/04/22985-300x300.jpg,aswak_assalam
COLORATION 6.0 CHATAIN TRES CLAIR OLIA GARNIER,59.95,,Beaute_Hygiene,GARNIER,False,En stock,https://aswakassalam.com/wp-content/uploads/2026/04/1349646-300x300.jpg,aswak_assalam
COLORATION 6.30 BLOND FONCE DORE EXCELLENCE,99.95,,Beaute_Hygiene,,False,En stock,https://aswakassalam.com/wp-content/uploads/2026/04/179204-300x300.jpg,aswak_assalam
COLORATION 6.34 BLOND FONCE CUIVRE COLOR NATURALS GARNIER,46.95,,Beaute_Hygiene,GARNIER,False,En stock,https://aswakassalam.com/wp-content/uploads/2026/04/170652-300x300.jpg,aswak_assalam
COLORATION 6.60 ROUGE ARDENT PUR COLOR NATURALS GARNIER,46.95,,Beaute_Hygiene,GARNIER,False,En stock,https://aswakassalam.com/wp-content/uploads/2026/04/1354209-300x300.jpg,aswak_assalam
COLORATION 6.7 BRUN CHOCOLAT PUR COLOR NATURALS GARNIER,46.95,,Beaute_Hygiene,GARNIER,False,En stock,https://aswakassalam.com/wp-content/uploads/2026/04/1178555-300x300.jpg,aswak_assalam
COLORATION 6.7 CHOCOLAT BROWN EXCELLENCE,101.5,,Beaute_Hygiene,,False,En stock,https://aswakassalam.com/wp-content/uploads/2026/04/1169195-300x300.jpg,aswak_assalam
30 pods 3 en 1 – ARIEL,121.95,,Entretien,ARIEL,False,En stock,https://aswakassalam.com/wp-content/uploads/2026/03/2-300x300.jpg.webp,aswak_assalam
Eau de javel 1L Divers parfums – JANIS,5.95,,Entretien,JANIS,False,En stock,https://aswakassalam.com/wp-content/uploads/2025/04/1-300x300.jpg.webp,aswak_assalam
"Eau de javel 2,5L – JANIS",10.95,,Entretien,JANIS,False,En stock,https://aswakassalam.com/wp-content/uploads/2026/03/1-300x300.jpg.webp,aswak_assalam
"Lot de 2 essuie-tout, 3 plis – SELPAK",13.5,,Entretien,SELPAK,False,En stock,https://aswakassalam.com/wp-content/uploads/2025/04/2-300x300.jpg.webp,aswak_assalam
"Lot de 3 essuies tout, 2 plis – SANY",18.5,,Entretien,SANY,False,En stock,https://aswakassalam.com/wp-content/uploads/2026/03/3-300x300.jpg.webp,aswak_assalam
10 SACS POUBELLE 120L IGOR,30.95,,Entretien,IGOR,False,En stock,https://aswakassalam.com/wp-content/uploads/2026/04/1365871-300x300.jpg,aswak_assalam
10 SACS POUBELLES 35L FOLIA,13.95,,Entretien,FOLIA,False,En stock,https://aswakassalam.com/wp-content/uploads/2026/04/1134497-300x300.jpg,aswak_assalam
10 SACS POUBELLES DRAWSTRING 100L FOLIA,27.95,,Entretien,FOLIA,False,En stock,https://aswakassalam.com/wp-content/uploads/2026/04/1134501-300x300.jpg,aswak_assalam
10 SACS POUBELLES DRAWSTRING 130L FOLIA,42.95,,Entretien,FOLIA,False,En stock,https://aswakassalam.com/wp-content/uploads/2026/04/1134502-300x300.jpg,aswak_assalam
10 SACS POUBELLES DRAWSTRING 50L FOLIA,19.95,,Entretien,FOLIA,False,En stock,https://aswakassalam.com/wp-content/uploads/2026/04/1134499-300x300.jpg,aswak_assalam
100 GANTS NITRILE MEDIUM BLEU IGOR,89.95,,Entretien,IGOR,False,En stock,https://aswakassalam.com/wp-content/uploads/2026/04/1452920-300x300.jpg,aswak_assalam
100 GANTS NITRILE SMALL BLEU IGOR,89.95,,Entretien,IGOR,False,En stock,https://aswakassalam.com/wp-content/uploads/2026/04/1452919-300x300.jpg,aswak_assalam
100 GANTS NITRILE SMALL NOIR IGOR,89.95,,Entretien,IGOR,False,En stock,https://aswakassalam.com/wp-content/uploads/2026/04/1452918-300x300.jpg,aswak_assalam
12 FEUILLES DE PAPIER CUISSON SULFURISE NETOY,15.95,,Entretien,,False,En stock,https://aswakassalam.com/wp-content/uploads/2026/04/1259717-300x300.jpg,aswak_assalam
12 ROULEAUX PAPIER HYGIENIQUE 2 PLIS DALAA,24.95,,Entretien,,False,En stock,https://aswakassalam.com/wp-content/uploads/2026/04/1138272-300x300.jpg,aswak_assalam
15 SACS DE CONGELATION 25*30CM CHIKIPAK,19.95,,Entretien,,False,En stock,https://aswakassalam.com/wp-content/uploads/2026/04/1406934-300x300.jpg,aswak_assalam
2 GANTS DE NETTOYAGE MULTI-USAGE EN SILICONE MAGIC GLOVES,60.95,,Entretien,,False,En stock,https://aswakassalam.com/wp-content/uploads/2026/04/1404753-300x300.jpg,aswak_assalam
32 PASTILLES ALLUME FEU SANS ODEUR ASEVI,18.95,,Entretien,,False,En stock,https://aswakassalam.com/wp-content/uploads/2026/04/136092-300x300.jpg,aswak_assalam
40 pastilles pour lave-vaisselle parfum citron FINISH,94.95,,Entretien,,False,En stock,https://aswakassalam.com/wp-content/uploads/2024/06/4-300x300.jpg.webp,aswak_assalam
40 SACS POUBELLE 30L ELMEJOR,30.5,,Entretien,,False,En stock,https://aswakassalam.com/wp-content/uploads/2026/04/1369547-300x300.jpg,aswak_assalam
ADOUCISSANT 3L ECONET,44.95,,Entretien,,False,En stock,https://aswakassalam.com/wp-content/uploads/2026/04/115803-300x300.jpg,aswak_assalam
ADOUCISSANT A LA ROSE 3L DOUSSY,56.95,,Entretien,,False,En stock,https://aswakassalam.com/wp-content/uploads/2026/04/0963469-300x300.jpg,aswak_assalam
ADOUCISSANT CONCENTRE 3L ASEVI,52.95,,Entretien,,False,En stock,https://aswakassalam.com/wp-content/uploads/2026/04/1362307-300x300.jpg,aswak_assalam
"ADOUCISSANT CONCENTRE HYPOALLERGENIQUE ROSE TALC 1,5L ASEVI",33.5,,Entretien,,False,En stock,https://aswakassalam.com/wp-content/uploads/2026/04/1384695-300x300.jpg,aswak_assalam
"ADOUCISSANT FLEUR D’AMBRE ET BOIS DE SANTAL 1,44L PEROS",38.95,,Entretien,,False,En stock,https://aswakassalam.com/wp-content/uploads/2026/04/1453848-300x300.jpg,aswak_assalam
"ADOUCISSANT FLEUR DE PERLES ET CACHEMIRE 1,44L PEROS",38.95,,Entretien,,False,En stock,https://aswakassalam.com/wp-content/uploads/2026/04/1453850-300x300.jpg,aswak_assalam
ADOUCISSANT FRAICHEUR OXI 1L WASHY,22.95,,Entretien,,False,En stock,https://aswakassalam.com/wp-content/uploads/2026/04/1297055-300x300.jpg,aswak_assalam
"ADOUCISSANT JARDIN DE LAVANDE ET BOUGAINVILLIER 1,44L PEROS",38.95,,Entretien,,False,En stock,https://aswakassalam.com/wp-content/uploads/2026/04/1453851-300x300.jpg,aswak_assalam
"ADOUCISSANT ORCHIDEE BLEUE ET FLEURS DE LYS 1,44L PEROS",38.95,,Entretien,,False,En stock,https://aswakassalam.com/wp-content/uploads/2026/04/1453849-300x300.jpg,aswak_assalam
AEROSOL ANTI INSECTES RAMPANTS 360ML BAYGON,33.95,,Entretien,,False,En stock,https://aswakassalam.com/wp-content/uploads/2026/04/1395638-300x300.jpg,aswak_assalam
AEROSOL ANTI INSECTES RAMPANTS 450ML BAYGON,42.95,,Entretien,,False,En stock,https://aswakassalam.com/wp-content/uploads/2026/04/1395639-300x300.jpg,aswak_assalam
AEROSOL ANTI-INSECTES VOLANTS SANS ODEUR 400ML RAID,33.5,,Entretien,,False,En stock,https://aswakassalam.com/wp-content/uploads/2026/04/163083-300x300.jpg,aswak_assalam
AEROSOL INSECTICIDE CITRON 300ML LANCE,14.95,,Entretien,,False,En stock,https://aswakassalam.com/wp-content/uploads/2026/04/1391915-300x300.jpg,aswak_assalam
AEROSOL TOUT INSECTE PARFUME AU CITRON 200ML ZENTEK,12.95,,Entretien,,False,En stock,https://aswakassalam.com/wp-content/uploads/2026/04/1454528-300x300.jpg,aswak_assalam
AJAX VITRE 450ML,15.95,,Entretien,,False,En stock,https://aswakassalam.com/wp-content/uploads/2026/04/34987-300x300.jpg,aswak_assalam
ALLUME-FEU 48 CUBES FLAMMAT,14.5,,Entretien,,False,En stock,https://aswakassalam.com/wp-content/uploads/2026/04/145159-300x300.jpg,aswak_assalam
ALLUME-FEU ECOLOGIQUE 24 CUBES FLAMMAT,18.5,,Entretien,,False,En stock,https://aswakassalam.com/wp-content/uploads/2026/04/145161-300x300.jpg,aswak_assalam
ALLUME-FEU SANS ODEUR 48 CUBES FLAMMAT,17.95,,Entretien,,False,En stock,https://aswakassalam.com/wp-content/uploads/2026/04/145160-300x300.jpg,aswak_assalam
ANTI-CALCAIRE PISTOLET 650ML CAROLIN,48.5,,Entretien,,False,En stock,https://aswakassalam.com/wp-content/uploads/2026/04/1243897-300x300.jpg,aswak_assalam
ASSOUPLISSANT BLEU 1L COMFORT,26.95,,Entretien,,False,En stock,https://aswakassalam.com/wp-content/uploads/2026/04/1304193-300x300.jpg,aswak_assalam
ASSOUPLISSANT BLUE SKY 3L COMFORT,69.95,,Entretien,,False,En stock,https://aswakassalam.com/wp-content/uploads/2026/04/1304195-300x300.jpg,aswak_assalam
ASSOUPLISSANT CONCENTRE LAVANDE ET MUSK 1L DOWNY,38.95,,Entretien,,False,En stock,https://aswakassalam.com/wp-content/uploads/2026/04/1455868-300x300.jpg,aswak_assalam
ASSOUPLISSANT CONCENTRE ROSE GARDEN 1L DOWNY,38.95,,Entretien,,False,En stock,https://aswakassalam.com/wp-content/uploads/2026/04/1455867-300x300.jpg,aswak_assalam
ASSOUPLISSANT CONCENTRE VALLEY DEW 1L DOWNY,38.95,,Entretien,,False,En stock,https://aswakassalam.com/wp-content/uploads/2026/04/1455866-300x300.jpg,aswak_assalam
ASSOUPLISSANT CONCENTRE VANILLE ET MUSK 1L DOWNY,38.95,,Entretien,,False,En stock,https://aswakassalam.com/wp-content/uploads/2026/04/1455869-300x300.jpg,aswak_assalam
ASSOUPLISSANT FRAICHEUR GRAND AIR 3L SOUPLINE,78.95,,Entretien,,False,En stock,https://aswakassalam.com/wp-content/uploads/2026/04/59237-300x300.jpg,aswak_assalam
ASSOUPLISSANT GRAND AIR 1.5L SOUPLINE,39.95,,Entretien,,False,En stock,https://aswakassalam.com/wp-content/uploads/2026/04/1286408-300x300.jpg,aswak_assalam
"ASSOUPLISSANT HYPOALLERGENIQUE AU LAIT D’AMANDE DOUCE 2,85L SOUPLINE",78.95,,Entretien,,False,En stock,https://aswakassalam.com/wp-content/uploads/2026/04/1452200-300x300.jpg,aswak_assalam
ASSOUPLISSANT LAVANDE 3L SOUPLINE,78.95,,Entretien,,False,En stock,https://aswakassalam.com/wp-content/uploads/2026/04/165166-300x300.jpg,aswak_assalam
ASSOUPLISSANT ROSE 1L COMFORT,26.95,,Entretien,,False,En stock,https://aswakassalam.com/wp-content/uploads/2026/04/1304194-300x300.jpg,aswak_assalam
BALAI ACTIVEMAX CLASSIC VILEDA,310.0,,Entretien,,False,En stock,https://aswakassalam.com/wp-content/uploads/2026/04/37635-300x300.jpg,aswak_assalam
BALAI ANTI CHOC + MANCHE VILEDA,90.95,,Entretien,,False,En stock,https://aswakassalam.com/wp-content/uploads/2026/04/69345-300x300.jpg,aswak_assalam
BALAI BONITINA + MANCHE VILEDA,40.95,,Entretien,,False,En stock,https://aswakassalam.com/wp-content/uploads/2026/04/58852-300x300.jpg,aswak_assalam
BALAI PARADISE + MANCHE LEOPARDO,59.95,,Entretien,,False,En stock,https://aswakassalam.com/wp-content/uploads/2026/04/58328-300x300.jpg,aswak_assalam
BLOC EAU BLEUE POUR CHASSE D’EAU 2 UNITES 50G FLORA,18.95,,Entretien,,False,En stock,https://aswakassalam.com/wp-content/uploads/2026/04/1457360-300x300.jpg,aswak_assalam
BLOC WC BLEU ACTIVE FRAICHEUR CITRON FLORA,18.95,,Entretien,,False,En stock,https://aswakassalam.com/wp-content/uploads/2026/04/1457353-300x300.jpg,aswak_assalam
BLOC WC BLEU ACTIVE FRAICHEUR FLEURS FLORA,18.95,,Entretien,,False,En stock,https://aswakassalam.com/wp-content/uploads/2026/04/1457352-300x300.jpg,aswak_assalam
BLOC WC BLEU ACTIVE FRAICHEUR LAVANDE FLORA,18.95,,Entretien,,False,En stock,https://aswakassalam.com/wp-content/uploads/2026/04/1457354-300x300.jpg,aswak_assalam
BLOC WC BLEU ACTIVE FRAICHEUR OCEAN FLORA,18.95,,Entretien,,False,En stock,https://aswakassalam.com/wp-content/uploads/2026/04/1457355-300x300.jpg,aswak_assalam
BLOC WC FRAICHEUR CITRON 40G FLORA,13.95,,Entretien,,False,En stock,https://aswakassalam.com/wp-content/uploads/2026/04/1457356-300x300.jpg,aswak_assalam
BLOC WC FRAICHEUR LAVANDE 40G FLORA,13.95,,Entretien,,False,En stock,https://aswakassalam.com/wp-content/uploads/2026/04/1457357-300x300.jpg,aswak_assalam
BLOC WC FRAICHEUR OCEAN 40G FLORA,13.95,,Entretien,,False,En stock,https://aswakassalam.com/wp-content/uploads/2026/04/1457359-300x300.jpg,aswak_assalam
BLOC WC PARFUM CITRON FLORA,15.95,,Entretien,,False,En stock,https://aswakassalam.com/wp-content/uploads/2026/04/1457349-300x300.jpg,aswak_assalam
BLOC WC PARFUM LAVANDE FLORA,15.95,,Entretien,,False,En stock,https://aswakassalam.com/wp-content/uploads/2026/04/1457348-300x300.jpg,aswak_assalam
BLOC WC PARFUM OCEAN FLORA,15.95,,Entretien,,False,En stock,https://aswakassalam.com/wp-content/uploads/2026/04/1457351-300x300.jpg,aswak_assalam
BLOC WC PARFUM PIN 40G FLORA,13.95,,Entretien,,False,En stock,https://aswakassalam.com/wp-content/uploads/2026/04/1457358-300x300.jpg,aswak_assalam
BLOC WC STYLE CRYSTAL BLUE FRESH 36.5G WC NET,28.95,,Entretien,,False,En stock,https://aswakassalam.com/wp-content/uploads/2026/04/1330103-300x300.jpg,aswak_assalam
BLOC WC STYLE CRYSTAL GREEN EXOTIC 36.5G WC NET,28.95,,Entretien,,False,En stock,https://aswakassalam.com/wp-content/uploads/2026/04/1330104-300x300.jpg,aswak_assalam
BOITE A MOUCHOIRS 4 PLIS  80 UNITES TEMPO,33.95,,Entretien,,False,En stock,https://aswakassalam.com/wp-content/uploads/2026/04/0989569-300x300.jpg,aswak_assalam
BRILLETTE MARRON YAK,24.95,,Entretien,,False,En stock,https://aswakassalam.com/wp-content/uploads/2026/04/80371-300x300.jpg,aswak_assalam
BRILLETTE NOIRE YAK,24.95,,Entretien,,False,En stock,https://aswakassalam.com/wp-content/uploads/2026/04/80372-300x300.jpg,aswak_assalam
BROSSE A VAISSELLE PAREX,16.9,,Entretien,,False,En stock,https://aswakassalam.com/wp-content/uploads/2026/04/1188413-300x300.jpg,aswak_assalam
CHAMOISINE N°6,10.5,,Entretien,,False,En stock,https://aswakassalam.com/wp-content/uploads/2026/04/1154288-300x300.jpg,aswak_assalam
CHAMOISINE N°8,12.5,,Entretien,,False,En stock,https://aswakassalam.com/wp-content/uploads/2026/04/1154268-300x300.jpg,aswak_assalam
CIRAGE DAIM & NUBUCK RENOVATEUR SPRAY NOIR 200ML SMART DIAMOND,49.5,,Entretien,,False,En stock,https://aswakassalam.com/wp-content/uploads/2026/04/1173656-300x300.jpg,aswak_assalam
CIRAGE DAIM & NUBUCK SPRAY MARRON 200ML SMART DIAMOND,49.5,,Entretien,,False,En stock,https://aswakassalam.com/wp-content/uploads/2026/04/1173655-300x300.jpg,aswak_assalam
CIRAGE LIQUIDE BLANC 80ML DIAMOND SMART,18.95,,Entretien,,False,En stock,https://aswakassalam.com/wp-content/uploads/2026/04/1173660-300x300.jpg,aswak_assalam
CIRAGE LIQUIDE NEUTRE 80ML SMART DIAMOND,18.95,,Entretien,,False,En stock,https://aswakassalam.com/wp-content/uploads/2026/04/1173662-300x300.jpg,aswak_assalam
CIRAGE LIQUIDE SMART NOIR 80ML DIAMOND,18.95,,Entretien,,False,En stock,https://aswakassalam.com/wp-content/uploads/2026/04/1173663-300x300.jpg,aswak_assalam
COUCHES BEBE JUNIOR 11-18KG 30 UNITES VALUE PACK MOLFIX,63.95,,Entretien,,False,En stock,https://aswakassalam.com/wp-content/uploads/2026/04/1207158-300x300.jpg,aswak_assalam
COUCHES BEBE JUNIOR 18-25 KG 48 UNITES JUMBO PACK CALIN,84.95,,Entretien,,False,En stock,https://aswakassalam.com/wp-content/uploads/2026/04/1256036-300x300.jpg,aswak_assalam
COUCHES BEBE JUNIOR 18-25 KG 48 UNITES JUMBO PACK CALIN + LINGETTES 55 UNITES CALIN GRATUITES,84.95,,Entretien,,False,En stock,https://aswakassalam.com/wp-content/uploads/2026/04/1444322-300x300.jpg,aswak_assalam
COUCHES BEBE JUNIOR 56 UNITES JUMBO PACK DALAA,91.95,,Entretien,,False,En stock,https://aswakassalam.com/wp-content/uploads/2026/04/1271215-300x300.jpg,aswak_assalam
COUCHES BEBE JUNIOR COMFORT DRY TAILLE 5 48 UNITES JUMBO PACK CALIN (GRATUIT LINGETTES 100 UNITES),79.95,,Entretien,,False,En stock,https://aswakassalam.com/wp-content/uploads/2026/04/1456254-300x300.jpg,aswak_assalam
PC PORTABLE 15.6 POUCES I3 1005G1 10EME GENERATION HP,4999.0,,Multimedia,,False,En stock,https://aswakassalam.com/wp-content/uploads/2026/04/1377218-300x300.jpg,aswak_assalam
BARRE DE SON AZ-BS-50 AZATECH,599.0,,Multimedia,,False,En stock,https://aswakassalam.com/wp-content/uploads/2026/04/1387613-300x300.jpg,aswak_assalam
BARRE DE SON BLUETOOTH HW-C400/MV SAMSUNG,1390.0,,Multimedia,,False,En stock,https://aswakassalam.com/wp-content/uploads/2026/04/1443325-300x300.jpg,aswak_assalam
BARRE DE SON HW-C450/MV SAMSUNG,2290.0,,Multimedia,,False,En stock,https://aswakassalam.com/wp-content/uploads/2026/04/1441410-300x300.jpg,aswak_assalam
"CABLE HDMI 8K 1,5M",89.0,,Multimedia,,False,En stock,https://aswakassalam.com/wp-content/uploads/2026/04/1387609-300x300.jpg,aswak_assalam
CABLE HDMI 8K 3M,119.0,,Multimedia,,False,En stock,https://aswakassalam.com/wp-content/uploads/2026/04/1387610-300x300.jpg,aswak_assalam
CABLE HDMI 8K 5M,145.0,,Multimedia,,False,En stock,https://aswakassalam.com/wp-content/uploads/2026/04/1387611-300x300.jpg,aswak_assalam
CABLE MICRO USB Z-M1 1M ZATEC,29.0,,Multimedia,,False,En stock,https://aswakassalam.com/wp-content/uploads/2026/04/1437191-300x300.jpg,aswak_assalam
CABLE TYPE C USB 1M BLANC Z-26 1M/ C Z-29 ZATEC,49.0,,Multimedia,,False,En stock,https://aswakassalam.com/wp-content/uploads/2026/04/1296896-300x300.jpg,aswak_assalam
CABLE TYPE-C TO TYPE-C Z-MV13A 1 M ZATEC,39.0,,Multimedia,,False,En stock,https://aswakassalam.com/wp-content/uploads/2026/04/1437188-300x300.jpg,aswak_assalam
CARTE MICRO SD 256G 100MB/S LEXAR,399.0,,Multimedia,,False,En stock,https://aswakassalam.com/wp-content/uploads/2026/04/1445540-300x300.jpg,aswak_assalam
CARTE MICROSD 16GO ZATEC,59.0,,Multimedia,,False,En stock,https://aswakassalam.com/wp-content/uploads/2026/04/1407655-300x300.jpg,aswak_assalam
CARTE MICROSD 32GO ZATEC,109.0,,Multimedia,,False,En stock,https://aswakassalam.com/wp-content/uploads/2026/04/1407656-300x300.jpg,aswak_assalam
CARTE MICROSD 64GO ZATEC,189.0,,Multimedia,,False,En stock,https://aswakassalam.com/wp-content/uploads/2026/04/1407657-300x300.jpg,aswak_assalam
CARTOUCHE DENCRE NOIR 305 HP,189.0,,Multimedia,,False,En stock,https://aswakassalam.com/wp-content/uploads/2026/04/1444344-300x300.jpg,aswak_assalam
CARTOUCHE DENCRE TRICOLORE 305 HP,189.0,,Multimedia,,False,En stock,https://aswakassalam.com/wp-content/uploads/2026/04/1444343-300x300.jpg,aswak_assalam
CASQUE BLUETOOTH SANS FIL RAIZER 1 ZATEC,199.0,,Multimedia,,False,En stock,https://aswakassalam.com/wp-content/uploads/2026/04/1305253-300x300.jpg,aswak_assalam
CHARGEUR + CABLE LIGHTNING USB Z-46 ZATEC,115.0,,Multimedia,,False,En stock,https://aswakassalam.com/wp-content/uploads/2026/04/1407663-300x300.jpg,aswak_assalam
CHARGEUR + CABLE TYPE-C USB Z-46 ZATEC,115.0,,Multimedia,,False,En stock,https://aswakassalam.com/wp-content/uploads/2026/04/1407662-300x300.jpg,aswak_assalam
CHARGEUR 65W Z-M65W GAN ZATEC,249.0,,Multimedia,,False,En stock,https://aswakassalam.com/wp-content/uploads/2026/04/1437183-300x300.jpg,aswak_assalam
CHARGEUR AUTO PD 32W M-C27 ZATEC,99.0,,Multimedia,,False,En stock,https://aswakassalam.com/wp-content/uploads/2026/04/1437181-300x300.jpg,aswak_assalam
CHARGEUR AVEC CABLE INTEGRE MICRO USB M-C03 ZATEC,49.0,,Multimedia,,False,En stock,https://aswakassalam.com/wp-content/uploads/2026/04/1395459-300x300.jpg,aswak_assalam
CHARGEUR POWER PLUS 27 + CABLE LIGHTNING ZATEC,79.0,,Multimedia,,False,En stock,https://aswakassalam.com/wp-content/uploads/2026/04/1437192-300x300.jpg,aswak_assalam
CHARGEUR Z-25 TYPE-C PD 25W ZATEC,129.0,,Multimedia,,False,En stock,https://aswakassalam.com/wp-content/uploads/2026/04/1437182-300x300.jpg,aswak_assalam
CHARGEUR Z-43 + CABLE MICRO USB ZATEC,59.9,,Multimedia,,False,En stock,https://aswakassalam.com/wp-content/uploads/2026/04/1437199-300x300.jpg,aswak_assalam
CHARGEUR Z-50 + CABLE TYPE-C TO TYPE-C ZATEC,149.0,,Multimedia,,False,En stock,https://aswakassalam.com/wp-content/uploads/2026/04/1449488-300x300.jpg,aswak_assalam
CLAVIER DE JEU GXT 830-RW GRAND FORMAT AVEC RETROECLAIRAGE AVONN TRUST,299.0,,Multimedia,,False,En stock,https://aswakassalam.com/wp-content/uploads/2026/04/1348055-300x300.jpg,aswak_assalam
CLE USB 32G 2.0 V40 LEXAR,69.0,,Multimedia,,False,En stock,https://aswakassalam.com/wp-content/uploads/2026/04/1445542-300x300.jpg,aswak_assalam
CLE USB 32GO ZATEC,99.0,,Multimedia,,False,En stock,https://aswakassalam.com/wp-content/uploads/2026/04/1407660-300x300.jpg,aswak_assalam
CLE USB 64GO ZATEC,149.0,,Multimedia,,False,En stock,https://aswakassalam.com/wp-content/uploads/2026/04/1407661-300x300.jpg,aswak_assalam
CLE USB ALUMINIUM 16G 2.0 M22 LEXAR,69.0,,Multimedia,,False,En stock,https://aswakassalam.com/wp-content/uploads/2026/04/1445544-300x300.jpg,aswak_assalam
CLE USB ULTRA RAPIDE 128G 3.0 M400 LEXAR,299.0,,Multimedia,,False,En stock,https://aswakassalam.com/wp-content/uploads/2026/04/1445549-300x300.jpg,aswak_assalam
CLE USB ULTRA RAPIDE 32G 3.0 M400 LEXAR,129.0,,Multimedia,,False,En stock,https://aswakassalam.com/wp-content/uploads/2026/04/1445547-300x300.jpg,aswak_assalam
DISQUE DUR EXTERNE 1TO SSD 1LSL200X001T-RNNNG LEXAR,1399.0,,Multimedia,,False,En stock,https://aswakassalam.com/wp-content/uploads/2026/04/1445553-300x300.jpg,aswak_assalam
DISQUE DUR EXTERNE 512G SSD LSL200X512G-RNNNG LEXAR,999.0,,Multimedia,,False,En stock,https://aswakassalam.com/wp-content/uploads/2026/04/1445536-300x300.jpg,aswak_assalam
ECOUTEURS AKG TYPE C WHITE EO-IC100BWEGWW SAMSUNG,179.0,,Multimedia,,False,En stock,https://aswakassalam.com/wp-content/uploads/2026/04/1419414-300x300.jpg,aswak_assalam
ECOUTEURS AVEC MICRO INTEGRE JOY105 ZATEC,59.0,,Multimedia,,False,En stock,https://aswakassalam.com/wp-content/uploads/2026/04/1407653-300x300.jpg,aswak_assalam
ECOUTEURS FILAIRES AVEC CONNECTEUR TYPE-C JOY118 ZATEC,69.0,,Multimedia,,False,En stock,https://aswakassalam.com/wp-content/uploads/2026/04/1456850-300x300.jpg,aswak_assalam
"ECOUTEURS FILAIRES AVEC MICRO 1,2M BLANC JOY 8/9 ZATEK",49.0,,Multimedia,,False,En stock,https://aswakassalam.com/wp-content/uploads/2026/04/1296897-300x300.jpg,aswak_assalam
ECOUTEURS FILAIRES HF140 ROUGE LENOVO,69.0,,Multimedia,,False,En stock,https://aswakassalam.com/wp-content/uploads/2026/04/1407667-300x300.jpg,aswak_assalam
ECOUTEURS FILAIRES INTRA-AURICULAIRES JOY108 ZATEC,39.0,,Multimedia,,False,En stock,https://aswakassalam.com/wp-content/uploads/2026/04/1437193-300x300.jpg,aswak_assalam
ECOUTEURS SANS FIL BLUETOOTH BT-TWS EXTREME ZATEC,169.0,,Multimedia,,False,En stock,https://aswakassalam.com/wp-content/uploads/2026/04/1353984-300x300.jpg,aswak_assalam
ECOUTEURS SANS FIL JOYAIRPODS Z/1 ZATEC,149.0,,Multimedia,,False,En stock,https://aswakassalam.com/wp-content/uploads/2026/04/1395458-300x300.jpg,aswak_assalam
ENCEINTE SOUND TOWER 240W MX-ST50B/MV SAMSUNG,4999.0,,Multimedia,,False,En stock,https://aswakassalam.com/wp-content/uploads/2026/04/1429079-300x300.jpg,aswak_assalam
ENCEINTE SOUND TOWER MX-ST40B/MV SAMSUNG,3990.0,,Multimedia,,False,En stock,https://aswakassalam.com/wp-content/uploads/2026/04/1421746-300x300.jpg,aswak_assalam
GALAXY BUDS3 SILVER SM-R530NZAAMEA SAMSUNG,1499.0,,Multimedia,,False,En stock,https://aswakassalam.com/wp-content/uploads/2026/04/1457533-300x300.jpg,aswak_assalam
HAUT PARLEUR BLUETOOTH DK-103 AZATECK,799.0,,Multimedia,,False,En stock,https://aswakassalam.com/wp-content/uploads/2026/04/1387614-300x300.jpg,aswak_assalam
HAUT PARLEUR BLUETOOTH DK-105 AZATECK,749.0,,Multimedia,,False,En stock,https://aswakassalam.com/wp-content/uploads/2026/04/1387615-300x300.jpg,aswak_assalam
IMPRIMANTE 3 EN 1 PORT USB 2.0 MG2540S CANON,449.0,,Multimedia,,False,En stock,https://aswakassalam.com/wp-content/uploads/2026/04/1358207-300x300.jpg,aswak_assalam
IMPRIMANTE 3 EN 1 SANS FIL TS3140/3440 CANON,599.0,,Multimedia,,False,En stock,https://aswakassalam.com/wp-content/uploads/2026/04/1358208-300x300.jpg,aswak_assalam
IMPRIMANTE PIXMA MEGA TANK Wi-Fi 6 CARTOUCHES G540 SFP CANON,2499.0,,Multimedia,,False,En stock,https://aswakassalam.com/wp-content/uploads/2026/04/1452322-300x300.jpg,aswak_assalam
IMPRIMANTE WIFI DESKJET 2710 HP,499.0,,Multimedia,,False,En stock,https://aswakassalam.com/wp-content/uploads/2026/04/1368574-300x300.jpg,aswak_assalam
LED TV 32 POUCES HD RECEPTEUR INTEGRE 32-DT-03 KROHLER,1199.0,,Multimedia,,False,En stock,https://aswakassalam.com/wp-content/uploads/2026/04/1280136-300x300.jpg,aswak_assalam
MICRO CASQUE INTRA-AURICULAIRE FILAIRE STREAMING RAZER IFRIT,1199.0,,Multimedia,,False,En stock,https://aswakassalam.com/wp-content/uploads/2026/04/1457453-300x300.jpg,aswak_assalam
MINI CHAINE BLUETOOTH DK-104 AZATECK,799.0,,Multimedia,,False,En stock,https://aswakassalam.com/wp-content/uploads/2026/04/1387616-300x300.jpg,aswak_assalam
NEO QLED SMART 4K 55 POUCES QA55QN90CAUXMV  SAMSUNG,17990.0,,Multimedia,,False,En stock,https://aswakassalam.com/wp-content/uploads/2026/04/1442273-300x300.jpg,aswak_assalam
PC PORTABLE 14 POUCES I5 R465EP-BV214T-1135G7 8G 512G SSD W10 SILVER ASUS,6699.0,,Multimedia,,False,En stock,https://aswakassalam.com/wp-content/uploads/2026/04/1453114-300x300.jpg,aswak_assalam
PC PORTABLE 14 POUCES NOTEBOOK CELERON SMART 4G 64G ACCENT,2399.0,,Multimedia,,False,En stock,https://aswakassalam.com/wp-content/uploads/2026/04/1447921-300x300.jpg,aswak_assalam
PC PORTABLE 15.6 POUCES I5 HP250 8G 256G SSD W10 HP (SACOCHE GRATUITE),5199.0,,Multimedia,,False,En stock,https://aswakassalam.com/wp-content/uploads/2026/04/1436582-300x300.jpg,aswak_assalam
"PC PORTABLE CELERON 15,6″ 4G 256GO SSD W10 W2005 ACCENT (SACOCHE + SOURIS GRATUITES)",2499.0,,Multimedia,,False,En stock,https://aswakassalam.com/wp-content/uploads/2026/04/1359722-300x300.jpg,aswak_assalam
"PC PORTABLE I5 15,6? 8G 256GO SSD W10 W5000B1A ACCENT",3599.0,,Multimedia,,False,En stock,https://aswakassalam.com/wp-content/uploads/2026/04/1359723-300x300.jpg,aswak_assalam
POCHETTE NINTENDO SWITCH MARIO,299.0,,Multimedia,,False,En stock,https://aswakassalam.com/wp-content/uploads/2026/04/1457452-300x300.jpg,aswak_assalam
POCHETTE POUR PC PORTABLE 13.3 POUCES ROUGE BORDEAUX 7913 RIVACASE,239.0,,Multimedia,,False,En stock,https://aswakassalam.com/wp-content/uploads/2026/04/1449937-300x300.jpg,aswak_assalam
POWER BANK LI-POLYMER 2 PORTS 5600MAH ZATEC,119.0,,Multimedia,,False,En stock,https://aswakassalam.com/wp-content/uploads/2026/04/1342162-300x300.jpg,aswak_assalam
QLED TV SMART 4K 55 POUCES QA55Q60DAUXMV SAMSUNG,9990.0,,Multimedia,,False,En stock,https://aswakassalam.com/wp-content/uploads/2026/04/1454977-300x300.jpg,aswak_assalam
QLED TV SMART 4K FRAMELESS 55 POUCES 55SUE950 SKYWORTH,6390.0,,Multimedia,,False,En stock,https://aswakassalam.com/wp-content/uploads/2026/04/1439560-300x300.jpg,aswak_assalam
RECEPTEUR A800 AVEC CLE WIFI AZATECH,239.0,,Multimedia,,False,En stock,https://aswakassalam.com/wp-content/uploads/2026/04/1387604-300x300.jpg,aswak_assalam
RECEPTEUR HD A800 AZATECH,189.0,,Multimedia,,False,En stock,https://aswakassalam.com/wp-content/uploads/2026/04/1387603-300x300.jpg,aswak_assalam
RECEPTEUR SMART BOX X96 MINI 2G/16GB AZATECH,499.0,,Multimedia,,False,En stock,https://aswakassalam.com/wp-content/uploads/2026/04/1432975-300x300.jpg,aswak_assalam
RECEPTEUR SMARTBOX Z1 4G/32GB NOIR AZATECH (SUPPORT GRATUIT),599.0,,Multimedia,,False,En stock,https://aswakassalam.com/wp-content/uploads/2026/04/1387600-300x300.jpg,aswak_assalam
SAC A DOS POUR PC PORTABLE NOIR AVEC SOURIS SANS FIL 7563 RIVACASE,399.0,,Multimedia,,False,En stock,https://aswakassalam.com/wp-content/uploads/2026/04/1449934-300x300.jpg,aswak_assalam
SMART BOX Z1 LINK 2G/16GB ANDROID AZATECH,349.0,,Multimedia,,False,En stock,https://aswakassalam.com/wp-content/uploads/2026/04/1406954-300x300.jpg,aswak_assalam
"SMART BOX Z1, RAM 2GB, STOCKAGE 16GB, AZASAT",499.0,,Multimedia,,False,En stock,https://aswakassalam.com/wp-content/uploads/2026/04/1387599-300x300.jpg,aswak_assalam
SMART HOME CAMERA ZC-2307 ZATEC,349.0,,Multimedia,,False,En stock,https://aswakassalam.com/wp-content/uploads/2026/04/1450580-300x300.jpg,aswak_assalam
SMART TV 32 POUCES FULL HD TBKS-TM-02 KROHLER,1790.0,,Multimedia,,False,En stock,https://aswakassalam.com/wp-content/uploads/2026/04/1297616-300x300.jpg,aswak_assalam
SMART TV 32 POUCES HD AZ-32P19S AZATECH,1999.0,,Multimedia,,False,En stock,https://aswakassalam.com/wp-content/uploads/2026/04/1387594-300x300.jpg,aswak_assalam
SMART TV 32 POUCES HD UA32T5300AUXMV SAMSUNG,3599.0,,Multimedia,,False,En stock,https://aswakassalam.com/wp-content/uploads/2026/04/1347082-300x300.jpg,aswak_assalam
SMART TV 40 POUCES HD RECEPTEUR INTEGRE AZ-40P19S AZATECH,2999.0,,Multimedia,,False,En stock,https://aswakassalam.com/wp-content/uploads/2026/04/1387595-300x300.jpg,aswak_assalam
SMART TV 43 POUCES FULL HD TKS 43 KROHLER,3090.0,,Multimedia,,False,En stock,https://aswakassalam.com/wp-content/uploads/2026/04/1271904-300x300.jpg,aswak_assalam
SMART TV 50 POUCES 4K TKS-50-SM-02 KROHLER,4599.0,,Multimedia,,False,En stock,https://aswakassalam.com/wp-content/uploads/2026/04/1273473-300x300.jpg,aswak_assalam
SMART TV 55 POUCES UHD RECEPTEUR INTEGRE AZ-55H1 AZATECH,4999.0,,Multimedia,,False,En stock,https://aswakassalam.com/wp-content/uploads/2026/04/1387596-300x300.jpg,aswak_assalam
SMART TV 75 POUCES H1 UHD ANDROID 9 RECEPTEUR INTEGRE AZATECH,10490.0,,Multimedia,,False,En stock,https://aswakassalam.com/wp-content/uploads/2026/04/1400844-300x300.jpg,aswak_assalam
SMART TV LED 4K 43 POUCES UA43DU7000UXMV SAMSUNG,4690.0,,Multimedia,,False,En stock,https://aswakassalam.com/wp-content/uploads/2026/04/1455153-300x300.jpg,aswak_assalam
SMART TV LED 4K 58 POUCES 58S10 AZATECH,5299.0,,Multimedia,,False,En stock,https://aswakassalam.com/wp-content/uploads/2026/04/1435299-300x300.jpg,aswak_assalam
