sku,nom,categorie,price,desc,currency,source,name_length,name_word_count,brand_detected,has_quantity,price_log,price_bucket,category_freq,is_premium_category
MYM-0001,olla sauce pizza tomate olla 350g,alimentation,8.9,olla sauce pizza tomate olla 350g,MAD,MyMarket,33,6,0,1,2.2925347571405443,low,0.08565928777670838,0
MYM-0002,ayala boisson à l’avoine calcium ayala 1l,alimentation,22.0,ayala boisson à l’avoine calcium ayala 1l,MAD,MyMarket,41,7,1,1,3.1354942159291497,medium,0.08565928777670838,0
MYM-0003,ayala café moulu intense ayala 250g,alimentation,39.5,ayala café moulu intense ayala 250g,MAD,MyMarket,35,6,1,1,3.7013019741124933,medium,0.08565928777670838,0
MYM-0004,ayala café moulu mélange ayala 250g,alimentation,39.5,ayala café moulu mélange ayala 250g,MAD,MyMarket,35,6,1,1,3.7013019741124933,medium,0.08565928777670838,0
MYM-0005,ayala champignons tranchés ayala 355g,alimentation,16.95,ayala champignons tranchés ayala 355g,MAD,MyMarket,37,5,1,1,2.8875901149342877,low,0.08565928777670838,0
MYM-0006,ayala boisson au soja calcium ayala 1l,alimentation,22.0,ayala boisson au soja calcium ayala 1l,MAD,MyMarket,38,7,1,1,3.1354942159291497,medium,0.08565928777670838,0
MYM-0007,ayala biscuits à la cannelle ayala 470g,alimentation,24.0,ayala biscuits à la cannelle ayala 470g,MAD,MyMarket,39,7,1,1,3.2188758248682006,medium,0.08565928777670838,0
MYM-0008,ayala pâte de coing membrillo ayala 400g,alimentation,14.89,ayala pâte de coing membrillo ayala 400g,MAD,MyMarket,40,7,1,1,2.7656899805486246,low,0.08565928777670838,0
MYM-0009,ayala petits pois réhydratés ayala 400g,alimentation,10.95,ayala petits pois réhydratés ayala 400g,MAD,MyMarket,39,6,1,1,2.4807312783775197,low,0.08565928777670838,0
MYM-0010,ayala tacos de poisson en sauce marine ayala 72g,alimentation,21.5,ayala tacos de poisson en sauce marine ayala 72g,MAD,MyMarket,48,9,1,1,3.1135153092103742,medium,0.08565928777670838,0
MYM-0011,ayala tacos de poisson à l’huile de tournesol ayala 72g,alimentation,21.5,ayala tacos de poisson à l’huile de tournesol ayala 72g,MAD,MyMarket,55,10,1,1,3.1135153092103742,medium,0.08565928777670838,0
MYM-0012,ayala tacos de poisson à l’ail ayala 72g,alimentation,21.5,ayala tacos de poisson à l’ail ayala 72g,MAD,MyMarket,40,8,1,1,3.1135153092103742,medium,0.08565928777670838,0
MYM-0013,ayala pâté de thon aux morceaux de thon ayala 2x78g,alimentation,26.5,ayala pâté de thon aux morceaux de thon ayala 2x78g,MAD,MyMarket,51,10,1,1,3.3141860046725258,medium,0.08565928777670838,0
MYM-0014,ayala petits calamars farcis à l’encre ayala 72g,alimentation,25.0,ayala petits calamars farcis à l’encre ayala 72g,MAD,MyMarket,48,8,1,1,3.258096538021482,medium,0.08565928777670838,0
MYM-0015,ayala chipirones farcis en sauce américaine ayala 72g,alimentation,25.0,ayala chipirones farcis en sauce américaine ayala 72g,MAD,MyMarket,53,8,1,1,3.258096538021482,medium,0.08565928777670838,0
MYM-0016,ayala chipirones farcis à l’huile de tournesol ayala 72g,alimentation,25.0,ayala chipirones farcis à l’huile de tournesol ayala 72g,MAD,MyMarket,56,9,1,1,3.258096538021482,medium,0.08565928777670838,0
MYM-0017,ayala pack de 3 petites boîtes calamars en sauce américaine ayala 3x55g,alimentation,28.55,ayala pack de 3 petites boîtes calamars en sauce américaine ayala 3x55g,MAD,MyMarket,71,12,1,1,3.386083743852107,medium,0.08565928777670838,0
MYM-0018,ayala filets de melva à l’huile de tournesol ayala 85g,alimentation,21.95,ayala filets de melva à l’huile de tournesol ayala 85g,MAD,MyMarket,54,10,1,1,3.133317936506554,medium,0.08565928777670838,0
MYM-0019,ayala filets de maquereau à la tomate ayala 85g,alimentation,17.5,ayala filets de maquereau à la tomate ayala 85g,MAD,MyMarket,47,9,1,1,2.917770732084279,low,0.08565928777670838,0
MYM-0020,ayala filets de maquereau à l’huile de tournesol ayala 85g,alimentation,17.5,ayala filets de maquereau à l’huile de tournesol ayala 85g,MAD,MyMarket,58,10,1,1,2.917770732084279,low,0.08565928777670838,0
MYM-0021,ayala maïs sucré doux extra ayala 340g,alimentation,13.1,ayala maïs sucré doux extra ayala 340g,MAD,MyMarket,38,7,1,1,2.6461747973841225,low,0.08565928777670838,0
MYM-0022,ayala confiture de fraise extra ayala 410g,alimentation,22.69,ayala confiture de fraise extra ayala 410g,MAD,MyMarket,42,7,1,1,3.165053018170694,medium,0.08565928777670838,0
MYM-0023,ayala pâtes spirales végétales ayala 500g,alimentation,18.95,ayala pâtes spirales végétales ayala 500g,MAD,MyMarket,41,6,1,1,2.9932291433358724,low,0.08565928777670838,0
MYM-0024,ayala pâtes estrellitas ayala 500g,alimentation,15.95,ayala pâtes estrellitas ayala 500g,MAD,MyMarket,34,5,1,1,2.830267833826459,low,0.08565928777670838,0
MYM-0001,ayala spaghetti ayala 500g,alimentation,14.5,ayala spaghetti ayala 500g,MAD,MyMarket,26,4,1,1,2.740840023925201,low,0.08565928777670838,0
MYM-0002,4 épais ayala 500g,alimentation,15.95,4 épais ayala 500g,MAD,MyMarket,18,4,1,1,2.830267833826459,low,0.08565928777670838,0
MYM-0003,sidi ali pack eau minérale bouteille orange pour enfants sidi ali 33cl - 6 unités,alimentation,12.0,sidi ali pack eau minérale bouteille orange pour enfants sidi ali 33cl - 6 unités,MAD,MyMarket,81,15,1,1,2.5649493574615367,low,0.08565928777670838,0
MYM-0004,sidi ali pack eau minérale bouteille rose pour enfants sidi ali 33cl - 6 unités,alimentation,12.0,sidi ali pack eau minérale bouteille rose pour enfants sidi ali 33cl - 6 unités,MAD,MyMarket,79,15,1,1,2.5649493574615367,low,0.08565928777670838,0
MYM-0005,sidi ali pack eau minérale bouteille vert pour enfants sidi ali 33cl - 6 unités,alimentation,12.0,sidi ali pack eau minérale bouteille vert pour enfants sidi ali 33cl - 6 unités,MAD,MyMarket,79,15,1,1,2.5649493574615367,low,0.08565928777670838,0
MYM-0006,desly feuilles nori pour sushi 100 unités desly,alimentation,259.0,desly feuilles nori pour sushi 100 unités desly,MAD,MyMarket,47,8,0,0,5.560681631015528,high,0.08565928777670838,0
MYM-0007,schär galettes souples wraps sans gluten schär 160g,alimentation,69.9,schär galettes souples wraps sans gluten schär 160g,MAD,MyMarket,51,8,0,1,4.2612704335380815,high,0.08565928777670838,0
MYM-0008,schär biscuits salés croustillants crackers multicéréales sans gluten schär 210g,alimentation,58.9,schär biscuits salés croustillants crackers multicéréales sans gluten schär 210g,MAD,MyMarket,80,10,0,1,4.092676505121403,medium,0.08565928777670838,0
MYM-0009,sebaa thé vert en grains lion 4011 ata sebaa 500g,alimentation,61.95,sebaa thé vert en grains lion 4011 ata sebaa 500g,MAD,MyMarket,49,10,0,1,4.142340760490356,high,0.08565928777670838,0
MYM-0010,sebaa thé vert de chine lion 4011 atay sebaa 100g,alimentation,11.7,sebaa thé vert de chine lion 4011 atay sebaa 100g,MAD,MyMarket,49,10,0,1,2.5416019934645457,low,0.08565928777670838,0
MYM-0011,chakour thé vert de chine extra-fin chakour 100g,alimentation,11.5,chakour thé vert de chine extra-fin chakour 100g,MAD,MyMarket,48,8,0,1,2.5257286443082556,low,0.08565928777670838,0
MYM-0012,chakour thé vert de chine extra fin gunpowder chakour 500g,alimentation,54.0,chakour thé vert de chine extra fin gunpowder chakour 500g,MAD,MyMarket,58,10,0,1,4.007333185232471,medium,0.08565928777670838,0
MYM-0013,schär biscuits salés crackers sans gluten schär 210g,alimentation,49.95,schär biscuits salés crackers sans gluten schär 210g,MAD,MyMarket,52,8,0,1,3.9308447596687337,medium,0.08565928777670838,0
MYM-0014,schär chips soufflée curvies paprika sans gluten schär 170g,alimentation,44.9,schär chips soufflée curvies paprika sans gluten schär 170g,MAD,MyMarket,59,9,0,1,3.8264651170664994,medium,0.08565928777670838,0
MYM-0015,schär curvies barbecue sans gluten schär 170g,alimentation,44.9,schär curvies barbecue sans gluten schär 170g,MAD,MyMarket,45,7,0,1,3.8264651170664994,medium,0.08565928777670838,0
MYM-0016,bjorg galettes de riz quinoa sans gluten bjorg 130g,alimentation,39.95,bjorg galettes de riz quinoa sans gluten bjorg 130g,MAD,MyMarket,51,9,0,1,3.7123518102990785,medium,0.08565928777670838,0
MYM-0017,bjorg galettes 4 céréales sans gluten pauvre en sel bjorg 130g,alimentation,36.0,bjorg galettes 4 céréales sans gluten pauvre en sel bjorg 130g,MAD,MyMarket,62,11,0,1,3.6109179126442243,medium,0.08565928777670838,0
MYM-0018,herr's chips soufflées sang gluten curls fromage bleu buffalo herr's 113g,alimentation,25.5,herr's chips soufflées sang gluten curls fromage bleu buffalo herr's 113g,MAD,MyMarket,73,11,0,1,3.2771447329921766,medium,0.08565928777670838,0
MYM-0019,lavazza café grain espresso intensité 5 oro lavazza 1kg,alimentation,390.0,lavazza café grain espresso intensité 5 oro lavazza 1kg,MAD,MyMarket,55,9,1,1,5.968707559985366,high,0.08565928777670838,0
MYM-0020,harvey 175g,alimentation,29.94,harvey 175g,MAD,MyMarket,11,2,0,1,3.43204984514492,medium,0.08565928777670838,0
MYM-0021,10 asta 200g,alimentation,17.5,10 asta 200g,MAD,MyMarket,12,3,0,1,2.917770732084279,low,0.08565928777670838,0
MYM-0022,samar café moulu intense et équilibré classic samar 90g,alimentation,19.0,samar café moulu intense et équilibré classic samar 90g,MAD,MyMarket,55,9,0,1,2.995732273553991,low,0.08565928777670838,0
MYM-0023,gavottes crêpes dentelle chocolat noir gavottes 90g,alimentation,46.55,gavottes crêpes dentelle chocolat noir gavottes 90g,MAD,MyMarket,51,7,0,1,3.8617817889913995,medium,0.08565928777670838,0
MYM-0024,mc vities 2 biscuits digestive original mcvities 33g,alimentation,2.2,mc vities 2 biscuits digestive original mcvities 33g,MAD,MyMarket,52,8,0,1,1.1631508098056809,low,0.08565928777670838,0
MYM-0001,don simon nectar pina colada don simón 33,alimentation,8.0,don simon nectar pina colada don simón 33,MAD,MyMarket,41,8,0,0,2.1972245773362196,low,0.08565928777670838,0
MYM-0002,don simon jus multivitamines don simon disfruta 1l,alimentation,14.2,don simon jus multivitamines don simon disfruta 1l,MAD,MyMarket,50,8,0,1,2.7212954278522306,low,0.08565928777670838,0
MYM-0003,don simon jus orange don simon disfruta 1l,alimentation,15.0,don simon jus orange don simon disfruta 1l,MAD,MyMarket,42,8,0,1,2.772588722239781,low,0.08565928777670838,0
MYM-0004,don simon jus à la pêche don simon disfruta 1l,alimentation,14.2,don simon jus à la pêche don simon disfruta 1l,MAD,MyMarket,46,10,0,1,2.7212954278522306,low,0.08565928777670838,0
MYM-0005,don simon jus ananas don simon disfruta 1l,alimentation,15.0,don simon jus ananas don simon disfruta 1l,MAD,MyMarket,42,8,0,1,2.772588722239781,low,0.08565928777670838,0
MYM-0006,mondariz eau minérale gazeuse mondariz 33cl,alimentation,9.3,mondariz eau minérale gazeuse mondariz 33cl,MAD,MyMarket,43,6,0,1,2.33214389523559,low,0.08565928777670838,0
MYM-0007,mondariz eau minérale gazeuse bouteille en verre mondariz 75cl,alimentation,12.1,mondariz eau minérale gazeuse bouteille en verre mondariz 75cl,MAD,MyMarket,62,9,0,1,2.5726122302071057,low,0.08565928777670838,0
MYM-0008,mondariz eau minérale plate mondariz 33cl,alimentation,9.5,mondariz eau minérale plate mondariz 33cl,MAD,MyMarket,41,6,0,1,2.3513752571634776,low,0.08565928777670838,0
MYM-0009,gullon biscuits sans gluten gullón 200g,alimentation,22.5,gullon biscuits sans gluten gullón 200g,MAD,MyMarket,39,6,0,1,3.1570004211501135,medium,0.08565928777670838,0
MYM-0010,lion thé lion 4011 - atay sebaa 4011 200g,alimentation,20.9,lion thé lion 4011 - atay sebaa 4011 200g,MAD,MyMarket,41,9,0,1,3.086486636822455,medium,0.08565928777670838,0
MYM-0011,shortbread gullón 175g,alimentation,18.2,shortbread gullón 175g,MAD,MyMarket,22,3,0,1,2.954910279033736,low,0.08565928777670838,0
MYM-0012,moins de graisses gullón digestive 400g,alimentation,20.05,moins de graisses gullón digestive 400g,MAD,MyMarket,39,6,0,1,3.0469005601283903,medium,0.08565928777670838,0
MYM-0013,gullon biscuits maria sans gluten gullon 380 g,alimentation,22.95,gullon biscuits maria sans gluten gullon 380 g,MAD,MyMarket,46,8,0,1,3.175968323856924,medium,0.08565928777670838,0
MYM-0014,gullon mini crackers gullon 350g,alimentation,19.0,gullon mini crackers gullon 350g,MAD,MyMarket,32,5,0,1,2.995732273553991,low,0.08565928777670838,0
MYM-0015,gullon mini fish cracker gullon 350g,alimentation,19.0,gullon mini fish cracker gullon 350g,MAD,MyMarket,36,6,0,1,2.995732273553991,low,0.08565928777670838,0
MYM-0016,javana flacon epices ras el hanout javana 35g,alimentation,18.9,javana flacon epices ras el hanout javana 35g,MAD,MyMarket,45,8,0,1,2.990719731730447,low,0.08565928777670838,0
MYM-0017,javana flacon epices curcuma javana 35g,alimentation,12.15,javana flacon epices curcuma javana 35g,MAD,MyMarket,39,6,0,1,2.5764217586237734,low,0.08565928777670838,0
MYM-0018,javana flacon basilic javana 8g,alimentation,9.95,javana flacon basilic javana 8g,MAD,MyMarket,31,5,0,1,2.3933394562625097,low,0.08565928777670838,0
MYM-0019,javana flacon epices curry javana 35g,alimentation,15.55,javana flacon epices curry javana 35g,MAD,MyMarket,37,6,0,1,2.806386101823072,low,0.08565928777670838,0
MYM-0020,javana flacon epices assortiment shawerma javana 35g,alimentation,13.2,javana flacon epices assortiment shawerma javana 35g,MAD,MyMarket,52,7,0,1,2.653241964607215,low,0.08565928777670838,0
MYM-0021,javana flacon epices piment doux javana 35g,alimentation,11.5,javana flacon epices piment doux javana 35g,MAD,MyMarket,43,7,0,1,2.5257286443082556,low,0.08565928777670838,0
MYM-0022,javana flacon epices poivre noir javana 35g,alimentation,13.9,javana flacon epices poivre noir javana 35g,MAD,MyMarket,43,7,0,1,2.7013612129514133,low,0.08565928777670838,0
MYM-0023,oulmes eau gazeuse fruits rouges oulmès 25cl,alimentation,7.9,oulmes eau gazeuse fruits rouges oulmès 25cl,MAD,MyMarket,44,7,0,1,2.186051276738094,low,0.08565928777670838,0
MYM-0001,arabica intensité 9 segafredo,alimentation,36.95,arabica intensité 9 segafredo,MAD,MyMarket,29,4,0,0,3.636269503841639,medium,0.08565928777670838,0
MYM-0002,segafredo 10 capsules café compatible machine nespresso aluminum ristretto intensité 11 segafredo,alimentation,36.95,segafredo 10 capsules café compatible machine nespresso aluminum ristretto intensité 11 segafredo,MAD,MyMarket,97,12,0,0,3.636269503841639,medium,0.08565928777670838,0
MYM-0003,95 segafredo 10 capsules café compatible machine nespresso aluminum espresso classico intensité 10 segafredo,alimentation,36.95,95 segafredo 10 capsules café compatible machine nespresso aluminum espresso classico intensité 10 segafredo,MAD,MyMarket,108,14,0,0,3.636269503841639,medium,0.08565928777670838,0
MYM-0004,arabica intensité 8 segafredo,alimentation,36.95,arabica intensité 8 segafredo,MAD,MyMarket,29,4,0,0,3.636269503841639,medium,0.08565928777670838,0
MYM-0005,monin sirop passion fruit monin 25cl,alimentation,81.0,monin sirop passion fruit monin 25cl,MAD,MyMarket,36,6,1,1,4.406719247264253,high,0.08565928777670838,0
MYM-0006,monin sirop coconut monin 25cl,alimentation,81.0,monin sirop coconut monin 25cl,MAD,MyMarket,30,5,1,1,4.406719247264253,high,0.08565928777670838,0
MYM-0007,monin sirop noisettes monin 25cl,alimentation,81.0,monin sirop noisettes monin 25cl,MAD,MyMarket,32,5,1,1,4.406719247264253,high,0.08565928777670838,0
MYM-0008,monin sirop caramel monin 25cl,alimentation,81.0,monin sirop caramel monin 25cl,MAD,MyMarket,30,5,1,1,4.406719247264253,high,0.08565928777670838,0
MYM-0009,monin sirop vanille monin 25cl,alimentation,81.0,monin sirop vanille monin 25cl,MAD,MyMarket,30,5,1,1,4.406719247264253,high,0.08565928777670838,0
MYM-0010,monin sirop fraise monin 25cl,alimentation,81.0,monin sirop fraise monin 25cl,MAD,MyMarket,29,5,1,1,4.406719247264253,high,0.08565928777670838,0
MYM-0011,monin sirop pêche monin 70cl,alimentation,145.0,monin sirop pêche monin 70cl,MAD,MyMarket,28,5,1,1,4.983606621708336,high,0.08565928777670838,0
MYM-0012,monin sirop melon monin 70cl,alimentation,145.0,monin sirop melon monin 70cl,MAD,MyMarket,28,5,1,1,4.983606621708336,high,0.08565928777670838,0
MYM-0013,monin sirop banane monin 70cl,alimentation,145.0,monin sirop banane monin 70cl,MAD,MyMarket,29,5,1,1,4.983606621708336,high,0.08565928777670838,0
MYM-0014,monin sirop mangue monin 70cl,alimentation,145.0,monin sirop mangue monin 70cl,MAD,MyMarket,29,5,1,1,4.983606621708336,high,0.08565928777670838,0
MYM-0015,monin sirop framboise monin 70cl,alimentation,145.0,monin sirop framboise monin 70cl,MAD,MyMarket,32,5,1,1,4.983606621708336,high,0.08565928777670838,0
MYM-0016,monin sirop fraise monin 70cl,alimentation,145.0,monin sirop fraise monin 70cl,MAD,MyMarket,29,5,1,1,4.983606621708336,high,0.08565928777670838,0
MYM-0017,monin sirop menthe verte monin 70cl,alimentation,117.3,monin sirop menthe verte monin 70cl,MAD,MyMarket,35,6,1,1,4.773223770984341,high,0.08565928777670838,0
MYM-0018,monin sirop grenadine monin 70cl,alimentation,117.3,monin sirop grenadine monin 70cl,MAD,MyMarket,32,5,1,1,4.773223770984341,high,0.08565928777670838,0
MYM-0001,saint eloi riz demi complet bio saint eloi 500g,bio,37.15,saint eloi riz demi complet bio saint eloi 500g,MAD,MyMarket,47,9,1,1,3.641525757730466,medium,0.05004812319538017,1
MYM-0002,saint eloi riz etuvé bio saint eloi 500g,bio,53.95,saint eloi riz etuvé bio saint eloi 500g,MAD,MyMarket,40,8,1,1,4.006423680849631,medium,0.05004812319538017,1
MYM-0003,saint eloi riz long basmati bio saint eloi 500g,bio,43.15,saint eloi riz long basmati bio saint eloi 500g,MAD,MyMarket,47,9,1,1,3.787592927049969,medium,0.05004812319538017,1
MYM-0004,saint eloi riz thaï bio saint eloi 500g,bio,41.95,saint eloi riz thaï bio saint eloi 500g,MAD,MyMarket,39,8,1,1,3.7600366484302645,medium,0.05004812319538017,1
MYM-0005,saint eloi mélange de céréales légumes secs bio saint eloi 500g,bio,44.35,saint eloi mélange de céréales légumes secs bio saint eloi 500g,MAD,MyMarket,63,11,1,1,3.814410176561146,medium,0.05004812319538017,1
MYM-0006,saint eloi lentilles corail bio saint eloi 500g,bio,55.15,saint eloi lentilles corail bio saint eloi 500g,MAD,MyMarket,47,8,1,1,4.0280266811844525,medium,0.05004812319538017,1
MYM-0007,saint eloi boulgour bio saint eloi 500g,bio,45.55,saint eloi boulgour bio saint eloi 500g,MAD,MyMarket,39,7,1,1,3.840527003723076,medium,0.05004812319538017,1
MYM-0008,saint eloi haricots verts extra fins bio saint eloi 180g,bio,45.55,saint eloi haricots verts extra fins bio saint eloi 180g,MAD,MyMarket,56,10,1,1,3.840527003723076,medium,0.05004812319538017,1
MYM-0009,00 blue diamond boisson almond breeze original bio et sans gluten blue diamond 1l,bio,47.0,00 blue diamond boisson almond breeze original bio et sans gluten blue diamond 1l,MAD,MyMarket,81,14,1,1,3.871201010907891,medium,0.05004812319538017,1
MYM-0010,65 bjorg citron cuisine bio bjorg 200 ml,bio,23.95,65 bjorg citron cuisine bio bjorg 200 ml,MAD,MyMarket,40,8,1,1,3.2168738221975275,medium,0.05004812319538017,1
MYM-0011,diet radisson boisson de riz aux noisettes bio et sans gluten diet radisson 1l,bio,45.5,diet radisson boisson de riz aux noisettes bio et sans gluten diet radisson 1l,MAD,MyMarket,78,14,1,1,3.8394523125933104,medium,0.05004812319538017,1
MYM-0012,noisettes bio sojasun 1l,bio,43.65,noisettes bio sojasun 1l,MAD,MyMarket,24,4,1,1,3.798854307322508,medium,0.05004812319538017,1
MYM-0013,65 sojasun boisson au riz et à la noix de coco bio sojasun 1l,bio,43.65,65 sojasun boisson au riz et à la noix de coco bio sojasun 1l,MAD,MyMarket,61,14,1,1,3.798854307322508,medium,0.05004812319538017,1
MYM-0001,90 les domaines eau de rose bio les domaines 250 ml,bio,34.45,90 les domaines eau de rose bio les domaines 250 ml,MAD,MyMarket,51,11,1,1,3.5681232529781366,medium,0.05004812319538017,1
MYM-0002,natur green boisson de riz bio nature natur green 1l,bio,39.0,natur green boisson de riz bio nature natur green 1l,MAD,MyMarket,52,10,1,1,3.6888794541139363,medium,0.05004812319538017,1
MYM-0003,natur green boisson de riz bio au calcium natur green 1l,bio,39.0,natur green boisson de riz bio au calcium natur green 1l,MAD,MyMarket,56,11,1,1,3.6888794541139363,medium,0.05004812319538017,1
MYM-0004,natur green boisson de soja bio au calcium natur green 1l,bio,39.0,natur green boisson de soja bio au calcium natur green 1l,MAD,MyMarket,57,11,1,1,3.6888794541139363,medium,0.05004812319538017,1
MYM-0005,yogi tea 17 sachets infusions bien-être intestinal yogi tea 34 g,bio,59.4,yogi tea 17 sachets infusions bien-être intestinal yogi tea 34 g,MAD,MyMarket,64,11,0,1,4.100989104940769,medium,0.05004812319538017,1
MYM-0006,50 bonduelle champignons de paris émincés bio bonduelle 230 g,bio,49.5,50 bonduelle champignons de paris émincés bio bonduelle 230 g,MAD,MyMarket,61,10,1,1,3.9219733362813143,medium,0.05004812319538017,1
MYM-0007,72 mono filets de thon blanc germon bocal en verre mono gourmet 125g,bio,110.34,72 mono filets de thon blanc germon bocal en verre mono gourmet 125g,MAD,MyMarket,68,13,0,1,4.7125885827553615,high,0.05004812319538017,1
MYM-0008,ma pointe de brie bio engagé président 200 g,bio,64.35,ma pointe de brie bio engagé président 200 g,MAD,MyMarket,44,9,1,1,4.179757440070231,high,0.05004812319538017,1
MYM-0009,président camembert bio engagé président 250 g,bio,68.95,président camembert bio engagé président 250 g,MAD,MyMarket,46,7,1,1,4.24778070111149,high,0.05004812319538017,1
MYM-0010,clipper infusion marchand de sable bio clipper 20 sachets,bio,62.4,clipper infusion marchand de sable bio clipper 20 sachets,MAD,MyMarket,57,9,1,0,4.14946386144318,high,0.05004812319538017,1
MYM-0011,clipper infusion divine digestion bio clipper 20 sachets,bio,62.4,clipper infusion divine digestion bio clipper 20 sachets,MAD,MyMarket,56,8,1,0,4.14946386144318,high,0.05004812319538017,1
MYM-0001,clipper infusion lovely thé blanc citron bio clipper 20 sachets,bio,74.5,clipper infusion lovely thé blanc citron bio clipper 20 sachets,MAD,MyMarket,63,10,1,0,4.324132656254979,high,0.05004812319538017,1
MYM-0002,74 alpro boisson à base d'avoine avec calcium et vitamines ajoutés alpro 1l,bio,33.95,74 alpro boisson à base d'avoine avec calcium et vitamines ajoutés alpro 1l,MAD,MyMarket,75,13,0,1,3.5539184686798193,medium,0.05004812319538017,1
MYM-0003,sans gluten sottolestelle 1kg,bio,114.0,sans gluten sottolestelle 1kg,MAD,MyMarket,29,4,0,1,4.74493212836325,high,0.05004812319538017,1
MYM-0004,00 aboghlo miel de caroubier aboghlo 500g,bio,135.49,00 aboghlo miel de caroubier aboghlo 500g,MAD,MyMarket,41,7,0,1,4.916251351868104,high,0.05004812319538017,1
MYM-0005,aboghlo miel d’euphorbe aboghlo 500g,bio,177.29,aboghlo miel d’euphorbe aboghlo 500g,MAD,MyMarket,36,5,0,1,5.1834114380466785,high,0.05004812319538017,1
MYM-0006,aboghlo miel suavage aboghlo 500g,bio,197.69,aboghlo miel suavage aboghlo 500g,MAD,MyMarket,33,5,0,1,5.291745821164998,high,0.05004812319538017,1
MYM-0007,32 aboghlo miel mille fleurs aboghlo 250g,bio,61.2,32 aboghlo miel mille fleurs aboghlo 250g,MAD,MyMarket,41,7,0,1,4.130354999745133,high,0.05004812319538017,1
MYM-0008,aboghlo miel de thym aboghlo 250g,bio,135.54,aboghlo miel de thym aboghlo 250g,MAD,MyMarket,33,6,0,1,4.916617611990135,high,0.05004812319538017,1
MYM-0009,barilla penne rigate bio barilla 500 g,bio,63.54,barilla penne rigate bio barilla 500 g,MAD,MyMarket,38,7,1,1,4.167285186623816,high,0.05004812319538017,1
MYM-0001,les domaines eau de fleur d'oranger bio les domaines 25 cl,bio,23.33,les domaines eau de fleur d'oranger bio les domaines 25 cl,MAD,MyMarket,58,11,1,1,3.1917101567954314,medium,0.05004812319538017,1
MYM-0002,primeur pousses de betterave barquette 100g,bio,16.9,primeur pousses de betterave barquette 100g,MAD,MyMarket,43,6,0,1,2.884800712846709,low,0.05004812319538017,1
MYM-0003,primeur jeunes pousses d'épinard barquette 100g,bio,50.0,primeur jeunes pousses d'épinard barquette 100g,MAD,MyMarket,47,6,0,1,3.9318256327243257,medium,0.05004812319538017,1
MYM-0004,00 bjorg biscuits fourrés framboises bio bjorg 175g,bio,63.64,00 bjorg biscuits fourrés framboises bio bjorg 175g,MAD,MyMarket,51,8,1,1,4.16883341421284,high,0.05004812319538017,1
MYM-0005,sunny bio sirop d'agave bio sunny 500g,bio,150.0,sunny bio sirop d'agave bio sunny 500g,MAD,MyMarket,38,7,1,1,5.017279836814924,high,0.05004812319538017,1
MYM-0006,1881 stefano berruto fusilli bio stefano berruto 500g,bio,35.94,1881 stefano berruto fusilli bio stefano berruto 500g,MAD,MyMarket,53,8,1,1,3.609294974771094,medium,0.05004812319538017,1
MYM-0007,90 granoro spaghetti bio integrale granoro 500g,bio,26.4,90 granoro spaghetti bio integrale granoro 500g,MAD,MyMarket,47,7,1,1,3.3105430133940246,medium,0.05004812319538017,1
MYM-0008,44 ecomil lait amande barista sans sucre bio sans glutten ecomill 1l,bio,54.0,44 ecomil lait amande barista sans sucre bio sans glutten ecomill 1l,MAD,MyMarket,68,12,1,1,4.007333185232471,medium,0.05004812319538017,1
MYM-0009,20 bjorg soja cuisine fluide bio bjorg 25cl,bio,33.0,20 bjorg soja cuisine fluide bio bjorg 25cl,MAD,MyMarket,43,8,1,1,3.5263605246161616,medium,0.05004812319538017,1
MYM-0010,bjorg lait d'amande calcium bio bjorg 50cl,bio,45.0,bjorg lait d'amande calcium bio bjorg 50cl,MAD,MyMarket,42,7,1,1,3.828641396489095,medium,0.05004812319538017,1
MYM-0011,bjorg soja chocolat bio bjorg 1l,bio,71.94,bjorg soja chocolat bio bjorg 1l,MAD,MyMarket,32,6,1,1,4.289637185380534,high,0.05004812319538017,1
MYM-0012,bjorg lait d'amande intense bio bjorg 1l,bio,73.14,bjorg lait d'amande intense bio bjorg 1l,MAD,MyMarket,40,7,1,1,4.305955197722586,high,0.05004812319538017,1
MYM-0013,ecomil lait de coco sans sucre bio sans glutten ecomill 1l,bio,54.0,ecomil lait de coco sans sucre bio sans glutten ecomill 1l,MAD,MyMarket,58,11,1,1,4.007333185232471,medium,0.05004812319538017,1
MYM-0014,ecomil lait d'amande calcium bio sans sucre sans gluten ecomil 1l,bio,54.0,ecomil lait d'amande calcium bio sans sucre sans gluten ecomil 1l,MAD,MyMarket,65,11,1,1,4.007333185232471,medium,0.05004812319538017,1
MYM-0015,ecomil lait d'amandes nature bio sans sucre et sans gluten ecomil 1l,bio,54.0,ecomil lait d'amandes nature bio sans sucre et sans gluten ecomil 1l,MAD,MyMarket,68,12,1,1,4.007333185232471,medium,0.05004812319538017,1
MYM-0016,sunny bio sirop d'agave bio sunny 250g,bio,94.8,sunny bio sirop d'agave bio sunny 250g,MAD,MyMarket,38,7,1,1,4.562262684976814,high,0.05004812319538017,1
MYM-0017,jardin bio pâte à tartiner chocolat noisette sans gluten bio jardin bio léa nature 350g,bio,130.0,jardin bio pâte à tartiner chocolat noisette sans gluten bio jardin bio léa nature 350g,MAD,MyMarket,87,15,1,1,4.875197323201151,high,0.05004812319538017,1
MYM-0018,ecomil lait d’amande agave cacao bio ecomil 1l,bio,54.0,ecomil lait d’amande agave cacao bio ecomil 1l,MAD,MyMarket,46,8,1,1,4.007333185232471,medium,0.05004812319538017,1
MYM-0019,ecomil lait d’amande agave vanille bio ecomil 1l,bio,54.0,ecomil lait d’amande agave vanille bio ecomil 1l,MAD,MyMarket,48,8,1,1,4.007333185232471,medium,0.05004812319538017,1
MYM-0001,primeur tomate 1kg,legumes,9.5,primeur tomate 1kg,MAD,MyMarket,18,3,0,1,2.3513752571634776,low,0.068334937439846,0
MYM-0002,primeur carotte 1kg,legumes,10.5,primeur carotte 1kg,MAD,MyMarket,19,3,0,1,2.4423470353692043,low,0.068334937439846,0
MYM-0003,primeur citron 1 kg,legumes,11.99,primeur citron 1 kg,MAD,MyMarket,19,4,0,1,2.5641798306825083,low,0.068334937439846,0
MYM-0004,primeur oignon rouge 1 kg,legumes,9.5,primeur oignon rouge 1 kg,MAD,MyMarket,25,5,0,1,2.3513752571634776,low,0.068334937439846,0
MYM-0005,primeur courgette blanche 1 kg,legumes,18.0,primeur courgette blanche 1 kg,MAD,MyMarket,30,5,0,1,2.9444389791664403,low,0.068334937439846,0
MYM-0006,primeur aubergine 1kg,legumes,21.5,primeur aubergine 1kg,MAD,MyMarket,21,3,0,1,3.1135153092103742,medium,0.068334937439846,0
MYM-0007,primeur concombre 1 kg,legumes,8.5,primeur concombre 1 kg,MAD,MyMarket,22,4,0,1,2.2512917986064953,low,0.068334937439846,0
MYM-0008,primeur persil 1 botte de sélection,legumes,5.4,primeur persil 1 botte de sélection,MAD,MyMarket,35,6,0,0,1.8562979903656263,low,0.068334937439846,0
MYM-0009,primeur oignon blanc 1 kg,legumes,9.5,primeur oignon blanc 1 kg,MAD,MyMarket,25,5,0,1,2.3513752571634776,low,0.068334937439846,0
MYM-0010,primeur ail local vrac 250g,legumes,29.35,primeur ail local vrac 250g,MAD,MyMarket,27,5,0,1,3.4127965175055075,medium,0.068334937439846,0
MYM-0011,primeur poivron vert 1 kg,legumes,12.5,primeur poivron vert 1 kg,MAD,MyMarket,25,5,0,1,2.6026896854443837,low,0.068334937439846,0
MYM-0012,primeur menthe fraiche 1 botte,legumes,6.0,primeur menthe fraiche 1 botte,MAD,MyMarket,30,5,0,0,1.9459101490553132,low,0.068334937439846,0
MYM-0013,primeur coriandre 1 botte de sélection,legumes,6.18,primeur coriandre 1 botte de sélection,MAD,MyMarket,38,6,0,0,1.9712993830601329,low,0.068334937439846,0
MYM-0014,primeur pomme de terre blanche 1kg,legumes,9.5,primeur pomme de terre blanche 1kg,MAD,MyMarket,34,6,0,1,2.3513752571634776,low,0.068334937439846,0
MYM-0015,primeur champignons de paris frais 250g,legumes,15.9,primeur champignons de paris frais 250g,MAD,MyMarket,39,6,0,1,2.8273136219290276,low,0.068334937439846,0
MYM-0016,primeur poivron rouge 1 kg,legumes,21.0,primeur poivron rouge 1 kg,MAD,MyMarket,26,5,0,1,3.091042453358316,medium,0.068334937439846,0
MYM-0017,primeur pomme de terre rouge pour frites 1kg,legumes,13.8,primeur pomme de terre rouge pour frites 1kg,MAD,MyMarket,44,8,0,1,2.6946271807700692,low,0.068334937439846,0
MYM-0018,primeur poireaux 1 kg,legumes,24.0,primeur poireaux 1 kg,MAD,MyMarket,21,4,0,1,3.2188758248682006,medium,0.068334937439846,0
MYM-0019,primeur laitue coeur de romaine 1pièce,legumes,7.85,primeur laitue coeur de romaine 1pièce,MAD,MyMarket,38,6,0,0,2.180417459019838,low,0.068334937439846,0
MYM-0020,primeur tomate cerise local barquette 250g,legumes,13.15,primeur tomate cerise local barquette 250g,MAD,MyMarket,42,6,0,1,2.649714624089247,low,0.068334937439846,0
MYM-0021,primeur épinard la botte,legumes,37.2,primeur épinard la botte,MAD,MyMarket,24,4,0,0,3.6428355156125294,medium,0.068334937439846,0
MYM-0022,primeur basilic la botte,legumes,15.5,primeur basilic la botte,MAD,MyMarket,24,4,0,0,2.803360380906535,low,0.068334937439846,0
MYM-0023,primeur courge orange 1kg,legumes,19.0,primeur courge orange 1kg,MAD,MyMarket,25,4,0,1,2.995732273553991,low,0.068334937439846,0
MYM-0024,primeur pomme de terre grenaille 1 kg,legumes,10.9,primeur pomme de terre grenaille 1 kg,MAD,MyMarket,37,7,0,1,2.4765384001174837,low,0.068334937439846,0
MYM-0001,primeur courgette ronde 1 kg,legumes,18.0,primeur courgette ronde 1 kg,MAD,MyMarket,28,5,0,1,2.9444389791664403,low,0.068334937439846,0
MYM-0002,primeur haricot vert 500g,legumes,9.6,primeur haricot vert 500g,MAD,MyMarket,25,4,0,1,2.3608540011180215,low,0.068334937439846,0
MYM-0003,primeur betterave 1kg,legumes,8.5,primeur betterave 1kg,MAD,MyMarket,21,3,0,1,2.2512917986064953,low,0.068334937439846,0
MYM-0004,primeur laitue iceberg 1 pièce,legumes,7.85,primeur laitue iceberg 1 pièce,MAD,MyMarket,30,5,0,0,2.180417459019838,low,0.068334937439846,0
MYM-0005,primeur poivron jaune 1 kg,legumes,21.0,primeur poivron jaune 1 kg,MAD,MyMarket,26,5,0,1,3.091042453358316,medium,0.068334937439846,0
MYM-0006,primeur petits pois 1kg,legumes,28.8,primeur petits pois 1kg,MAD,MyMarket,23,4,0,1,3.3945083935113587,medium,0.068334937439846,0
MYM-0007,primeur ciboulette 1 botte,legumes,11.5,primeur ciboulette 1 botte,MAD,MyMarket,26,4,0,0,2.5257286443082556,low,0.068334937439846,0
MYM-0008,primeur laitue beldi 1 pièce,legumes,7.85,primeur laitue beldi 1 pièce,MAD,MyMarket,28,5,0,0,2.180417459019838,low,0.068334937439846,0
MYM-0009,mauve rond 1 kg,legumes,13.2,mauve rond 1 kg,MAD,MyMarket,15,4,0,1,2.653241964607215,low,0.068334937439846,0
MYM-0010,50 primeur patate douce 1 kg,legumes,13.1,50 primeur patate douce 1 kg,MAD,MyMarket,28,6,0,1,2.6461747973841225,low,0.068334937439846,0
MYM-0011,primeur fenouil 1 kg,legumes,17.0,primeur fenouil 1 kg,MAD,MyMarket,20,4,0,1,2.8903717578961645,low,0.068334937439846,0
MYM-0012,primeur piment fort 250g,legumes,4.8,primeur piment fort 250g,MAD,MyMarket,24,4,0,1,1.7578579175523736,low,0.068334937439846,0
MYM-0013,primeur pomme de terre rouge 1kg,legumes,8.5,primeur pomme de terre rouge 1kg,MAD,MyMarket,32,6,0,1,2.2512917986064953,low,0.068334937439846,0
MYM-0014,primeur céleri branche en botte,legumes,16.85,primeur céleri branche en botte,MAD,MyMarket,31,5,0,0,2.8820035082256483,low,0.068334937439846,0
MYM-0015,primeur thym 1 botte,legumes,12.5,primeur thym 1 botte,MAD,MyMarket,20,4,0,0,2.6026896854443837,low,0.068334937439846,0
MYM-0016,primeur laitue batavia 1pièce,legumes,7.85,primeur laitue batavia 1pièce,MAD,MyMarket,29,4,0,0,2.180417459019838,low,0.068334937439846,0
MYM-0017,20 primeur laitue feuille de chêne 1 pièce,legumes,8.95,20 primeur laitue feuille de chêne 1 pièce,MAD,MyMarket,42,8,0,0,2.2975725511705014,low,0.068334937439846,0
MYM-0018,primeur romarin 1 botte,legumes,18.6,primeur romarin 1 botte,MAD,MyMarket,23,4,0,0,2.975529566236472,low,0.068334937439846,0
MYM-0019,primeur laitue frisée 1 pièce,legumes,7.85,primeur laitue frisée 1 pièce,MAD,MyMarket,29,5,0,0,2.180417459019838,low,0.068334937439846,0
MYM-0001,50 primeur navet jaune rond 1kg,legumes,13.2,50 primeur navet jaune rond 1kg,MAD,MyMarket,31,6,0,1,2.653241964607215,low,0.068334937439846,0
MYM-0002,00 primeur citron vert 1kg,legumes,23.0,00 primeur citron vert 1kg,MAD,MyMarket,26,5,0,1,3.1780538303479458,medium,0.068334937439846,0
MYM-0003,90 primeur laitue vert 1kg,legumes,7.85,90 primeur laitue vert 1kg,MAD,MyMarket,26,5,0,1,2.180417459019838,low,0.068334937439846,0
MYM-0004,primeur jeunes pousses d'épinard barquette 100g,legumes,50.0,primeur jeunes pousses d'épinard barquette 100g,MAD,MyMarket,47,6,0,1,3.9318256327243257,medium,0.068334937439846,0
MYM-0005,primeur asperge botte de 500g,legumes,121.45,primeur asperge botte de 500g,MAD,MyMarket,29,5,0,1,4.8077027833981765,high,0.068334937439846,0
MYM-0006,primeur endives import 500g,legumes,45.6,primeur endives import 500g,MAD,MyMarket,27,4,0,1,3.8416005411316,medium,0.068334937439846,0
MYM-0007,94 maille cornichons extra-fins maille 220 g,legumes,109.8,94 maille cornichons extra-fins maille 220 g,MAD,MyMarket,44,7,0,1,4.707726774313183,high,0.068334937439846,0
MYM-0008,primeur aneth la botte,legumes,12.5,primeur aneth la botte,MAD,MyMarket,22,4,0,0,2.6026896854443837,low,0.068334937439846,0
MYM-0009,jessy's champion noir sachets jessy 25 g,legumes,26.4,jessy's champion noir sachets jessy 25 g,MAD,MyMarket,40,7,0,1,3.3105430133940246,medium,0.068334937439846,0
MYM-0010,primeur mesclun barquette 100g,legumes,17.9,primeur mesclun barquette 100g,MAD,MyMarket,30,4,0,1,2.9391619220655967,low,0.068334937439846,0
MYM-0011,40 primeur bai de goji 100 g,legumes,29.0,40 primeur bai de goji 100 g,MAD,MyMarket,28,7,0,1,3.4011973816621555,medium,0.068334937439846,0
MYM-0012,dragon chef champion noir sachets dragon chef 25g,legumes,27.3,dragon chef champion noir sachets dragon chef 25g,MAD,MyMarket,49,8,0,1,3.342861804649192,medium,0.068334937439846,0
MYM-0013,15 harmony herbes de provence harmony 230g,legumes,39.9,15 harmony herbes de provence harmony 230g,MAD,MyMarket,42,7,0,1,3.711130063048756,medium,0.068334937439846,0
MYM-0001,gaya curry gaya 220g,legumes,29.95,gaya curry gaya 220g,MAD,MyMarket,20,4,0,1,3.432372999130605,medium,0.068334937439846,0
MYM-0002,primeur céleri rave 1kg,legumes,37.26,primeur céleri rave 1kg,MAD,MyMarket,23,4,0,1,3.644404964012107,medium,0.068334937439846,0
MYM-0003,40 primeur gingembre frais 200g,legumes,16.5,40 primeur gingembre frais 200g,MAD,MyMarket,31,5,0,1,2.8622008809294686,low,0.068334937439846,0
MYM-0004,45 primeur navet blanc 1 kg,legumes,13.2,45 primeur navet blanc 1 kg,MAD,MyMarket,27,6,0,1,2.653241964607215,low,0.068334937439846,0
MYM-0005,primeur pousses de betterave barquette 100g,legumes,16.9,primeur pousses de betterave barquette 100g,MAD,MyMarket,43,6,0,1,2.884800712846709,low,0.068334937439846,0
MYM-0006,95 diva champion noir sachets diva 25g,legumes,20.1,95 diva champion noir sachets diva 25g,MAD,MyMarket,38,7,0,1,3.0492730404820207,medium,0.068334937439846,0
MYM-0007,primeur epis de maïs doux cuit 300 g,legumes,23.4,primeur epis de maïs doux cuit 300 g,MAD,MyMarket,36,8,0,1,3.1945831322991562,medium,0.068334937439846,0
MYM-0008,34 primeur champignon portobello 200g,legumes,16.5,34 primeur champignon portobello 200g,MAD,MyMarket,37,5,0,1,2.8622008809294686,low,0.068334937439846,0
MYM-0009,34 frêlug carotte râpée en barquette frêlug 200 g,legumes,7.95,34 frêlug carotte râpée en barquette frêlug 200 g,MAD,MyMarket,49,9,0,1,2.191653532286764,low,0.068334937439846,0
MYM-0010,primeur pois chiches cuits 200 g,legumes,12.6,primeur pois chiches cuits 200 g,MAD,MyMarket,32,6,0,1,2.6100697927420065,low,0.068334937439846,0
MYM-0011,primeur epis de maïs doux cuit 400 g,legumes,19.5,primeur epis de maïs doux cuit 400 g,MAD,MyMarket,36,8,0,1,3.0204248861443626,low,0.068334937439846,0
MYM-0012,cartier petits oignons marinés cartier 360 g,legumes,21.8,cartier petits oignons marinés cartier 360 g,MAD,MyMarket,44,7,0,1,3.126760535960395,medium,0.068334937439846,0
MYM-0013,harmony oignon semoule harmony 380g,legumes,56.9,harmony oignon semoule harmony 380g,MAD,MyMarket,35,5,0,1,4.05871738457895,medium,0.068334937439846,0
MYM-0014,basilic saint eloi 1l,legumes,31.15,basilic saint eloi 1l,MAD,MyMarket,21,4,0,1,3.4704124506836282,medium,0.068334937439846,0
MYM-0015,saint eloi velouté de 10 légumes à la crème saint eloi 1l,legumes,38.35,saint eloi velouté de 10 légumes à la crème saint eloi 1l,MAD,MyMarket,57,12,0,1,3.6724959748634123,medium,0.068334937439846,0
MYM-0001,primeur banane import 1kg,fruits,25.3,primeur banane import 1kg,MAD,MyMarket,25,4,0,1,3.269568939183719,medium,0.068334937439846,1
MYM-0002,primeur kiwi import 1kg,fruits,74.9,primeur kiwi import 1kg,MAD,MyMarket,23,4,0,1,4.3294166844015844,high,0.068334937439846,1
MYM-0003,primeur orange à jus 1kg,fruits,12.4,primeur orange à jus 1kg,MAD,MyMarket,24,5,0,1,2.5952547069568657,low,0.068334937439846,1
MYM-0004,primeur pomme golden import 1 kg,fruits,45.0,primeur pomme golden import 1 kg,MAD,MyMarket,32,6,0,1,3.828641396489095,medium,0.068334937439846,1
MYM-0005,primeur mangue 1 pièce,fruits,15.1,primeur mangue 1 pièce,MAD,MyMarket,22,4,0,0,2.7788192719904172,low,0.068334937439846,1
MYM-0006,primeur fraise barquette 300 g,fruits,26.3,primeur fraise barquette 300 g,MAD,MyMarket,30,5,0,1,3.3068867021909143,medium,0.068334937439846,1
MYM-0007,primeur framboise barquette 125 g,fruits,20.3,primeur framboise barquette 125 g,MAD,MyMarket,33,5,0,1,3.0587070727153796,medium,0.068334937439846,1
MYM-0008,25 primeur pomme granny smith 1 kg,fruits,57.6,25 primeur pomme granny smith 1 kg,MAD,MyMarket,34,7,0,1,4.070734696582967,medium,0.068334937439846,1
MYM-0009,00 denia pistache grillée denia 80g,fruits,23.28,00 denia pistache grillée denia 80g,MAD,MyMarket,35,6,0,1,3.1896529661912973,medium,0.068334937439846,1
MYM-0010,40 primeur dattes de tunisie 1kg,fruits,49.95,40 primeur dattes de tunisie 1kg,MAD,MyMarket,32,6,0,1,3.9308447596687337,medium,0.068334937439846,1
MYM-0011,primeur pamplemousse 1 kg,fruits,23.5,primeur pamplemousse 1 kg,MAD,MyMarket,25,4,0,1,3.1986731175506815,medium,0.068334937439846,1
MYM-0012,primeur avocat hass 1kg,fruits,64.75,primeur avocat hass 1kg,MAD,MyMarket,23,4,0,1,4.185859671057874,high,0.068334937439846,1
MYM-0013,denia royal mix denia 80g,fruits,19.6,denia royal mix denia 80g,MAD,MyMarket,25,5,0,1,3.0252910757955354,low,0.068334937439846,1
MYM-0014,primeur poire local 1kg,fruits,44.0,primeur poire local 1kg,MAD,MyMarket,23,4,0,1,3.8066624897703196,medium,0.068334937439846,1
MYM-0015,primeur pomme rouge import 1 kg,fruits,50.5,primeur pomme rouge import 1 kg,MAD,MyMarket,31,6,0,1,3.9415818076696905,medium,0.068334937439846,1
MYM-0016,salée denia 80g,fruits,23.67,salée denia 80g,MAD,MyMarket,15,3,0,1,3.2055879305412653,medium,0.068334937439846,1
MYM-0017,primeur noix demi chili 500g,fruits,77.69,primeur noix demi chili 500g,MAD,MyMarket,28,5,0,1,4.365516082546892,high,0.068334937439846,1
MYM-0018,primeur dattes lulu 1kg,fruits,62.0,primeur dattes lulu 1kg,MAD,MyMarket,23,4,0,1,4.143134726391533,high,0.068334937439846,1
MYM-0019,primeur pomme gala royale importée 1kg,fruits,37.5,primeur pomme gala royale importée 1kg,MAD,MyMarket,38,6,0,1,3.6506582412937387,medium,0.068334937439846,1
MYM-0001,primeur dattes algérie 1 kg,fruits,74.52,primeur dattes algérie 1 kg,MAD,MyMarket,27,5,0,1,4.324397521837245,high,0.068334937439846,1
MYM-0002,primeur noix de pécan 500g,fruits,78.0,primeur noix de pécan 500g,MAD,MyMarket,26,5,0,1,4.3694478524670215,high,0.068334937439846,1
MYM-0003,primeur datte medjhool 1kg,fruits,175.4,primeur datte medjhool 1kg,MAD,MyMarket,26,4,0,1,5.172754143572691,high,0.068334937439846,1
MYM-0004,primeur noix de cajou naturelle 500g,fruits,83.48,primeur noix de cajou naturelle 500g,MAD,MyMarket,36,6,0,1,4.436514819957951,high,0.068334937439846,1
MYM-0005,primeur pignons de pin 100g,fruits,69.0,primeur pignons de pin 100g,MAD,MyMarket,27,5,0,1,4.248495242049359,high,0.068334937439846,1
MYM-0006,90 primeur noisette naturelle 500g,fruits,105.0,90 primeur noisette naturelle 500g,MAD,MyMarket,34,5,0,1,4.663439094112067,high,0.068334937439846,1
MYM-0007,primeur myrtille barquette 125g,fruits,54.0,primeur myrtille barquette 125g,MAD,MyMarket,31,4,0,1,4.007333185232471,medium,0.068334937439846,1
MYM-0008,oncle sam raisins secs oncle sam 250g,fruits,27.05,oncle sam raisins secs oncle sam 250g,MAD,MyMarket,37,7,0,1,3.3339886319687055,medium,0.068334937439846,1
MYM-0009,primeur cacahuètes grillées 1kg,fruits,91.0,primeur cacahuètes grillées 1kg,MAD,MyMarket,31,4,0,1,4.5217885770490405,high,0.068334937439846,1
MYM-0010,primeur pistache sans peau 100g,fruits,39.57,primeur pistache sans peau 100g,MAD,MyMarket,31,5,0,1,3.703028877218356,medium,0.068334937439846,1
MYM-0011,primeur chia noir 500g,fruits,65.0,primeur chia noir 500g,MAD,MyMarket,22,4,0,1,4.189654742026425,high,0.068334937439846,1
MYM-0012,primeur noix de bresil 100g,fruits,45.6,primeur noix de bresil 100g,MAD,MyMarket,27,5,0,1,3.8416005411316,medium,0.068334937439846,1
MYM-0013,50 primeur amande grillée 1kg,fruits,234.6,50 primeur amande grillée 1kg,MAD,MyMarket,29,5,0,1,5.462135451777431,high,0.068334937439846,1
MYM-0014,rosana pruneaux secs rosana 250g,fruits,42.6,rosana pruneaux secs rosana 250g,MAD,MyMarket,32,5,0,1,3.775057150354989,medium,0.068334937439846,1
MYM-0015,primeur macadamia 100g,fruits,55.3,primeur macadamia 100g,MAD,MyMarket,22,3,0,1,4.030694535145645,medium,0.068334937439846,1
MYM-0016,00 primeur graines de tournesol 500g,fruits,65.0,00 primeur graines de tournesol 500g,MAD,MyMarket,36,6,0,1,4.189654742026425,high,0.068334937439846,1
MYM-0017,primeur abricots secs 1kg,fruits,298.68,primeur abricots secs 1kg,MAD,MyMarket,25,4,0,1,5.702715238695778,high,0.068334937439846,1
MYM-0002,primeur quinoa blanc 500g,fruits,42.0,primeur quinoa blanc 500g,MAD,MyMarket,25,4,0,1,3.7612001156935624,medium,0.068334937439846,1
MYM-0003,primeur mure barquette 125gr,fruits,25.08,primeur mure barquette 125gr,MAD,MyMarket,28,4,0,1,3.261168737058452,medium,0.068334937439846,1
MYM-0004,80 primeur noix en coquille usa 500g,fruits,83.48,80 primeur noix en coquille usa 500g,MAD,MyMarket,36,7,0,1,4.436514819957951,high,0.068334937439846,1
MYM-0005,oignon denia 80g,fruits,28.19,oignon denia 80g,MAD,MyMarket,16,3,0,1,3.3738261848660236,medium,0.068334937439846,1
MYM-0006,primeur quinoa rouge et noir 500g,fruits,72.0,primeur quinoa rouge et noir 500g,MAD,MyMarket,33,6,0,1,4.290459441148391,high,0.068334937439846,1
MYM-0007,du chef amande entière roussi du chef 1kg,fruits,180.0,du chef amande entière roussi du chef 1kg,MAD,MyMarket,41,8,0,1,5.198497031265826,high,0.068334937439846,1
MYM-0008,al badr dattes deglet nour de tunisie al badr 1 kg,fruits,60.0,al badr dattes deglet nour de tunisie al badr 1 kg,MAD,MyMarket,50,11,0,1,4.110873864173311,high,0.068334937439846,1
MYM-0009,du chef raisin golden 1kg,fruits,80.0,du chef raisin golden 1kg,MAD,MyMarket,25,5,0,1,4.394449154672439,high,0.068334937439846,1
MYM-0010,00 primeur figues séchées 1kg,fruits,135.0,00 primeur figues séchées 1kg,MAD,MyMarket,29,5,0,1,4.912654885736052,high,0.068334937439846,1
MYM-0011,primeur poichiche salé 500g,fruits,36.0,primeur poichiche salé 500g,MAD,MyMarket,27,4,0,1,3.6109179126442243,medium,0.068334937439846,1
MYM-0012,00 du chef raisin sec normal 1kg,fruits,47.12,00 du chef raisin sec normal 1kg,MAD,MyMarket,32,7,0,1,3.873697891106478,medium,0.068334937439846,1
MYM-0013,du chef noix décortiquées du chef 500g,fruits,100.0,du chef noix décortiquées du chef 500g,MAD,MyMarket,38,7,0,1,4.61512051684126,high,0.068334937439846,1
MYM-0014,primeur graines de citrouille 1kg,fruits,84.11,primeur graines de citrouille 1kg,MAD,MyMarket,33,5,0,1,4.4439445374888695,high,0.068334937439846,1
MYM-0015,primeur avocat zutano 1kg,fruits,45.0,primeur avocat zutano 1kg,MAD,MyMarket,25,4,0,1,3.828641396489095,medium,0.068334937439846,1
MYM-0016,primeur datte deglet tunisienne 1kg,fruits,49.0,primeur datte deglet tunisienne 1kg,MAD,MyMarket,35,5,0,1,3.912023005428146,medium,0.068334937439846,1
MYM-0017,primeur tomates allongés 250g,fruits,16.5,primeur tomates allongés 250g,MAD,MyMarket,29,4,0,1,2.8622008809294686,low,0.068334937439846,1
MYM-0018,du chef pack fruits secs 4 produits,fruits,459.0,du chef pack fruits secs 4 produits,MAD,MyMarket,35,7,0,0,6.131226489483141,high,0.068334937439846,1
MYM-0019,primeur poire williams 1kg,fruits,42.0,primeur poire williams 1kg,MAD,MyMarket,26,4,0,1,3.7612001156935624,medium,0.068334937439846,1
MYM-0001,primeur poichiche non salé 500g,fruits,29.96,primeur poichiche non salé 500g,MAD,MyMarket,31,5,0,1,3.4326960487215263,medium,0.068334937439846,1
MYM-0002,fancy pistaches grillées salées fancy 125g,fruits,55.15,fancy pistaches grillées salées fancy 125g,MAD,MyMarket,42,6,0,1,4.0280266811844525,medium,0.068334937439846,1
MYM-0003,fancy pépites blanches fancy 150g,fruits,44.35,fancy pépites blanches fancy 150g,MAD,MyMarket,33,5,0,1,3.814410176561146,medium,0.068334937439846,1
MYM-0004,00 primeur chia blanche 500g,fruits,65.0,00 primeur chia blanche 500g,MAD,MyMarket,28,5,0,1,4.189654742026425,high,0.068334937439846,1
MYM-0005,00 du chef noisette décortiques du chef 1kg,fruits,232.0,00 du chef noisette décortiques du chef 1kg,MAD,MyMarket,43,8,0,1,5.4510384535657,high,0.068334937439846,1
MYM-0006,primeur prune impore 1kg,fruits,123.54,primeur prune impore 1kg,MAD,MyMarket,24,4,0,1,4.824626949444306,high,0.068334937439846,1
MYM-0007,82 fancy noix de cajou grillées et salées fancy 125g,fruits,46.75,82 fancy noix de cajou grillées et salées fancy 125g,MAD,MyMarket,52,10,0,1,3.865979066926739,medium,0.068334937439846,1
MYM-0008,primeur poire conférence 1kg,fruits,50.28,primeur poire conférence 1kg,MAD,MyMarket,28,4,0,1,3.9373008126124147,medium,0.068334937439846,1
MYM-0009,00 fancy noix de cajou fumées fancy 125g,fruits,53.95,00 fancy noix de cajou fumées fancy 125g,MAD,MyMarket,40,8,0,1,4.006423680849631,medium,0.068334937439846,1
MYM-0010,fancy cacahuètes enrobées goût pizza fancy 120g,fruits,22.75,fancy cacahuètes enrobées goût pizza fancy 120g,MAD,MyMarket,47,7,0,1,3.1675825304806504,medium,0.068334937439846,1
MYM-0011,fancy cacahuètes enrobées au thym fancy 120g,fruits,22.75,fancy cacahuètes enrobées au thym fancy 120g,MAD,MyMarket,44,7,0,1,3.1675825304806504,medium,0.068334937439846,1
MYM-0012,fancy super extra mix fancy 200g,fruits,55.15,fancy super extra mix fancy 200g,MAD,MyMarket,32,6,0,1,4.0280266811844525,medium,0.068334937439846,1
MYM-0013,fancy pépites noires fancy 120g,fruits,22.75,fancy pépites noires fancy 120g,MAD,MyMarket,31,5,0,1,3.1675825304806504,medium,0.068334937439846,1
MYM-0014,fancy cacahuètes enrobées goût barbecue fancy 120g,fruits,22.75,fancy cacahuètes enrobées goût barbecue fancy 120g,MAD,MyMarket,50,7,0,1,3.1675825304806504,medium,0.068334937439846,1
MYM-0015,fancy cacahuètes enrobées au maïs fancy 120g,fruits,22.75,fancy cacahuètes enrobées au maïs fancy 120g,MAD,MyMarket,44,7,0,1,3.1675825304806504,medium,0.068334937439846,1
MYM-0016,fancy cacahuètes enrobées au fromage fancy 120g,fruits,22.75,fancy cacahuètes enrobées au fromage fancy 120g,MAD,MyMarket,47,7,0,1,3.1675825304806504,medium,0.068334937439846,1
MYM-0017,fancy cacahuètes enrobées au chili 120g fancy,fruits,22.75,fancy cacahuètes enrobées au chili 120g fancy,MAD,MyMarket,45,7,0,1,3.1675825304806504,medium,0.068334937439846,1
MYM-0001,ain atlas eau minérale naturelle ain atlas 2x5l,boissons,25.0,ain atlas eau minérale naturelle ain atlas 2x5l,MAD,MyMarket,47,8,0,1,3.258096538021482,medium,0.05871029836381136,1
MYM-0002,sidi ali eau minéral naturelle sidi ali 12x50cl,boissons,34.99,sidi ali eau minéral naturelle sidi ali 12x50cl,MAD,MyMarket,47,8,1,1,3.5832411220909393,medium,0.05871029836381136,1
MYM-0003,sidi ali eau minéral naturelle sidi ali 12x33cl,boissons,22.5,sidi ali eau minéral naturelle sidi ali 12x33cl,MAD,MyMarket,47,8,1,1,3.1570004211501135,medium,0.05871029836381136,1
MYM-0004,ain ifrane eau minérale naturelle ain lfrane 2x5l,boissons,25.0,ain ifrane eau minérale naturelle ain lfrane 2x5l,MAD,MyMarket,49,8,0,1,3.258096538021482,medium,0.05871029836381136,1
MYM-0005,00 oulmes eau minérale naturellement gazeuse oulmes 12 x 33cl,boissons,54.5,00 oulmes eau minérale naturellement gazeuse oulmes 12 x 33cl,MAD,MyMarket,61,10,0,1,4.0163830207523885,medium,0.05871029836381136,1
MYM-0006,oulmes eau minérale naturellement gazeuse oulmes 6x1l,boissons,43.8,oulmes eau minérale naturellement gazeuse oulmes 6x1l,MAD,MyMarket,53,7,0,1,3.8022081394209395,medium,0.05871029836381136,1
MYM-0007,cocacola coca cola zéro 25 cl,boissons,4.9,cocacola coca cola zéro 25 cl,MAD,MyMarket,29,6,0,1,1.7749523509116738,low,0.05871029836381136,1
MYM-0008,sidi ali eau minéral naturelle sidi ali 4x2l,boissons,21.9,sidi ali eau minéral naturelle sidi ali 4x2l,MAD,MyMarket,44,8,1,1,3.131136910560194,medium,0.05871029836381136,1
MYM-0009,cocacola coca cola zéro 1l,boissons,8.5,cocacola coca cola zéro 1l,MAD,MyMarket,26,5,0,1,2.2512917986064953,low,0.05871029836381136,1
MYM-0010,ain ifrane eau minérale naturelle ain ifrane 12x50 cl,boissons,35.0,ain ifrane eau minérale naturelle ain ifrane 12x50 cl,MAD,MyMarket,53,9,0,1,3.58351893845611,medium,0.05871029836381136,1
MYM-0011,cocacola coca cola classique canette 25cl,boissons,5.5,cocacola coca cola classique canette 25cl,MAD,MyMarket,41,6,0,1,1.8718021769015913,low,0.05871029836381136,1
MYM-0012,oulmes eau minérale naturellement gazeuse oulmes 12x50cl,boissons,61.8,oulmes eau minérale naturellement gazeuse oulmes 12x50cl,MAD,MyMarket,56,7,0,1,4.139955073474153,high,0.05871029836381136,1
MYM-0013,cocacola coca cola zero 50cl,boissons,6.33,cocacola coca cola zero 50cl,MAD,MyMarket,28,5,0,1,1.9919755158985601,low,0.05871029836381136,1
MYM-0014,hawaii hawaii tropical 1l,boissons,10.5,hawaii hawaii tropical 1l,MAD,MyMarket,25,4,0,1,2.4423470353692043,low,0.05871029836381136,1
MYM-0015,ain atlas eau minérale naturelle ain atlas 12 x 33 cl,boissons,25.0,ain atlas eau minérale naturelle ain atlas 12 x 33 cl,MAD,MyMarket,53,11,0,1,3.258096538021482,medium,0.05871029836381136,1
MYM-0016,cocacola coca cola 50cl,boissons,6.2,cocacola coca cola 50cl,MAD,MyMarket,23,4,0,1,1.9740810260220096,low,0.05871029836381136,1
MYM-0017,schweppes schweppes tonic canette 33cl,boissons,8.6,schweppes schweppes tonic canette 33cl,MAD,MyMarket,38,5,0,1,2.2617630984737906,low,0.05871029836381136,1
MYM-0018,cocacola coca cola original 1l,boissons,9.2,cocacola coca cola original 1l,MAD,MyMarket,30,5,0,1,2.322387720290225,low,0.05871029836381136,1
MYM-0019,schweppes schweppes tonic 90cl,boissons,13.5,schweppes schweppes tonic 90cl,MAD,MyMarket,30,4,0,1,2.6741486494265287,low,0.05871029836381136,1
MYM-0001,pom's poms 1l,boissons,10.6,pom's poms 1l,MAD,MyMarket,13,3,0,1,2.451005098112319,low,0.05871029836381136,1
MYM-0002,10 redbull boisson energétique red bull canette 25cl,boissons,23.0,10 redbull boisson energétique red bull canette 25cl,MAD,MyMarket,52,8,0,1,3.1780538303479458,medium,0.05871029836381136,1
MYM-0003,50 cocacola schweppes citron 50cl,boissons,7.68,50 cocacola schweppes citron 50cl,MAD,MyMarket,33,5,0,1,2.1610215286722587,low,0.05871029836381136,1
MYM-0004,sprite sprite 50cl,boissons,6.0,sprite sprite 50cl,MAD,MyMarket,18,3,0,1,1.9459101490553132,low,0.05871029836381136,1
MYM-0005,cocacola coca cola classique canette 33cl,boissons,9.85,cocacola coca cola classique canette 33cl,MAD,MyMarket,41,6,0,1,2.3841650799864684,low,0.05871029836381136,1
MYM-0006,orangina orangina 50cl,boissons,7.34,orangina orangina 50cl,MAD,MyMarket,22,3,0,1,2.1210632163706555,low,0.05871029836381136,1
MYM-0007,rani pulpy jus orange rani pulpy 1l,boissons,13.2,rani pulpy jus orange rani pulpy 1l,MAD,MyMarket,35,7,0,1,2.653241964607215,low,0.05871029836381136,1
MYM-0008,orangina orangina canette 25cl,boissons,4.5,orangina orangina canette 25cl,MAD,MyMarket,30,4,0,1,1.7047480922384253,low,0.05871029836381136,1
MYM-0009,cocacola hawai tropical 50cl,boissons,6.5,cocacola hawai tropical 50cl,MAD,MyMarket,28,4,0,1,2.0149030205422647,low,0.05871029836381136,1
MYM-0010,cocacola poms 50 cl,boissons,7.68,cocacola poms 50 cl,MAD,MyMarket,19,4,0,1,2.1610215286722587,low,0.05871029836381136,1
MYM-0011,cocacola coca cola zéro canette 33cl,boissons,7.2,cocacola coca cola zéro canette 33cl,MAD,MyMarket,36,6,0,1,2.1041341542702074,low,0.05871029836381136,1
MYM-0012,88 oulmes eau minérale naturellement gazeuse oulmes légère 6x1l,boissons,39.95,88 oulmes eau minérale naturellement gazeuse oulmes légère 6x1l,MAD,MyMarket,63,9,0,1,3.7123518102990785,medium,0.05871029836381136,1
MYM-0013,ain atlas eau minérale naturelle ain atlas 12x50cl,boissons,36.0,ain atlas eau minérale naturelle ain atlas 12x50cl,MAD,MyMarket,50,8,0,1,3.6109179126442243,medium,0.05871029836381136,1
MYM-0014,sprite boisson gazeuse sprite 1l,boissons,9.5,sprite boisson gazeuse sprite 1l,MAD,MyMarket,32,5,0,1,2.3513752571634776,low,0.05871029836381136,1
MYM-0015,cocacola fanta orange 1l,boissons,8.4,cocacola fanta orange 1l,MAD,MyMarket,24,4,0,1,2.2407096892759584,low,0.05871029836381136,1
MYM-0016,40 oulmes eau minérale naturellement gazeuse oulmes 25cl verre,boissons,4.5,40 oulmes eau minérale naturellement gazeuse oulmes 25cl verre,MAD,MyMarket,62,9,0,1,1.7047480922384253,low,0.05871029836381136,1
MYM-0001,rauch thé glacé pêche rauch 1l,boissons,23.0,rauch thé glacé pêche rauch 1l,MAD,MyMarket,30,6,0,1,3.1780538303479458,medium,0.05871029836381136,1
MYM-0002,cocacola schweppes citron 1l,boissons,113.5,cocacola schweppes citron 1l,MAD,MyMarket,28,4,0,1,4.740574822994295,high,0.05871029836381136,1
MYM-0003,burn boisson energétique burn canette 25cl,boissons,12.48,burn boisson energétique burn canette 25cl,MAD,MyMarket,42,6,0,1,2.601207105484161,low,0.05871029836381136,1
MYM-0004,lipton lipton ice tea pêche 50cl,boissons,5.9,lipton lipton ice tea pêche 50cl,MAD,MyMarket,32,6,0,1,1.9315214116032138,low,0.05871029836381136,1
MYM-0005,oulmes eau gazeuse aromatisées mojito oulmes 25cl verre,boissons,7.9,oulmes eau gazeuse aromatisées mojito oulmes 25cl verre,MAD,MyMarket,55,8,0,1,2.186051276738094,low,0.05871029836381136,1
MYM-0006,50 pepsi eau de table aquafina 12 x 33cl,boissons,22.2,50 pepsi eau de table aquafina 12 x 33cl,MAD,MyMarket,40,9,0,1,3.1441522786722644,medium,0.05871029836381136,1
MYM-0007,teisseire sirop de citron teisseire 600ml,boissons,95.0,teisseire sirop de citron teisseire 600ml,MAD,MyMarket,41,6,0,1,4.564348191467836,high,0.05871029836381136,1
MYM-0008,oulmes eau minérale naturellement gazeuse oulmes légère 12x50cl,boissons,55.0,oulmes eau minérale naturellement gazeuse oulmes légère 12x50cl,MAD,MyMarket,63,8,0,1,4.02535169073515,medium,0.05871029836381136,1
MYM-0009,lipton lipton ice tea saveur peche 330ml,boissons,8.05,lipton lipton ice tea saveur peche 330ml,MAD,MyMarket,40,7,0,1,2.2027647577118348,low,0.05871029836381136,1
MYM-0010,88 orangina orangina zéro 1l,boissons,10.77,88 orangina orangina zéro 1l,MAD,MyMarket,28,5,0,1,2.4655539212721855,low,0.05871029836381136,1
MYM-0011,50 teisseire sirop de menthe teisseire 600ml,boissons,75.0,50 teisseire sirop de menthe teisseire 600ml,MAD,MyMarket,44,7,0,1,4.330733340286331,high,0.05871029836381136,1
MYM-0012,pepsi eau de table aquafina 12 x 50cl,boissons,29.95,pepsi eau de table aquafina 12 x 50cl,MAD,MyMarket,37,8,0,1,3.432372999130605,medium,0.05871029836381136,1
MYM-0013,teisseire sirop de pêche teisseire 600ml,boissons,95.4,teisseire sirop de pêche teisseire 600ml,MAD,MyMarket,40,6,0,1,4.5685062016165,high,0.05871029836381136,1
MYM-0001,bavaria boisson sans alcool premium original bavaria 33cl,boissons,29.4,bavaria boisson sans alcool premium original bavaria 33cl,MAD,MyMarket,57,8,0,1,3.414442608412176,medium,0.05871029836381136,1
MYM-0002,bavaria boisson sans alcool pomme bavaria 33cl,boissons,29.4,bavaria boisson sans alcool pomme bavaria 33cl,MAD,MyMarket,46,7,0,1,3.414442608412176,medium,0.05871029836381136,1
MYM-0003,bavaria boisson sans alcool fraise bavaria 33cl,boissons,29.4,bavaria boisson sans alcool fraise bavaria 33cl,MAD,MyMarket,47,7,0,1,3.414442608412176,medium,0.05871029836381136,1
MYM-0004,bavaria boisson sans alcool citron bavaria 33cl,boissons,29.4,bavaria boisson sans alcool citron bavaria 33cl,MAD,MyMarket,47,7,0,1,3.414442608412176,medium,0.05871029836381136,1
MYM-0005,hawaii hawai tropical canette 33cl,boissons,9.85,hawaii hawai tropical canette 33cl,MAD,MyMarket,34,5,0,1,2.3841650799864684,low,0.05871029836381136,1
MYM-0006,ma carte cadeau mymarket,boissons,300.0,ma carte cadeau mymarket,MAD,MyMarket,24,4,0,0,5.707110264748875,high,0.05871029836381136,1
MYM-0007,chergui yaourt sport à boire protéiné 36g mangue chergui 450ml,boissons,23.99,chergui yaourt sport à boire protéiné 36g mangue chergui 450ml,MAD,MyMarket,62,10,0,1,3.218475744846861,medium,0.05871029836381136,1
MYM-0008,50 teisseire sirop de fruit de la passion teisseire 600ml,boissons,96.0,50 teisseire sirop de fruit de la passion teisseire 600ml,MAD,MyMarket,57,10,0,1,4.574710978503383,high,0.05871029836381136,1
MYM-0009,00 chergui yaourt sport à boire protéiné 36g vanille chergui 450ml,boissons,23.99,00 chergui yaourt sport à boire protéiné 36g vanille chergui 450ml,MAD,MyMarket,66,11,0,1,3.218475744846861,medium,0.05871029836381136,1
MYM-0010,cocacola fanta orange 50cl,boissons,6.6,cocacola fanta orange 50cl,MAD,MyMarket,26,4,0,1,2.028148247292285,low,0.05871029836381136,1
MYM-0011,bavaria boisson sans alcool pêche bavaria 33cl,boissons,29.4,bavaria boisson sans alcool pêche bavaria 33cl,MAD,MyMarket,46,7,0,1,3.414442608412176,medium,0.05871029836381136,1
MYM-0012,mondariz eau minéral mondariz 50cl,boissons,4.3,mondariz eau minéral mondariz 50cl,MAD,MyMarket,34,5,0,1,1.667706820558076,low,0.05871029836381136,1
MYM-0013,sucre 600ml,boissons,95.85,sucre 600ml,MAD,MyMarket,11,2,0,1,4.573163389853005,high,0.05871029836381136,1
MYM-0001,spring home surgelées 500g,surgeles,70.0,spring home surgelées 500g,MAD,MyMarket,26,4,0,1,4.2626798770413155,high,0.032723772858517804,0
MYM-0002,40 glace glacons alimentaire 1 kg,surgeles,10.2,40 glace glacons alimentaire 1 kg,MAD,MyMarket,33,6,0,1,2.4159137783010487,low,0.032723772858517804,0
MYM-0003,king génération nuggets de poulet pané surgelé king génération 300 g,surgeles,45.95,king génération nuggets de poulet pané surgelé king génération 300 g,MAD,MyMarket,68,11,0,1,3.849083205654272,medium,0.032723772858517804,0
MYM-0004,king génération cordon bleu de poulet surgelé king génération 400 g,surgeles,57.45,king génération cordon bleu de poulet surgelé king génération 400 g,MAD,MyMarket,67,11,0,1,4.068171687918078,medium,0.032723772858517804,0
MYM-0005,king génération steak de poulet pané surgelé king génération 340 g,surgeles,48.0,king génération steak de poulet pané surgelé king génération 340 g,MAD,MyMarket,66,11,0,1,3.8918202981106265,medium,0.032723772858517804,0
MYM-0006,oetker 385 g,surgeles,63.2,oetker 385 g,MAD,MyMarket,12,3,0,1,4.162003210695915,high,0.032723772858517804,0
MYM-0007,oetker 365 g,surgeles,63.2,oetker 365 g,MAD,MyMarket,12,3,0,1,4.162003210695915,high,0.032723772858517804,0
MYM-0008,oetker 340 g,surgeles,63.2,oetker 340 g,MAD,MyMarket,12,3,0,1,4.162003210695915,high,0.032723772858517804,0
MYM-0009,goldy pâte brisée surgelé goldy 500g,surgeles,22.99,goldy pâte brisée surgelé goldy 500g,MAD,MyMarket,36,6,0,1,3.177637076851603,medium,0.032723772858517804,0
MYM-0010,95 magnum bâtonnet de glace double caramel magnum 73 g,surgeles,20.7,95 magnum bâtonnet de glace double caramel magnum 73 g,MAD,MyMarket,54,10,0,1,3.077312260546414,medium,0.032723772858517804,0
MYM-0011,häagen-dazs pot de glace fromage fraise cake häagen-dazs 500ml,surgeles,117.0,häagen-dazs pot de glace fromage fraise cake häagen-dazs 500ml,MAD,MyMarket,62,9,0,1,4.770684624465665,high,0.032723772858517804,0
MYM-0012,les domaines filet de saumon fumé les domaines 100g,surgeles,101.94,les domaines filet de saumon fumé les domaines 100g,MAD,MyMarket,51,9,0,1,4.6341462942246086,high,0.032723772858517804,0
MYM-0013,vossko cordon bleu de poulet pané vossko halal surgelé 260 g,surgeles,32.34,vossko cordon bleu de poulet pané vossko halal surgelé 260 g,MAD,MyMarket,60,11,0,1,3.506757877322648,medium,0.032723772858517804,0
MYM-0014,vossko escalope de poulet pané surgelè halal vossko surgelè,surgeles,31.14,vossko escalope de poulet pané surgelè halal vossko surgelè,MAD,MyMarket,59,9,0,0,3.4701013603093664,medium,0.032723772858517804,0
MYM-0015,perdix burger de poulet pane perdix surgelè 360 g,surgeles,37.23,perdix burger de poulet pane perdix surgelè 360 g,MAD,MyMarket,49,9,0,1,3.6436205477083212,medium,0.032723772858517804,0
MYM-0001,40 le poissonnier filet de panga surgelé 800 g,surgeles,44.8,40 le poissonnier filet de panga surgelé 800 g,MAD,MyMarket,46,9,0,1,3.824284091120139,medium,0.032723772858517804,0
MYM-0002,gourmet's club batonnet de poisson ail gourmet's 240 g,surgeles,39.54,gourmet's club batonnet de poisson ail gourmet's 240 g,MAD,MyMarket,54,9,0,1,3.702289141023854,medium,0.032723772858517804,0
MYM-0003,94 goldy pâte sablée surgelée goldy 500g,surgeles,24.6,94 goldy pâte sablée surgelée goldy 500g,MAD,MyMarket,40,7,0,1,3.242592351485517,medium,0.032723772858517804,0
MYM-0004,54 king génération escalope de poulet pané surgelé king génération 320 g,surgeles,44.45,54 king génération escalope de poulet pané surgelé king génération 320 g,MAD,MyMarket,72,12,0,1,3.816612820623488,medium,0.032723772858517804,0
MYM-0005,glace glacons alimentaire 2kg,surgeles,19.5,glace glacons alimentaire 2kg,MAD,MyMarket,29,4,0,1,3.0204248861443626,low,0.032723772858517804,0
MYM-0006,94 toblerone batonnets x4 toblerone 264g,surgeles,94.74,94 toblerone batonnets x4 toblerone 264g,MAD,MyMarket,40,6,0,1,4.561636183964363,high,0.032723772858517804,0
MYM-0007,94 seara 13 pièces chicken nuggets seara 300g,surgeles,56.34,94 seara 13 pièces chicken nuggets seara 300g,MAD,MyMarket,45,8,0,1,4.048998460455224,medium,0.032723772858517804,0
MYM-0008,häagen-dazs bâtonnet de glace aux amandes et chocolat häagen-dazs 70g,surgeles,28.0,häagen-dazs bâtonnet de glace aux amandes et chocolat häagen-dazs 70g,MAD,MyMarket,69,10,0,1,3.367295829986474,medium,0.032723772858517804,0
MYM-0009,häagen-dazs bâtonnet de glace aux amandes et vanille häagen-dazs 70g,surgeles,36.6,häagen-dazs bâtonnet de glace aux amandes et vanille häagen-dazs 70g,MAD,MyMarket,68,10,0,1,3.6270040503958487,medium,0.032723772858517804,0
MYM-0010,häagen-dazs bâtonnet de glace au caramel beurre salé häagen-dazs 70g,surgeles,28.0,häagen-dazs bâtonnet de glace au caramel beurre salé häagen-dazs 70g,MAD,MyMarket,68,10,0,1,3.367295829986474,medium,0.032723772858517804,0
MYM-0011,häagen-dazs bâtonnet de glace au macadamia häagen-dazs 70g,surgeles,28.0,häagen-dazs bâtonnet de glace au macadamia häagen-dazs 70g,MAD,MyMarket,58,8,0,1,3.367295829986474,medium,0.032723772858517804,0
MYM-0012,häagen-dazs pot de glace au chocolat belge häagen-dazs 500ml,surgeles,117.0,häagen-dazs pot de glace au chocolat belge häagen-dazs 500ml,MAD,MyMarket,60,9,0,1,4.770684624465665,high,0.032723772858517804,0
MYM-0001,häagen-dazs pot de glace au macadamia häagen-dazs 500ml,surgeles,117.0,häagen-dazs pot de glace au macadamia häagen-dazs 500ml,MAD,MyMarket,55,8,0,1,4.770684624465665,high,0.032723772858517804,0
MYM-0002,häagen-dazs pot de glace au cookies et crème de vanille häagen-dazs 500ml,surgeles,99.0,häagen-dazs pot de glace au cookies et crème de vanille häagen-dazs 500ml,MAD,MyMarket,73,12,0,1,4.605170185988092,high,0.032723772858517804,0
MYM-0003,häagen-dazs mini pot de glace au caramel au beurre salé häagen-dazs 100ml,surgeles,45.0,häagen-dazs mini pot de glace au caramel au beurre salé häagen-dazs 100ml,MAD,MyMarket,73,12,0,1,3.828641396489095,medium,0.032723772858517804,0
MYM-0004,häagen-dazs mini pot de glace chocolat belge häagen-dazs 100ml,surgeles,45.0,häagen-dazs mini pot de glace chocolat belge häagen-dazs 100ml,MAD,MyMarket,62,9,0,1,3.828641396489095,medium,0.032723772858517804,0
MYM-0005,häagen-dazs mini pots de glace au macadamia häagen-dazs 100ml,surgeles,45.0,häagen-dazs mini pots de glace au macadamia häagen-dazs 100ml,MAD,MyMarket,61,9,0,1,3.828641396489095,medium,0.032723772858517804,0
MYM-0006,häagen-dazs mini pot de glace au cookies et crème de vanille häagen-dazs 100ml,surgeles,45.0,häagen-dazs mini pot de glace au cookies et crème de vanille häagen-dazs 100ml,MAD,MyMarket,78,13,0,1,3.828641396489095,medium,0.032723772858517804,0
MYM-0007,häagen-dazs pot de glace au caramel au beurre salé häagen-dazs 500ml,surgeles,117.0,häagen-dazs pot de glace au caramel au beurre salé häagen-dazs 500ml,MAD,MyMarket,68,11,0,1,4.770684624465665,high,0.032723772858517804,0
MYM-0001,ayala biscuits à la cannelle ayala 470g,epicerie-sucree,24.0,ayala biscuits à la cannelle ayala 470g,MAD,MyMarket,39,7,1,1,3.2188758248682006,medium,0.07988450433108758,0
MYM-0002,schär biscuits salés croustillants crackers multicéréales sans gluten schär 210g,epicerie-sucree,58.9,schär biscuits salés croustillants crackers multicéréales sans gluten schär 210g,MAD,MyMarket,80,10,0,1,4.092676505121403,medium,0.07988450433108758,0
MYM-0003,schär biscuits salés crackers sans gluten schär 210g,epicerie-sucree,49.95,schär biscuits salés crackers sans gluten schär 210g,MAD,MyMarket,52,8,0,1,3.9308447596687337,medium,0.07988450433108758,0
MYM-0004,harvey 175g,epicerie-sucree,29.94,harvey 175g,MAD,MyMarket,11,2,0,1,3.43204984514492,medium,0.07988450433108758,0
MYM-0005,gavottes crêpes dentelle chocolat noir gavottes 90g,epicerie-sucree,46.55,gavottes crêpes dentelle chocolat noir gavottes 90g,MAD,MyMarket,51,7,0,1,3.8617817889913995,medium,0.07988450433108758,0
MYM-0006,mc vities 2 biscuits digestive original mcvities 33g,epicerie-sucree,2.2,mc vities 2 biscuits digestive original mcvities 33g,MAD,MyMarket,52,8,0,1,1.1631508098056809,low,0.07988450433108758,0
MYM-0007,don simon nectar pina colada don simón 33,epicerie-sucree,8.0,don simon nectar pina colada don simón 33,MAD,MyMarket,41,8,0,0,2.1972245773362196,low,0.07988450433108758,0
MYM-0008,don simon jus orange don simon disfruta 1l,epicerie-sucree,15.0,don simon jus orange don simon disfruta 1l,MAD,MyMarket,42,8,0,1,2.772588722239781,low,0.07988450433108758,0
MYM-0009,don simon jus ananas don simon disfruta 1l,epicerie-sucree,15.0,don simon jus ananas don simon disfruta 1l,MAD,MyMarket,42,8,0,1,2.772588722239781,low,0.07988450433108758,0
MYM-0010,gullon biscuits sans gluten gullón 200g,epicerie-sucree,22.5,gullon biscuits sans gluten gullón 200g,MAD,MyMarket,39,6,0,1,3.1570004211501135,medium,0.07988450433108758,0
MYM-0011,shortbread gullón 175g,epicerie-sucree,18.2,shortbread gullón 175g,MAD,MyMarket,22,3,0,1,2.954910279033736,low,0.07988450433108758,0
MYM-0012,moins de graisses gullón digestive 400g,epicerie-sucree,20.05,moins de graisses gullón digestive 400g,MAD,MyMarket,39,6,0,1,3.0469005601283903,medium,0.07988450433108758,0
MYM-0013,gullon biscuits maria sans gluten gullon 380 g,epicerie-sucree,22.95,gullon biscuits maria sans gluten gullon 380 g,MAD,MyMarket,46,8,0,1,3.175968323856924,medium,0.07988450433108758,0
MYM-0014,milklack crème croissant milklack 250g,epicerie-sucree,9.0,milklack crème croissant milklack 250g,MAD,MyMarket,38,5,0,1,2.302585092994046,low,0.07988450433108758,0
MYM-0015,helior lait noisette vegan helior 1l,epicerie-sucree,29.9,helior lait noisette vegan helior 1l,MAD,MyMarket,36,6,0,1,3.4307561839036995,medium,0.07988450433108758,0
MYM-0016,helior lait de coco vegan helior 1l,epicerie-sucree,29.9,helior lait de coco vegan helior 1l,MAD,MyMarket,35,7,0,1,3.4307561839036995,medium,0.07988450433108758,0
MYM-0017,helior lait amande vegan helior 1l,epicerie-sucree,29.9,helior lait amande vegan helior 1l,MAD,MyMarket,34,6,0,1,3.4307561839036995,medium,0.07988450433108758,0
MYM-0018,sboula levure sèche sboula 125g,epicerie-sucree,9.0,sboula levure sèche sboula 125g,MAD,MyMarket,31,5,0,1,2.302585092994046,low,0.07988450433108758,0
MYM-0019,chocao préparation en poudre pour boisson instantanée au cacao chocao 100g,epicerie-sucree,4.95,chocao préparation en poudre pour boisson instantanée au cacao chocao 100g,MAD,MyMarket,74,11,0,1,1.7833912195575383,low,0.07988450433108758,0
MYM-0020,el baraka confiture abricot el baraka 37cl,epicerie-sucree,14.9,el baraka confiture abricot el baraka 37cl,MAD,MyMarket,42,7,0,1,2.766319109226186,low,0.07988450433108758,0
MYM-0021,mayfine fleur de maïs en poudre mayfine idéal 180g,epicerie-sucree,7.9,mayfine fleur de maïs en poudre mayfine idéal 180g,MAD,MyMarket,50,9,0,1,2.186051276738094,low,0.07988450433108758,0
MYM-0022,ideal crème pâtissière en poudre vanille idéal 200g,epicerie-sucree,7.9,ideal crème pâtissière en poudre vanille idéal 200g,MAD,MyMarket,51,8,0,1,2.186051276738094,low,0.07988450433108758,0
MYM-0023,el baraka confiture fraise el baraka 37cl,epicerie-sucree,19.95,el baraka confiture fraise el baraka 37cl,MAD,MyMarket,41,7,0,1,3.0421386463681466,low,0.07988450433108758,0
MYM-0024,ideal préparation en poudre pour raib ideal 40g,epicerie-sucree,3.49,ideal préparation en poudre pour raib ideal 40g,MAD,MyMarket,47,8,0,1,1.501852701754163,low,0.07988450433108758,0
MYM-0001,ideal crème pâtissière citron idéal 200g,epicerie-sucree,9.9,ideal crème pâtissière citron idéal 200g,MAD,MyMarket,40,6,0,1,2.388762789235098,low,0.07988450433108758,0
MYM-0002,ideal crème pâtissière chocolat iéeal 200g,epicerie-sucree,9.9,ideal crème pâtissière chocolat iéeal 200g,MAD,MyMarket,42,6,0,1,2.388762789235098,low,0.07988450433108758,0
MYM-0003,ideal 10 sachets sucre vanille ideal 75g,epicerie-sucree,5.5,ideal 10 sachets sucre vanille ideal 75g,MAD,MyMarket,40,7,0,1,1.8718021769015913,low,0.07988450433108758,0
MYM-0004,ideal 10 sachets levure chimique ideal 80g,epicerie-sucree,5.5,ideal 10 sachets levure chimique ideal 80g,MAD,MyMarket,42,7,0,1,1.8718021769015913,low,0.07988450433108758,0
MYM-0005,lotus pate a tartiner creamy biscoff lotus 400g,epicerie-sucree,58.9,lotus pate a tartiner creamy biscoff lotus 400g,MAD,MyMarket,47,8,0,1,4.092676505121403,medium,0.07988450433108758,0
MYM-0006,saint louis morceaux secables sucre de canne brun saint louis 1kg,epicerie-sucree,59.95,saint louis morceaux secables sucre de canne brun saint louis 1kg,MAD,MyMarket,65,11,0,1,4.110053855927281,medium,0.07988450433108758,0
MYM-0007,saint louis sucre de canne bec verseur cassonade roux saint louis 650g,epicerie-sucree,47.9,saint louis sucre de canne bec verseur cassonade roux saint louis 650g,MAD,MyMarket,70,12,0,1,3.8897773964808264,medium,0.07988450433108758,0
MYM-0008,canderel sucre en poudre flacon canderel 40g,epicerie-sucree,49.9,canderel sucre en poudre flacon canderel 40g,MAD,MyMarket,44,7,0,1,3.929862923556477,medium,0.07988450433108758,0
MYM-0009,st dalfour confiture peches sans sucre st dalfour 284g,epicerie-sucree,53.9,st dalfour confiture peches sans sucre st dalfour 284g,MAD,MyMarket,54,9,0,1,4.005513348515485,medium,0.07988450433108758,0
MYM-0010,st dalfour confiture de fraise sans sucre st dalfour 284g,epicerie-sucree,53.9,st dalfour confiture de fraise sans sucre st dalfour 284g,MAD,MyMarket,57,10,0,1,4.005513348515485,medium,0.07988450433108758,0
MYM-0011,lago plaisir gaufrettes chocolat lait lago plaisir 38g,epicerie-sucree,8.5,lago plaisir gaufrettes chocolat lait lago plaisir 38g,MAD,MyMarket,54,8,0,1,2.2512917986064953,low,0.07988450433108758,0
MYM-0012,50 gastone lago mini party gaufrettes bag coconut gastone lago 125g,epicerie-sucree,19.0,50 gastone lago mini party gaufrettes bag coconut gastone lago 125g,MAD,MyMarket,67,11,0,1,2.995732273553991,low,0.07988450433108758,0
MYM-0013,gastone lago mini party bag gaufrettes bag vanille gastone lago 125g,epicerie-sucree,19.0,gastone lago mini party bag gaufrettes bag vanille gastone lago 125g,MAD,MyMarket,68,11,0,1,2.995732273553991,low,0.07988450433108758,0
MYM-0014,gastone lago mini party gaufrettes bag noisettes gastone lago 125g,epicerie-sucree,19.0,gastone lago mini party gaufrettes bag noisettes gastone lago 125g,MAD,MyMarket,66,10,0,1,2.995732273553991,low,0.07988450433108758,0
MYM-0015,gastone lago mini party gaufrettes cacao bag gastone lago 125g,epicerie-sucree,19.0,gastone lago mini party gaufrettes cacao bag gastone lago 125g,MAD,MyMarket,62,10,0,1,2.995732273553991,low,0.07988450433108758,0
MYM-0016,gastone lago mini party gaufrettes sans sucre noisettes bag gastone lago 125g,epicerie-sucree,20.0,gastone lago mini party gaufrettes sans sucre noisettes bag gastone lago 125g,MAD,MyMarket,77,12,0,1,3.044522437723423,medium,0.07988450433108758,0
MYM-0017,gastone lago mini party gaufrettes sans sucre cacao bag gastone lago 125g,epicerie-sucree,20.0,gastone lago mini party gaufrettes sans sucre cacao bag gastone lago 125g,MAD,MyMarket,73,12,0,1,3.044522437723423,medium,0.07988450433108758,0
MYM-0018,la mere poulard le palet pur beurre 125g la mere poulard,epicerie-sucree,23.9,la mere poulard le palet pur beurre 125g la mere poulard,MAD,MyMarket,56,11,0,1,3.214867803470662,medium,0.07988450433108758,0
MYM-0019,la mere poulard le sablé eclats de chocolat 125g la mere poulard,epicerie-sucree,23.9,la mere poulard le sablé eclats de chocolat 125g la mere poulard,MAD,MyMarket,64,12,0,1,3.214867803470662,medium,0.07988450433108758,0
MYM-0001,salted caramel bahlsen 5x28g,epicerie-sucree,32.9,salted caramel bahlsen 5x28g,MAD,MyMarket,28,4,0,1,3.5234150143864045,medium,0.07988450433108758,0
MYM-0002,lait bahlsen 5x28g,epicerie-sucree,26.9,lait bahlsen 5x28g,MAD,MyMarket,18,3,0,1,3.32862668882732,medium,0.07988450433108758,0
MYM-0003,chocolat bahlsen 5x28g,epicerie-sucree,30.0,chocolat bahlsen 5x28g,MAD,MyMarket,22,3,0,1,3.4339872044851463,medium,0.07988450433108758,0
MYM-0004,zine thé zine 200g,epicerie-sucree,23.16,zine thé zine 200g,MAD,MyMarket,18,4,0,1,3.184698373066614,medium,0.07988450433108758,0
MYM-0005,zine thé zine 500g,epicerie-sucree,57.6,zine thé zine 500g,MAD,MyMarket,18,4,0,1,4.070734696582967,medium,0.07988450433108758,0
MYM-0006,tiyay thé tiyay 41022 200g,epicerie-sucree,20.0,tiyay thé tiyay 41022 200g,MAD,MyMarket,26,5,0,1,3.044522437723423,medium,0.07988450433108758,0
MYM-0007,tiyay thé tiyay 41022 500g,epicerie-sucree,50.0,tiyay thé tiyay 41022 500g,MAD,MyMarket,26,5,0,1,3.9318256327243257,medium,0.07988450433108758,0
MYM-0008,selham thé selham 100g,epicerie-sucree,5.5,selham thé selham 100g,MAD,MyMarket,22,4,0,1,1.8718021769015913,low,0.07988450433108758,0
MYM-0009,selham thé selham 200g,epicerie-sucree,9.9,selham thé selham 200g,MAD,MyMarket,22,4,0,1,2.388762789235098,low,0.07988450433108758,0
MYM-0010,lmhrat thé lmhrat 143g,epicerie-sucree,5.6,lmhrat thé lmhrat 143g,MAD,MyMarket,22,4,0,1,1.8870696490323797,low,0.07988450433108758,0
MYM-0011,lmhrat thé lmahrat 80g,epicerie-sucree,3.9,lmhrat thé lmahrat 80g,MAD,MyMarket,22,4,0,1,1.589235205116581,low,0.07988450433108758,0
MYM-0012,lhafla thé lhafla 100g,epicerie-sucree,9.36,lhafla thé lhafla 100g,MAD,MyMarket,22,4,0,1,2.337952236831337,low,0.07988450433108758,0
MYM-0013,lhafla thé lhafla 200g,epicerie-sucree,9.0,lhafla thé lhafla 200g,MAD,MyMarket,22,4,0,1,2.302585092994046,low,0.07988450433108758,0
MYM-0014,alouns thé alouns 200g,epicerie-sucree,14.5,alouns thé alouns 200g,MAD,MyMarket,22,4,0,1,2.740840023925201,low,0.07988450433108758,0
MYM-0015,al itkane thé al itkane 200g 10016,epicerie-sucree,15.5,al itkane thé al itkane 200g 10016,MAD,MyMarket,34,7,0,1,2.803360380906535,low,0.07988450433108758,0
MYM-0016,al itkane thé al itkane 100g 10016,epicerie-sucree,8.9,al itkane thé al itkane 100g 10016,MAD,MyMarket,34,7,0,1,2.2925347571405443,low,0.07988450433108758,0
MYM-0017,al itkane thé al itkane 500g 10016,epicerie-sucree,44.9,al itkane thé al itkane 500g 10016,MAD,MyMarket,34,7,0,1,3.8264651170664994,medium,0.07988450433108758,0
MYM-0018,al itkane semoule finot al itkane 1kg,epicerie-sucree,11.0,al itkane semoule finot al itkane 1kg,MAD,MyMarket,37,7,0,1,2.4849066497880004,low,0.07988450433108758,0
MYM-0019,toblerone barre de chocolat au lait toblerone 100g,epicerie-sucree,30.4,toblerone barre de chocolat au lait toblerone 100g,MAD,MyMarket,50,8,0,1,3.4468078929142076,medium,0.07988450433108758,0
MYM-0020,sedra miel sedra 200g,epicerie-sucree,8.0,sedra miel sedra 200g,MAD,MyMarket,21,4,0,1,2.1972245773362196,low,0.07988450433108758,0
MYM-0021,sedra miel au gingembre sedra 250g,epicerie-sucree,15.0,sedra miel au gingembre sedra 250g,MAD,MyMarket,34,6,0,1,2.772588722239781,low,0.07988450433108758,0
MYM-0022,suchard bonbons de chocolat au lait suchard 127 g,epicerie-sucree,85.0,suchard bonbons de chocolat au lait suchard 127 g,MAD,MyMarket,49,9,0,1,4.454347296253507,high,0.07988450433108758,0
MYM-0023,werther's chocolat à la crème de caramel werther's original 153 g,epicerie-sucree,40.0,werther's chocolat à la crème de caramel werther's original 153 g,MAD,MyMarket,65,11,0,1,3.713572066704308,medium,0.07988450433108758,0
MYM-0001,00 jacquot chocolats de noël au lait jacquot 250g,epicerie-sucree,70.0,00 jacquot chocolats de noël au lait jacquot 250g,MAD,MyMarket,49,9,0,1,4.2626798770413155,high,0.07988450433108758,0
MYM-0002,esprit de fête chocolats truffes fantaisie esprit de fête 250 g,epicerie-sucree,66.0,esprit de fête chocolats truffes fantaisie esprit de fête 250 g,MAD,MyMarket,63,11,0,1,4.204692619390966,high,0.07988450433108758,0
MYM-0003,esprit de fête chocolats boules praliné lait esprit de fête 182 g,epicerie-sucree,80.0,esprit de fête chocolats boules praliné lait esprit de fête 182 g,MAD,MyMarket,65,12,0,1,4.394449154672439,high,0.07988450433108758,0
MYM-0004,esprit de fête truffes fantaisie saveur eclats de fève de cacao esprit de fête 250g,epicerie-sucree,65.0,esprit de fête truffes fantaisie saveur eclats de fève de cacao esprit de fête 250g,MAD,MyMarket,83,15,0,1,4.189654742026425,high,0.07988450433108758,0
MYM-0005,esprit de fête truffes fantaisie saveur eclats de caramel esprit de fête 250g,epicerie-sucree,70.0,esprit de fête truffes fantaisie saveur eclats de caramel esprit de fête 250g,MAD,MyMarket,77,13,0,1,4.2626798770413155,high,0.07988450433108758,0
MYM-0006,esprit de fête truffes fantaisie nature esprit de fête 250g,epicerie-sucree,65.0,esprit de fête truffes fantaisie nature esprit de fête 250g,MAD,MyMarket,59,10,0,1,4.189654742026425,high,0.07988450433108758,0
MYM-0007,lindt chocolat assortiment lindt lindor 137 g,epicerie-sucree,152.0,lindt chocolat assortiment lindt lindor 137 g,MAD,MyMarket,45,7,0,1,5.030437921392435,high,0.07988450433108758,0
MYM-0008,lindt chocolat au lait sélection lindt lindor 137 g,epicerie-sucree,152.0,lindt chocolat au lait sélection lindt lindor 137 g,MAD,MyMarket,51,9,0,1,5.030437921392435,high,0.07988450433108758,0
MYM-0009,huesitos biscuit superchoc huesitos 5x46g,epicerie-sucree,67.15,huesitos biscuit superchoc huesitos 5x46g,MAD,MyMarket,41,5,0,1,4.221711158142542,high,0.07988450433108758,0
MYM-0010,20 huesitos biscuit mini original huesitos 270g,epicerie-sucree,79.05,20 huesitos biscuit mini original huesitos 270g,MAD,MyMarket,47,7,0,1,4.382651439442724,high,0.07988450433108758,0
MYM-0011,go on barres protéinées à la noix de coco go on 50g,epicerie-sucree,24.85,go on barres protéinées à la noix de coco go on 50g,MAD,MyMarket,51,12,0,1,3.2523106009544382,medium,0.07988450433108758,0
MYM-0012,go on barre chocolatée energy chocolat go on 50g,epicerie-sucree,14.35,go on barre chocolatée energy chocolat go on 50g,MAD,MyMarket,48,9,0,1,2.731115474033206,low,0.07988450433108758,0
MYM-0013,chocolat extrem excelo 5x36g,epicerie-sucree,11.7,chocolat extrem excelo 5x36g,MAD,MyMarket,28,4,0,1,2.5416019934645457,low,0.07988450433108758,0
MYM-0014,caramel extrem excelo 5x36g,epicerie-sucree,11.7,caramel extrem excelo 5x36g,MAD,MyMarket,27,4,0,1,2.5416019934645457,low,0.07988450433108758,0
MYM-0015,cacahuète extrem excelo 5x36g,epicerie-sucree,11.7,cacahuète extrem excelo 5x36g,MAD,MyMarket,29,4,0,1,2.5416019934645457,low,0.07988450433108758,0
MYM-0016,corny barres noisette corny 6x25g,epicerie-sucree,38.25,corny barres noisette corny 6x25g,MAD,MyMarket,33,5,0,1,3.6699514442284173,medium,0.07988450433108758,0
MYM-0017,corny barres chocolat coco corny 6x25g,epicerie-sucree,38.25,corny barres chocolat coco corny 6x25g,MAD,MyMarket,38,6,0,1,3.6699514442284173,medium,0.07988450433108758,0
MYM-0001,olla sauce pizza tomate olla 350g,epicerie-salee,8.9,olla sauce pizza tomate olla 350g,MAD,MyMarket,33,6,0,1,2.2925347571405443,low,0.08373435996150144,0
MYM-0002,ayala champignons tranchés ayala 355g,epicerie-salee,16.95,ayala champignons tranchés ayala 355g,MAD,MyMarket,37,5,1,1,2.8875901149342877,low,0.08373435996150144,0
MYM-0003,ayala pâte de coing membrillo ayala 400g,epicerie-salee,14.89,ayala pâte de coing membrillo ayala 400g,MAD,MyMarket,40,7,1,1,2.7656899805486246,low,0.08373435996150144,0
MYM-0004,ayala petits pois réhydratés ayala 400g,epicerie-salee,10.95,ayala petits pois réhydratés ayala 400g,MAD,MyMarket,39,6,1,1,2.4807312783775197,low,0.08373435996150144,0
MYM-0005,ayala tacos de poisson en sauce marine ayala 72g,epicerie-salee,21.5,ayala tacos de poisson en sauce marine ayala 72g,MAD,MyMarket,48,9,1,1,3.1135153092103742,medium,0.08373435996150144,0
MYM-0006,ayala tacos de poisson à l’huile de tournesol ayala 72g,epicerie-salee,21.5,ayala tacos de poisson à l’huile de tournesol ayala 72g,MAD,MyMarket,55,10,1,1,3.1135153092103742,medium,0.08373435996150144,0
MYM-0007,ayala tacos de poisson à l’ail ayala 72g,epicerie-salee,21.5,ayala tacos de poisson à l’ail ayala 72g,MAD,MyMarket,40,8,1,1,3.1135153092103742,medium,0.08373435996150144,0
MYM-0008,ayala pâté de thon aux morceaux de thon ayala 2x78g,epicerie-salee,26.5,ayala pâté de thon aux morceaux de thon ayala 2x78g,MAD,MyMarket,51,10,1,1,3.3141860046725258,medium,0.08373435996150144,0
MYM-0009,ayala petits calamars farcis à l’encre ayala 72g,epicerie-salee,25.0,ayala petits calamars farcis à l’encre ayala 72g,MAD,MyMarket,48,8,1,1,3.258096538021482,medium,0.08373435996150144,0
MYM-0010,ayala chipirones farcis en sauce américaine ayala 72g,epicerie-salee,25.0,ayala chipirones farcis en sauce américaine ayala 72g,MAD,MyMarket,53,8,1,1,3.258096538021482,medium,0.08373435996150144,0
MYM-0011,ayala chipirones farcis à l’huile de tournesol ayala 72g,epicerie-salee,25.0,ayala chipirones farcis à l’huile de tournesol ayala 72g,MAD,MyMarket,56,9,1,1,3.258096538021482,medium,0.08373435996150144,0
MYM-0012,ayala pack de 3 petites boîtes calamars en sauce américaine ayala 3x55g,epicerie-salee,28.55,ayala pack de 3 petites boîtes calamars en sauce américaine ayala 3x55g,MAD,MyMarket,71,12,1,1,3.386083743852107,medium,0.08373435996150144,0
MYM-0013,ayala filets de melva à l’huile de tournesol ayala 85g,epicerie-salee,21.95,ayala filets de melva à l’huile de tournesol ayala 85g,MAD,MyMarket,54,10,1,1,3.133317936506554,medium,0.08373435996150144,0
MYM-0014,ayala filets de maquereau à la tomate ayala 85g,epicerie-salee,17.5,ayala filets de maquereau à la tomate ayala 85g,MAD,MyMarket,47,9,1,1,2.917770732084279,low,0.08373435996150144,0
MYM-0015,ayala filets de maquereau à l’huile de tournesol ayala 85g,epicerie-salee,17.5,ayala filets de maquereau à l’huile de tournesol ayala 85g,MAD,MyMarket,58,10,1,1,2.917770732084279,low,0.08373435996150144,0
MYM-0016,ayala maïs sucré doux extra ayala 340g,epicerie-salee,13.1,ayala maïs sucré doux extra ayala 340g,MAD,MyMarket,38,7,1,1,2.6461747973841225,low,0.08373435996150144,0
MYM-0017,ayala pâtes spirales végétales ayala 500g,epicerie-salee,18.95,ayala pâtes spirales végétales ayala 500g,MAD,MyMarket,41,6,1,1,2.9932291433358724,low,0.08373435996150144,0
MYM-0018,ayala pâtes estrellitas ayala 500g,epicerie-salee,15.95,ayala pâtes estrellitas ayala 500g,MAD,MyMarket,34,5,1,1,2.830267833826459,low,0.08373435996150144,0
MYM-0019,ayala spaghetti ayala 500g,epicerie-salee,14.5,ayala spaghetti ayala 500g,MAD,MyMarket,26,4,1,1,2.740840023925201,low,0.08373435996150144,0
MYM-0020,4 épais ayala 500g,epicerie-salee,15.95,4 épais ayala 500g,MAD,MyMarket,18,4,1,1,2.830267833826459,low,0.08373435996150144,0
MYM-0021,desly feuilles nori pour sushi 100 unités desly,epicerie-salee,259.0,desly feuilles nori pour sushi 100 unités desly,MAD,MyMarket,47,8,0,0,5.560681631015528,high,0.08373435996150144,0
MYM-0022,schär galettes souples wraps sans gluten schär 160g,epicerie-salee,69.9,schär galettes souples wraps sans gluten schär 160g,MAD,MyMarket,51,8,0,1,4.2612704335380815,high,0.08373435996150144,0
MYM-0023,viska feuilles nori pour sushi 5 unités viska,epicerie-salee,29.9,viska feuilles nori pour sushi 5 unités viska,MAD,MyMarket,45,8,0,0,3.4307561839036995,medium,0.08373435996150144,0
MYM-0024,schär chips soufflée curvies paprika sans gluten schär 170g,epicerie-salee,44.9,schär chips soufflée curvies paprika sans gluten schär 170g,MAD,MyMarket,59,9,0,1,3.8264651170664994,medium,0.08373435996150144,0
MYM-0001,schär curvies barbecue sans gluten schär 170g,epicerie-salee,44.9,schär curvies barbecue sans gluten schär 170g,MAD,MyMarket,45,7,0,1,3.8264651170664994,medium,0.08373435996150144,0
MYM-0002,bjorg galettes de riz quinoa sans gluten bjorg 130g,epicerie-salee,39.95,bjorg galettes de riz quinoa sans gluten bjorg 130g,MAD,MyMarket,51,9,0,1,3.7123518102990785,medium,0.08373435996150144,0
MYM-0003,herr's chips soufflées sang gluten curls fromage bleu buffalo herr's 113g,epicerie-salee,25.5,herr's chips soufflées sang gluten curls fromage bleu buffalo herr's 113g,MAD,MyMarket,73,11,0,1,3.2771447329921766,medium,0.08373435996150144,0
MYM-0004,lavazza café grain espresso intensité 5 oro lavazza 1kg,epicerie-salee,390.0,lavazza café grain espresso intensité 5 oro lavazza 1kg,MAD,MyMarket,55,9,1,1,5.968707559985366,high,0.08373435996150144,0
MYM-0005,gullon mini crackers gullon 350g,epicerie-salee,19.0,gullon mini crackers gullon 350g,MAD,MyMarket,32,5,0,1,2.995732273553991,low,0.08373435996150144,0
MYM-0006,gullon mini fish cracker gullon 350g,epicerie-salee,19.0,gullon mini fish cracker gullon 350g,MAD,MyMarket,36,6,0,1,2.995732273553991,low,0.08373435996150144,0
MYM-0007,javana flacon epices ras el hanout javana 35g,epicerie-salee,18.9,javana flacon epices ras el hanout javana 35g,MAD,MyMarket,45,8,0,1,2.990719731730447,low,0.08373435996150144,0
MYM-0008,javana flacon epices curcuma javana 35g,epicerie-salee,12.15,javana flacon epices curcuma javana 35g,MAD,MyMarket,39,6,0,1,2.5764217586237734,low,0.08373435996150144,0
MYM-0009,javana flacon basilic javana 8g,epicerie-salee,9.95,javana flacon basilic javana 8g,MAD,MyMarket,31,5,0,1,2.3933394562625097,low,0.08373435996150144,0
MYM-0010,javana flacon epices curry javana 35g,epicerie-salee,15.55,javana flacon epices curry javana 35g,MAD,MyMarket,37,6,0,1,2.806386101823072,low,0.08373435996150144,0
MYM-0011,javana flacon epices assortiment shawerma javana 35g,epicerie-salee,13.2,javana flacon epices assortiment shawerma javana 35g,MAD,MyMarket,52,7,0,1,2.653241964607215,low,0.08373435996150144,0
MYM-0012,javana flacon epices piment doux javana 35g,epicerie-salee,11.5,javana flacon epices piment doux javana 35g,MAD,MyMarket,43,7,0,1,2.5257286443082556,low,0.08373435996150144,0
MYM-0013,javana flacon epices poivre noir javana 35g,epicerie-salee,13.9,javana flacon epices poivre noir javana 35g,MAD,MyMarket,43,7,0,1,2.7013612129514133,low,0.08373435996150144,0
MYM-0014,arbella conserve champignon arbella 150g,epicerie-salee,5.5,arbella conserve champignon arbella 150g,MAD,MyMarket,40,5,0,1,1.8718021769015913,low,0.08373435996150144,0
MYM-0015,arbella maïs arbella 150g,epicerie-salee,5.2,arbella maïs arbella 150g,MAD,MyMarket,25,4,0,1,1.824549292051046,low,0.08373435996150144,0
MYM-0016,indomie nouilles instantanées pack boeuf x4 indomie,epicerie-salee,9.9,indomie nouilles instantanées pack boeuf x4 indomie,MAD,MyMarket,51,7,0,0,2.388762789235098,low,0.08373435996150144,0
MYM-0017,aicha double concentré de tomate aicha 105g,epicerie-salee,6.5,aicha double concentré de tomate aicha 105g,MAD,MyMarket,43,7,0,1,2.0149030205422647,low,0.08373435996150144,0
MYM-0018,aicha double concentré de tomate aicha 140g,epicerie-salee,7.3,aicha double concentré de tomate aicha 140g,MAD,MyMarket,43,7,0,1,2.1162555148025524,low,0.08373435996150144,0
MYM-0019,aicha double concentré de tomate aicha 850g,epicerie-salee,33.0,aicha double concentré de tomate aicha 850g,MAD,MyMarket,43,7,0,1,3.5263605246161616,medium,0.08373435996150144,0
MYM-0020,suzana thon à l’huile de tournesol suzana 400g,epicerie-salee,35.0,suzana thon à l’huile de tournesol suzana 400g,MAD,MyMarket,46,8,0,1,3.58351893845611,medium,0.08373435996150144,0
MYM-0021,suzana thon entier à l’huile de tournesol suzana 800g,epicerie-salee,79.95,suzana thon entier à l’huile de tournesol suzana 800g,MAD,MyMarket,53,9,0,1,4.393831680123644,high,0.08373435996150144,0
MYM-0022,mohajir thon à l’huile végétale al mohajir 1 kg,epicerie-salee,75.0,mohajir thon à l’huile végétale al mohajir 1 kg,MAD,MyMarket,47,9,0,1,4.330733340286331,high,0.08373435996150144,0
MYM-0001,mohajir thon entier à l’huile végétale al mohajir 80g,epicerie-salee,16.0,mohajir thon entier à l’huile végétale al mohajir 80g,MAD,MyMarket,53,9,0,1,2.833213344056216,low,0.08373435996150144,0
MYM-0002,tam thon en morceaux à l'huile de tournesol tam 74g,epicerie-salee,9.9,tam thon en morceaux à l'huile de tournesol tam 74g,MAD,MyMarket,51,10,0,1,2.388762789235098,low,0.08373435996150144,0
MYM-0003,tam thon à l’huile tam 3x85g,epicerie-salee,35.0,tam thon à l’huile tam 3x85g,MAD,MyMarket,28,6,0,1,3.58351893845611,medium,0.08373435996150144,0
MYM-0004,tam thon à l'huile tam 125g,epicerie-salee,16.5,tam thon à l'huile tam 125g,MAD,MyMarket,27,6,0,1,2.8622008809294686,low,0.08373435996150144,0
MYM-0005,tam thon à l’huile tam 85g,epicerie-salee,12.0,tam thon à l’huile tam 85g,MAD,MyMarket,26,6,0,1,2.5649493574615367,low,0.08373435996150144,0
MYM-0006,tam thon au naturel tam 125g,epicerie-salee,16.5,tam thon au naturel tam 125g,MAD,MyMarket,28,6,0,1,2.8622008809294686,low,0.08373435996150144,0
MYM-0007,tam thon à l'huile de tournesol tam 1kg,epicerie-salee,95.0,tam thon à l'huile de tournesol tam 1kg,MAD,MyMarket,39,8,0,1,4.564348191467836,high,0.08373435996150144,0
MYM-0008,tam thon à l'huile tam 165g,epicerie-salee,21.95,tam thon à l'huile tam 165g,MAD,MyMarket,27,6,0,1,3.133317936506554,medium,0.08373435996150144,0
MYM-0009,tam thon entier à l'huile tam 86g,epicerie-salee,9.9,tam thon entier à l'huile tam 86g,MAD,MyMarket,33,7,0,1,2.388762789235098,low,0.08373435996150144,0
MYM-0010,tam 3 boites de thon à l'huile de tournesol tam 3x80g,epicerie-salee,28.9,tam 3 boites de thon à l'huile de tournesol tam 3x80g,MAD,MyMarket,53,11,0,1,3.3978584803966405,medium,0.08373435996150144,0
MYM-0011,tam filets de thon allongés à l'huile tam 90g,epicerie-salee,17.6,tam filets de thon allongés à l'huile tam 90g,MAD,MyMarket,45,9,0,1,2.9231615807191558,low,0.08373435996150144,0
MYM-0012,sfassif huile d'olive vierge courant sfassif 1l,epicerie-salee,59.95,sfassif huile d'olive vierge courant sfassif 1l,MAD,MyMarket,47,7,0,1,4.110053855927281,medium,0.08373435996150144,0
MYM-0013,extraction à froid bouteille en verre sfassif 25cl,epicerie-salee,39.95,extraction à froid bouteille en verre sfassif 25cl,MAD,MyMarket,50,8,0,1,3.7123518102990785,medium,0.08373435996150144,0
MYM-0014,extraction à froid bouteille en verre sfassif 50cl,epicerie-salee,75.9,extraction à froid bouteille en verre sfassif 50cl,MAD,MyMarket,50,8,0,1,4.3425058765115985,high,0.08373435996150144,0
MYM-0015,sboula levure sèche sboula 125g,epicerie-salee,9.0,sboula levure sèche sboula 125g,MAD,MyMarket,31,5,0,1,2.302585092994046,low,0.08373435996150144,0
MYM-0016,ideal sauce béchamel au fromage ideal 40g,epicerie-salee,5.9,ideal sauce béchamel au fromage ideal 40g,MAD,MyMarket,41,7,0,1,1.9315214116032138,low,0.08373435996150144,0
MYM-0017,star sauce pizza aux epices star 37cl,epicerie-salee,10.0,star sauce pizza aux epices star 37cl,MAD,MyMarket,37,7,0,1,2.3978952727983707,low,0.08373435996150144,0
MYM-0018,star sauce piquante star 200g,epicerie-salee,10.9,star sauce piquante star 200g,MAD,MyMarket,29,5,0,1,2.4765384001174837,low,0.08373435996150144,0
MYM-0019,star moutarde au miel star 21cl,epicerie-salee,13.9,star moutarde au miel star 21cl,MAD,MyMarket,31,6,0,1,2.7013612129514133,low,0.08373435996150144,0
MYM-0001,star sauce vinaigrette salade original star 50cl,epicerie-salee,17.5,star sauce vinaigrette salade original star 50cl,MAD,MyMarket,48,7,0,1,2.917770732084279,low,0.08373435996150144,0
MYM-0002,star sauce vinaigrette salade au basilic star 50cl,epicerie-salee,17.95,star sauce vinaigrette salade au basilic star 50cl,MAD,MyMarket,50,8,0,1,2.9418039315284354,low,0.08373435996150144,0
MYM-0003,ideal potage tomate au vermicelle idéal 85g,epicerie-salee,7.9,ideal potage tomate au vermicelle idéal 85g,MAD,MyMarket,43,7,0,1,2.186051276738094,low,0.08373435996150144,0
MYM-0004,ideal soupe de poisson ideal 60g,epicerie-salee,7.9,ideal soupe de poisson ideal 60g,MAD,MyMarket,32,6,0,1,2.186051276738094,low,0.08373435996150144,0
MYM-0005,ideal soupe crème de poulet ideal 60g,epicerie-salee,7.9,ideal soupe crème de poulet ideal 60g,MAD,MyMarket,37,7,0,1,2.186051276738094,low,0.08373435996150144,0
MYM-0006,ideal veloute de bolet sache ideal 60g,epicerie-salee,7.9,ideal veloute de bolet sache ideal 60g,MAD,MyMarket,38,7,0,1,2.186051276738094,low,0.08373435996150144,0
MYM-0007,ideal soupe marocaine harira ideal 135g,epicerie-salee,12.5,ideal soupe marocaine harira ideal 135g,MAD,MyMarket,39,6,0,1,2.6026896854443837,low,0.08373435996150144,0
MYM-0008,ideal soupe de légumes marocaine chorba ideal 110g,epicerie-salee,13.0,ideal soupe de légumes marocaine chorba ideal 110g,MAD,MyMarket,50,8,0,1,2.6390573296152584,low,0.08373435996150144,0
MYM-0009,la baleine gros sel de mer boite verseuse la baleine 600g,epicerie-salee,22.9,la baleine gros sel de mer boite verseuse la baleine 600g,MAD,MyMarket,57,11,0,1,3.173878458937465,medium,0.08373435996150144,0
MYM-0010,la baleine sel de mer fin la baleine 250g,epicerie-salee,16.9,la baleine sel de mer fin la baleine 250g,MAD,MyMarket,41,9,0,1,2.884800712846709,low,0.08373435996150144,0
MYM-0011,kühne sauce steak kûhne 250ml,epicerie-salee,35.95,kühne sauce steak kûhne 250ml,MAD,MyMarket,29,5,0,1,3.609565647394211,medium,0.08373435996150144,0
MYM-0012,kühne sauce gralic kûhne 205ml,epicerie-salee,35.95,kühne sauce gralic kûhne 205ml,MAD,MyMarket,30,5,0,1,3.609565647394211,medium,0.08373435996150144,0
MYM-0013,kühne cornichons doux kûhne 180g,epicerie-salee,55.0,kühne cornichons doux kûhne 180g,MAD,MyMarket,32,5,0,1,4.02535169073515,medium,0.08373435996150144,0
MYM-0014,tipiak quinoa decile tipiak boite 2 sachet x 120g,epicerie-salee,45.95,tipiak quinoa decile tipiak boite 2 sachet x 120g,MAD,MyMarket,49,9,0,1,3.849083205654272,medium,0.08373435996150144,0
MYM-0015,50 nawhal's sauce samourai nawhal’s 950ml,epicerie-salee,69.9,50 nawhal's sauce samourai nawhal’s 950ml,MAD,MyMarket,41,6,0,1,4.2612704335380815,high,0.08373435996150144,0
MYM-0016,hala huile spécial friture hala chef 2l,epicerie-salee,36.5,hala huile spécial friture hala chef 2l,MAD,MyMarket,39,7,0,1,3.624340932976365,medium,0.08373435996150144,0
MYM-0017,hala huile spécial friture hala chef 1l,epicerie-salee,17.69,hala huile spécial friture hala chef 1l,MAD,MyMarket,39,7,0,1,2.9279886214674717,low,0.08373435996150144,0
MYM-0018,tournesol afia 5l,epicerie-salee,93.9,tournesol afia 5l,MAD,MyMarket,17,3,0,1,4.552823705615882,high,0.08373435996150144,0
MYM-0019,tournesol afia 2l,epicerie-salee,46.9,tournesol afia 2l,MAD,MyMarket,17,3,0,1,3.8691155044168695,medium,0.08373435996150144,0
MYM-0020,tournesol afia 1l,epicerie-salee,30.2,tournesol afia 1l,MAD,MyMarket,17,3,0,1,3.4404180948154366,medium,0.08373435996150144,0
MYM-0021,afia huile végétal afia 5l,epicerie-salee,83.3,afia huile végétal afia 5l,MAD,MyMarket,26,5,0,1,4.4343818650078095,high,0.08373435996150144,0
MYM-0022,afia huile végétal afia 4l,epicerie-salee,50.0,afia huile végétal afia 4l,MAD,MyMarket,26,5,0,1,3.9318256327243257,medium,0.08373435996150144,0
MYM-0001,ayala boisson au soja calcium ayala 1l,cremerie,22.0,ayala boisson au soja calcium ayala 1l,MAD,MyMarket,38,7,1,1,3.1354942159291497,medium,0.068334937439846,0
MYM-0002,milklack crème croissant milklack 250g,cremerie,9.0,milklack crème croissant milklack 250g,MAD,MyMarket,38,5,0,1,2.302585092994046,low,0.068334937439846,0
MYM-0003,ideal sauce béchamel au fromage ideal 40g,cremerie,5.9,ideal sauce béchamel au fromage ideal 40g,MAD,MyMarket,41,7,0,1,1.9315214116032138,low,0.068334937439846,0
MYM-0004,al itkane thé al itkane 200g 9371,cremerie,13.9,al itkane thé al itkane 200g 9371,MAD,MyMarket,33,7,0,1,2.7013612129514133,low,0.068334937439846,0
MYM-0005,al itkane thé al itkane 500g 9371,cremerie,33.0,al itkane thé al itkane 500g 9371,MAD,MyMarket,33,7,0,1,3.5263605246161616,medium,0.068334937439846,0
MYM-0006,quescrem cream cheese kéfir quescrem 150 g,cremerie,39.6,quescrem cream cheese kéfir quescrem 150 g,MAD,MyMarket,42,7,0,1,3.703768066607687,medium,0.068334937439846,0
MYM-0007,pastoret yaourt à boire mangue kéfir pastoret 250g,cremerie,27.55,pastoret yaourt à boire mangue kéfir pastoret 250g,MAD,MyMarket,50,8,0,1,3.351656936102019,medium,0.068334937439846,0
MYM-0008,pastoret yaourt à boire nature kéfir pastoret 250g,cremerie,21.55,pastoret yaourt à boire nature kéfir pastoret 250g,MAD,MyMarket,50,8,0,1,3.1157350659486873,medium,0.068334937439846,0
MYM-0009,pastoret yaourt kéfir nature pastoret 500g,cremerie,36.55,pastoret yaourt kéfir nature pastoret 500g,MAD,MyMarket,42,6,0,1,3.6256733782101436,medium,0.068334937439846,0
MYM-0010,pastoret yaourt bio kéfir doux naturel pastoret 500g,cremerie,44.35,pastoret yaourt bio kéfir doux naturel pastoret 500g,MAD,MyMarket,52,8,1,1,3.814410176561146,medium,0.068334937439846,0
MYM-0011,reina yaourt à boire kéfir nature reina 600g,cremerie,35.95,reina yaourt à boire kéfir nature reina 600g,MAD,MyMarket,44,8,0,1,3.609565647394211,medium,0.068334937439846,0
MYM-0012,reina yaourt kéfir naturel reina 500g,cremerie,33.55,reina yaourt kéfir naturel reina 500g,MAD,MyMarket,37,6,0,1,3.542407550213679,medium,0.068334937439846,0
MYM-0013,chergui yaourt sport à boire protéiné 36g vanille chergui 450ml,cremerie,23.99,chergui yaourt sport à boire protéiné 36g vanille chergui 450ml,MAD,MyMarket,63,10,0,1,3.218475744846861,medium,0.068334937439846,0
MYM-0014,chergui yaourt sport à boire protéiné 36g mangue chergui 450ml,cremerie,23.99,chergui yaourt sport à boire protéiné 36g mangue chergui 450ml,MAD,MyMarket,62,10,0,1,3.218475744846861,medium,0.068334937439846,0
MYM-0015,chergui yaourt sport à boire protéiné 36g banane chergui 450ml,cremerie,23.99,chergui yaourt sport à boire protéiné 36g banane chergui 450ml,MAD,MyMarket,62,10,0,1,3.218475744846861,medium,0.068334937439846,0
MYM-0016,00 blue diamond boisson almond breeze original bio et sans gluten blue diamond 1l,cremerie,47.0,00 blue diamond boisson almond breeze original bio et sans gluten blue diamond 1l,MAD,MyMarket,81,14,1,1,3.871201010907891,medium,0.068334937439846,0
MYM-0017,mg pure new zealand 500 g,cremerie,71.67,mg pure new zealand 500 g,MAD,MyMarket,25,6,0,1,4.2859286446285445,high,0.068334937439846,0
MYM-0018,magdor margarine tartine et cuisson magdor 500 g,cremerie,28.5,magdor margarine tartine et cuisson magdor 500 g,MAD,MyMarket,48,8,0,1,3.3843902633457743,medium,0.068334937439846,0
MYM-0019,magdor margarine tartine et cuisson magdor 250 g,cremerie,14.2,magdor margarine tartine et cuisson magdor 250 g,MAD,MyMarket,48,8,0,1,2.7212954278522306,low,0.068334937439846,0
MYM-0020,atlas margarine pâtissière atlas 500 g,cremerie,22.35,atlas margarine pâtissière atlas 500 g,MAD,MyMarket,38,6,0,1,3.150596984114906,medium,0.068334937439846,0
MYM-0021,ledda margarine pâtissière ledda 500 g,cremerie,19.2,ledda margarine pâtissière ledda 500 g,MAD,MyMarket,38,6,0,1,3.005682604407159,low,0.068334937439846,0
MYM-0022,ledda margarine pâtissière ledda 250 g,cremerie,10.7,ledda margarine pâtissière ledda 250 g,MAD,MyMarket,38,6,0,1,2.4595888418037104,low,0.068334937439846,0
MYM-0001,chergui lait entier frais pasteurisé chergui 450 ml,cremerie,6.75,chergui lait entier frais pasteurisé chergui 450 ml,MAD,MyMarket,51,8,0,1,2.0476928433652555,low,0.068334937439846,0
MYM-0002,chergui lait frais sans lactose à conservation prolongée chergui 450 ml,cremerie,8.25,chergui lait frais sans lactose à conservation prolongée chergui 450 ml,MAD,MyMarket,71,11,0,1,2.224623551524334,low,0.068334937439846,0
MYM-0003,chergui lait frais de chèvre à conservation prolongée chergui 450 ml,cremerie,12.0,chergui lait frais de chèvre à conservation prolongée chergui 450 ml,MAD,MyMarket,68,11,0,1,2.5649493574615367,low,0.068334937439846,0
MYM-0004,le berger fromage frais à tartiner à la crème jobnaty 180 g,cremerie,19.75,le berger fromage frais à tartiner à la crème jobnaty 180 g,MAD,MyMarket,59,12,0,1,3.0325462466767075,low,0.068334937439846,0
MYM-0005,le berger fromage à tartiner à la crème light jobnaty 180 g,cremerie,19.1,le berger fromage à tartiner à la crème light jobnaty 180 g,MAD,MyMarket,59,12,0,1,3.0007198150650303,low,0.068334937439846,0
MYM-0006,le berger pack ftoury jben le berger 2x 190 g,cremerie,30.68,le berger pack ftoury jben le berger 2x 190 g,MAD,MyMarket,45,10,0,1,3.455685566946225,medium,0.068334937439846,0
MYM-0007,le berger fromage blanc mini ftoury 6 portions le berger 180g,cremerie,16.75,le berger fromage blanc mini ftoury 6 portions le berger 180g,MAD,MyMarket,61,11,0,1,2.8763855159214247,low,0.068334937439846,0
MYM-0008,le berger fromage pizza arôme edam le berger 200g,cremerie,21.48,le berger fromage pizza arôme edam le berger 200g,MAD,MyMarket,49,9,0,1,3.1126260250254902,medium,0.068334937439846,0
MYM-0009,le berger fromage râpé cheddar le berger 150g,cremerie,23.18,le berger fromage râpé cheddar le berger 150g,MAD,MyMarket,45,8,0,1,3.1855258451866466,medium,0.068334937439846,0
MYM-0010,beat fromage frais régime sans sel beat 200 g,cremerie,15.75,beat fromage frais régime sans sel beat 200 g,MAD,MyMarket,45,9,0,1,2.8183982582710754,low,0.068334937439846,0
MYM-0011,le berger boule de mozzarella le berger 100 g,cremerie,19.1,le berger boule de mozzarella le berger 100 g,MAD,MyMarket,45,9,0,1,3.0007198150650303,low,0.068334937439846,0
MYM-0012,centrale danone yaourt à boire max vanille danone 180 g,cremerie,4.72,centrale danone yaourt à boire max vanille danone 180 g,MAD,MyMarket,55,10,0,1,1.7439688053917064,low,0.068334937439846,0
MYM-0013,centrale danone yaourt à boire max fruits rouges danone 180 g,cremerie,4.72,centrale danone yaourt à boire max fruits rouges danone 180 g,MAD,MyMarket,61,11,0,1,1.7439688053917064,low,0.068334937439846,0
MYM-0014,del pacha 10 bâtonnets surimi saveur crevette del pacha 200 g,cremerie,45.9,del pacha 10 bâtonnets surimi saveur crevette del pacha 200 g,MAD,MyMarket,61,11,0,1,3.8480176754522337,medium,0.068334937439846,0
MYM-0015,del pacha 10 bâtonnets surimi saveur crabe del pacha 200 g,cremerie,41.24,del pacha 10 bâtonnets surimi saveur crabe del pacha 200 g,MAD,MyMarket,58,11,0,1,3.743367639398006,medium,0.068334937439846,0
MYM-0016,jaouda beurre doux pasteurisé jaouda 500 g,cremerie,59.95,jaouda beurre doux pasteurisé jaouda 500 g,MAD,MyMarket,42,7,0,1,4.110053855927281,medium,0.068334937439846,0
MYM-0017,centrale danone yaourt brassé nature danone 480g,cremerie,14.4,centrale danone yaourt brassé nature danone 480g,MAD,MyMarket,48,7,0,1,2.7343675094195836,low,0.068334937439846,0
MYM-0018,centrale danone yaourt aux fruits rouges fruix danone 120g,cremerie,4.0,centrale danone yaourt aux fruits rouges fruix danone 120g,MAD,MyMarket,58,9,0,1,1.6094379124341003,low,0.068334937439846,0
MYM-0019,centrale danone yaourt brassé vanille danone 480g,cremerie,14.4,centrale danone yaourt brassé vanille danone 480g,MAD,MyMarket,49,7,0,1,2.7343675094195836,low,0.068334937439846,0
MYM-0020,carré blanc fromage fondu carré blanc 8 portions,cremerie,16.35,carré blanc fromage fondu carré blanc 8 portions,MAD,MyMarket,48,8,0,0,2.8535925063928684,low,0.068334937439846,0
MYM-0021,chergui crème dessert caramel beurre salé chergui 140 g,cremerie,8.34,chergui crème dessert caramel beurre salé chergui 140 g,MAD,MyMarket,55,9,0,1,2.234306252240751,low,0.068334937439846,0
MYM-0022,chergui yaourt brassé à la tarte aux pommes chergui 4 pots de 110g,cremerie,14.34,chergui yaourt brassé à la tarte aux pommes chergui 4 pots de 110g,MAD,MyMarket,66,13,0,1,2.73046379593911,low,0.068334937439846,0
MYM-0023,chergui yaourt brassé ananas chergui 4 pots de 110g,cremerie,14.34,chergui yaourt brassé ananas chergui 4 pots de 110g,MAD,MyMarket,51,9,0,1,2.73046379593911,low,0.068334937439846,0
MYM-0001,vire 125 g,cremerie,10.2,vire 125 g,MAD,MyMarket,10,3,0,1,2.4159137783010487,low,0.068334937439846,0
MYM-0002,vire 125 g,cremerie,10.3,vire 125 g,MAD,MyMarket,10,3,0,1,2.424802725718295,low,0.068334937439846,0
MYM-0003,vire 125 g,cremerie,14.5,vire 125 g,MAD,MyMarket,10,3,0,1,2.740840023925201,low,0.068334937439846,0
MYM-0004,vire 125 g,cremerie,16.75,vire 125 g,MAD,MyMarket,10,3,0,1,2.8763855159214247,low,0.068334937439846,0
MYM-0005,vire 125 g,cremerie,10.75,vire 125 g,MAD,MyMarket,10,3,0,1,2.463853240590168,low,0.068334937439846,0
MYM-0006,00 or blanc beurre doux en plaquette or blanc 200 g,cremerie,34.15,00 or blanc beurre doux en plaquette or blanc 200 g,MAD,MyMarket,51,11,0,1,3.5596246182566738,medium,0.068334937439846,0
MYM-0007,gervais beurre frais doux gervais 200 g,cremerie,27.55,gervais beurre frais doux gervais 200 g,MAD,MyMarket,39,7,0,1,3.351656936102019,medium,0.068334937439846,0
MYM-0008,jaouda beurre doux pasteurisé jaouda 200 g,cremerie,26.45,jaouda beurre doux pasteurisé jaouda 200 g,MAD,MyMarket,42,7,0,1,3.3123661679555396,medium,0.068334937439846,0
MYM-0009,paysan breton beurre moulé demi-sel aux cristaux de sel de guérande paysan breton 250 g,cremerie,51.7,paysan breton beurre moulé demi-sel aux cristaux de sel de guérande paysan breton 250 g,MAD,MyMarket,87,15,0,1,3.9646154555473165,medium,0.068334937439846,0
MYM-0001,vire 200 g,cremerie,43.8,vire 200 g,MAD,MyMarket,10,3,0,1,3.8022081394209395,medium,0.068334937439846,0
MYM-0002,reflets de france roquefort au lait cru de brebis aop reflets de france 150 g,cremerie,70.5,reflets de france roquefort au lait cru de brebis aop reflets de france 150 g,MAD,MyMarket,77,15,0,1,4.269697449699962,high,0.068334937439846,0
MYM-0003,reflets de france fromage mimolette vieille affinée 12 mois reflets de france 200 g,cremerie,55.78,reflets de france fromage mimolette vieille affinée 12 mois reflets de france 200 g,MAD,MyMarket,83,14,0,1,4.039184151044825,medium,0.068334937439846,0
MYM-0004,15 zanetti fromage italien campana aop mozzarella di bufala zanetti 125g,cremerie,63.25,15 zanetti fromage italien campana aop mozzarella di bufala zanetti 125g,MAD,MyMarket,72,11,0,1,4.162781723775329,high,0.068334937439846,0
MYM-0005,55 jaouda lait uht entier oméga 3 jaouda 1l,cremerie,13.75,55 jaouda lait uht entier oméga 3 jaouda 1l,MAD,MyMarket,43,9,0,1,2.691243082785829,low,0.068334937439846,0
MYM-0006,diet radisson boisson de riz aux noisettes bio et sans gluten diet radisson 1l,cremerie,45.5,diet radisson boisson de riz aux noisettes bio et sans gluten diet radisson 1l,MAD,MyMarket,78,14,1,1,3.8394523125933104,medium,0.068334937439846,0
MYM-0007,ufs al baño maria sans gluten reina 4 x 110 g,cremerie,27.55,ufs al baño maria sans gluten reina 4 x 110 g,MAD,MyMarket,45,11,0,1,3.351656936102019,medium,0.068334937439846,0
MYM-0008,reina flan caramel au fromage sans gluten reina 4 x 100 g,cremerie,30.0,reina flan caramel au fromage sans gluten reina 4 x 100 g,MAD,MyMarket,57,12,0,1,3.4339872044851463,medium,0.068334937439846,0
MYM-0009,sans gluten reina 4 x100 g,cremerie,32.15,sans gluten reina 4 x100 g,MAD,MyMarket,26,6,0,1,3.5010427166318716,medium,0.068334937439846,0
MYM-0010,ufs ekilibrio sans gluten ajouté reina 4 x 100 g,cremerie,32.15,ufs ekilibrio sans gluten ajouté reina 4 x 100 g,MAD,MyMarket,48,10,0,1,3.5010427166318716,medium,0.068334937439846,0
MYM-0011,reina flan de coco sans gluten reina 4 x 100 g,cremerie,29.85,reina flan de coco sans gluten reina 4 x 100 g,MAD,MyMarket,46,11,0,1,3.4291367503513968,medium,0.068334937439846,0
MYM-0012,halta crème cuisson halta cucina 200 ml,cremerie,11.5,halta crème cuisson halta cucina 200 ml,MAD,MyMarket,39,7,0,1,2.5257286443082556,low,0.068334937439846,0
MYM-0013,mg gervais 200 ml,cremerie,17.2,mg gervais 200 ml,MAD,MyMarket,17,4,0,1,2.9014215940827497,low,0.068334937439846,0
MYM-0014,jaouda crème cuisson liquide légère jaouda 500 ml,cremerie,24.7,jaouda crème cuisson liquide légère jaouda 500 ml,MAD,MyMarket,49,8,0,1,3.246490991901174,medium,0.068334937439846,0
MYM-0015,meggle crème mascarpone meggle 250 g,cremerie,31.0,meggle crème mascarpone meggle 250 g,MAD,MyMarket,36,6,0,1,3.4657359027997265,medium,0.068334937439846,0
MYM-0016,meggle crème pâtisserie fouettée spray meggle 250 ml,cremerie,23.95,meggle crème pâtisserie fouettée spray meggle 250 ml,MAD,MyMarket,52,8,0,1,3.2168738221975275,medium,0.068334937439846,0
MYM-0017,cuisine meggle 200 ml,cremerie,12.6,cuisine meggle 200 ml,MAD,MyMarket,21,4,0,1,2.6100697927420065,low,0.068334937439846,0
MYM-0001,ayala boisson à l’avoine calcium ayala 1l,petit-dejeuner,22.0,ayala boisson à l’avoine calcium ayala 1l,MAD,MyMarket,41,7,1,1,3.1354942159291497,medium,0.07699711260827719,0
MYM-0002,ayala café moulu intense ayala 250g,petit-dejeuner,39.5,ayala café moulu intense ayala 250g,MAD,MyMarket,35,6,1,1,3.7013019741124933,medium,0.07699711260827719,0
MYM-0003,ayala café moulu mélange ayala 250g,petit-dejeuner,39.5,ayala café moulu mélange ayala 250g,MAD,MyMarket,35,6,1,1,3.7013019741124933,medium,0.07699711260827719,0
MYM-0004,ayala boisson au soja calcium ayala 1l,petit-dejeuner,22.0,ayala boisson au soja calcium ayala 1l,MAD,MyMarket,38,7,1,1,3.1354942159291497,medium,0.07699711260827719,0
MYM-0005,ayala confiture de fraise extra ayala 410g,petit-dejeuner,22.69,ayala confiture de fraise extra ayala 410g,MAD,MyMarket,42,7,1,1,3.165053018170694,medium,0.07699711260827719,0
MYM-0006,sebaa thé vert en grains lion 4011 ata sebaa 500g,petit-dejeuner,61.95,sebaa thé vert en grains lion 4011 ata sebaa 500g,MAD,MyMarket,49,10,0,1,4.142340760490356,high,0.07699711260827719,0
MYM-0007,sebaa thé vert de chine lion 4011 atay sebaa 100g,petit-dejeuner,11.7,sebaa thé vert de chine lion 4011 atay sebaa 100g,MAD,MyMarket,49,10,0,1,2.5416019934645457,low,0.07699711260827719,0
MYM-0008,chakour thé vert de chine extra-fin chakour 100g,petit-dejeuner,11.5,chakour thé vert de chine extra-fin chakour 100g,MAD,MyMarket,48,8,0,1,2.5257286443082556,low,0.07699711260827719,0
MYM-0009,chakour thé vert de chine extra fin gunpowder chakour 500g,petit-dejeuner,54.0,chakour thé vert de chine extra fin gunpowder chakour 500g,MAD,MyMarket,58,10,0,1,4.007333185232471,medium,0.07699711260827719,0
MYM-0010,bjorg galettes 4 céréales sans gluten pauvre en sel bjorg 130g,petit-dejeuner,36.0,bjorg galettes 4 céréales sans gluten pauvre en sel bjorg 130g,MAD,MyMarket,62,11,0,1,3.6109179126442243,medium,0.07699711260827719,0
MYM-0011,lavazza café grain espresso intensité 5 oro lavazza 1kg,petit-dejeuner,390.0,lavazza café grain espresso intensité 5 oro lavazza 1kg,MAD,MyMarket,55,9,1,1,5.968707559985366,high,0.07699711260827719,0
MYM-0012,10 asta 200g,petit-dejeuner,17.5,10 asta 200g,MAD,MyMarket,12,3,0,1,2.917770732084279,low,0.07699711260827719,0
MYM-0013,samar café moulu intense et équilibré classic samar 90g,petit-dejeuner,19.0,samar café moulu intense et équilibré classic samar 90g,MAD,MyMarket,55,9,0,1,2.995732273553991,low,0.07699711260827719,0
MYM-0014,lion thé lion 4011 - atay sebaa 4011 200g,petit-dejeuner,20.9,lion thé lion 4011 - atay sebaa 4011 200g,MAD,MyMarket,41,9,0,1,3.086486636822455,medium,0.07699711260827719,0
MYM-0015,arabica intensité 9 segafredo,petit-dejeuner,36.95,arabica intensité 9 segafredo,MAD,MyMarket,29,4,0,0,3.636269503841639,medium,0.07699711260827719,0
MYM-0016,segafredo 10 capsules café compatible machine nespresso aluminum ristretto intensité 11 segafredo,petit-dejeuner,36.95,segafredo 10 capsules café compatible machine nespresso aluminum ristretto intensité 11 segafredo,MAD,MyMarket,97,12,0,0,3.636269503841639,medium,0.07699711260827719,0
MYM-0017,95 segafredo 10 capsules café compatible machine nespresso aluminum espresso classico intensité 10 segafredo,petit-dejeuner,36.95,95 segafredo 10 capsules café compatible machine nespresso aluminum espresso classico intensité 10 segafredo,MAD,MyMarket,108,14,0,0,3.636269503841639,medium,0.07699711260827719,0
MYM-0018,arabica intensité 8 segafredo,petit-dejeuner,36.95,arabica intensité 8 segafredo,MAD,MyMarket,29,4,0,0,3.636269503841639,medium,0.07699711260827719,0
MYM-0019,samar café moulu samar classic 90g,petit-dejeuner,18.0,samar café moulu samar classic 90g,MAD,MyMarket,34,6,0,1,2.9444389791664403,low,0.07699711260827719,0
MYM-0020,asta café tonic asta 100g,petit-dejeuner,16.0,asta café tonic asta 100g,MAD,MyMarket,25,5,0,1,2.833213344056216,low,0.07699711260827719,0
MYM-0021,nescafé nescafé classic 90g,petit-dejeuner,17.0,nescafé nescafé classic 90g,MAD,MyMarket,27,4,0,1,2.8903717578961645,low,0.07699711260827719,0
MYM-0022,helior lait noisette vegan helior 1l,petit-dejeuner,29.9,helior lait noisette vegan helior 1l,MAD,MyMarket,36,6,0,1,3.4307561839036995,medium,0.07699711260827719,0
MYM-0001,helior lait de coco vegan helior 1l,petit-dejeuner,29.9,helior lait de coco vegan helior 1l,MAD,MyMarket,35,7,0,1,3.4307561839036995,medium,0.07699711260827719,0
MYM-0002,helior lait amande vengan sans sucre helior 1l,petit-dejeuner,29.9,helior lait amande vengan sans sucre helior 1l,MAD,MyMarket,46,8,0,1,3.4307561839036995,medium,0.07699711260827719,0
MYM-0003,helior lait amande vegan helior 1l,petit-dejeuner,29.9,helior lait amande vegan helior 1l,MAD,MyMarket,34,6,0,1,3.4307561839036995,medium,0.07699711260827719,0
MYM-0004,foody flocons d'avoine sans gluten foody 500g,petit-dejeuner,12.7,foody flocons d'avoine sans gluten foody 500g,MAD,MyMarket,45,7,0,1,2.617395832834079,low,0.07699711260827719,0
MYM-0005,chakour thé vert de chine extra-fin chakour 200g,petit-dejeuner,21.0,chakour thé vert de chine extra-fin chakour 200g,MAD,MyMarket,48,8,0,1,3.091042453358316,medium,0.07699711260827719,0
MYM-0006,chocao préparation en poudre pour boisson instantanée au cacao chocao 100g,petit-dejeuner,4.95,chocao préparation en poudre pour boisson instantanée au cacao chocao 100g,MAD,MyMarket,74,11,0,1,1.7833912195575383,low,0.07699711260827719,0
MYM-0007,el baraka confiture orange el baraka 430g,petit-dejeuner,14.9,el baraka confiture orange el baraka 430g,MAD,MyMarket,41,7,0,1,2.766319109226186,low,0.07699711260827719,0
MYM-0008,el baraka confiture abricot el baraka 37cl,petit-dejeuner,14.9,el baraka confiture abricot el baraka 37cl,MAD,MyMarket,42,7,0,1,2.766319109226186,low,0.07699711260827719,0
MYM-0009,el baraka confiture fraise el baraka 37cl,petit-dejeuner,19.95,el baraka confiture fraise el baraka 37cl,MAD,MyMarket,41,7,0,1,3.0421386463681466,low,0.07699711260827719,0
MYM-0010,schär pain multigrain schär 250g,petit-dejeuner,35.0,schär pain multigrain schär 250g,MAD,MyMarket,32,5,0,1,3.58351893845611,medium,0.07699711260827719,0
MYM-0011,lotus pate a tartiner creamy biscoff lotus 400g,petit-dejeuner,58.9,lotus pate a tartiner creamy biscoff lotus 400g,MAD,MyMarket,47,8,0,1,4.092676505121403,medium,0.07699711260827719,0
MYM-0012,saint louis morceaux secables sucre de canne brun saint louis 1kg,petit-dejeuner,59.95,saint louis morceaux secables sucre de canne brun saint louis 1kg,MAD,MyMarket,65,11,0,1,4.110053855927281,medium,0.07699711260827719,0
MYM-0013,saint louis sucre de canne bec verseur cassonade roux saint louis 650g,petit-dejeuner,47.9,saint louis sucre de canne bec verseur cassonade roux saint louis 650g,MAD,MyMarket,70,12,0,1,3.8897773964808264,medium,0.07699711260827719,0
MYM-0014,canderel sucre en poudre flacon canderel 40g,petit-dejeuner,49.9,canderel sucre en poudre flacon canderel 40g,MAD,MyMarket,44,7,0,1,3.929862923556477,medium,0.07699711260827719,0
MYM-0015,st dalfour confiture peches d'or sans sucre mini pot st dalfour 28g,petit-dejeuner,9.5,st dalfour confiture peches d'or sans sucre mini pot st dalfour 28g,MAD,MyMarket,67,12,0,1,2.3513752571634776,low,0.07699711260827719,0
MYM-0016,st dalfour confiture quatre fruits sans sucre mini pot 28g,petit-dejeuner,9.5,st dalfour confiture quatre fruits sans sucre mini pot 28g,MAD,MyMarket,58,10,0,1,2.3513752571634776,low,0.07699711260827719,0
MYM-0017,st dalfour confiture abricots sans sucre mini pot st dalfour 28g,petit-dejeuner,9.5,st dalfour confiture abricots sans sucre mini pot st dalfour 28g,MAD,MyMarket,64,11,0,1,2.3513752571634776,low,0.07699711260827719,0
MYM-0018,st dalfour confiture fraises sans sucre mini pot st dalfour 28g,petit-dejeuner,9.5,st dalfour confiture fraises sans sucre mini pot st dalfour 28g,MAD,MyMarket,63,11,0,1,2.3513752571634776,low,0.07699711260827719,0
MYM-0019,fruits de la passion ss 284g,petit-dejeuner,53.9,fruits de la passion ss 284g,MAD,MyMarket,28,6,0,1,4.005513348515485,medium,0.07699711260827719,0
MYM-0020,myrtilles sans sucre 284g,petit-dejeuner,53.9,myrtilles sans sucre 284g,MAD,MyMarket,25,4,0,1,4.005513348515485,medium,0.07699711260827719,0
MYM-0021,st dalfour confiture mures sauvages sans sucre st dalfour 284g,petit-dejeuner,53.9,st dalfour confiture mures sauvages sans sucre st dalfour 284g,MAD,MyMarket,62,10,0,1,4.005513348515485,medium,0.07699711260827719,0
MYM-0022,st dalfour confiture cerises noires sans sucre st dalfour 284g,petit-dejeuner,53.9,st dalfour confiture cerises noires sans sucre st dalfour 284g,MAD,MyMarket,62,10,0,1,4.005513348515485,medium,0.07699711260827719,0
MYM-0001,st dalfour confiture peches sans sucre st dalfour 284g,petit-dejeuner,53.9,st dalfour confiture peches sans sucre st dalfour 284g,MAD,MyMarket,54,9,0,1,4.005513348515485,medium,0.07699711260827719,0
MYM-0002,st dalfour confiture quatre fruits sans sucre st dalfour 284g,petit-dejeuner,53.9,st dalfour confiture quatre fruits sans sucre st dalfour 284g,MAD,MyMarket,61,10,0,1,4.005513348515485,medium,0.07699711260827719,0
MYM-0003,st dalfour confiture de fraise sans sucre st dalfour 284g,petit-dejeuner,53.9,st dalfour confiture de fraise sans sucre st dalfour 284g,MAD,MyMarket,57,10,0,1,4.005513348515485,medium,0.07699711260827719,0
MYM-0004,zine thé zine 200g,petit-dejeuner,23.16,zine thé zine 200g,MAD,MyMarket,18,4,0,1,3.184698373066614,medium,0.07699711260827719,0
MYM-0005,zine thé zine 500g,petit-dejeuner,57.6,zine thé zine 500g,MAD,MyMarket,18,4,0,1,4.070734696582967,medium,0.07699711260827719,0
MYM-0006,tiyay thé tiyay 41022 200g,petit-dejeuner,20.0,tiyay thé tiyay 41022 200g,MAD,MyMarket,26,5,0,1,3.044522437723423,medium,0.07699711260827719,0
MYM-0007,tiyay thé tiyay 41022 500g,petit-dejeuner,50.0,tiyay thé tiyay 41022 500g,MAD,MyMarket,26,5,0,1,3.9318256327243257,medium,0.07699711260827719,0
MYM-0008,selham thé selham 100g,petit-dejeuner,5.5,selham thé selham 100g,MAD,MyMarket,22,4,0,1,1.8718021769015913,low,0.07699711260827719,0
MYM-0009,selham thé selham 200g,petit-dejeuner,9.9,selham thé selham 200g,MAD,MyMarket,22,4,0,1,2.388762789235098,low,0.07699711260827719,0
MYM-0010,lmhrat thé lmhrat 143g,petit-dejeuner,5.6,lmhrat thé lmhrat 143g,MAD,MyMarket,22,4,0,1,1.8870696490323797,low,0.07699711260827719,0
MYM-0011,lmhrat thé lmahrat 80g,petit-dejeuner,3.9,lmhrat thé lmahrat 80g,MAD,MyMarket,22,4,0,1,1.589235205116581,low,0.07699711260827719,0
MYM-0012,lhafla thé lhafla 100g,petit-dejeuner,9.36,lhafla thé lhafla 100g,MAD,MyMarket,22,4,0,1,2.337952236831337,low,0.07699711260827719,0
MYM-0013,lhafla thé lhafla 200g,petit-dejeuner,9.0,lhafla thé lhafla 200g,MAD,MyMarket,22,4,0,1,2.302585092994046,low,0.07699711260827719,0
MYM-0014,alouns thé alouns 200g,petit-dejeuner,14.5,alouns thé alouns 200g,MAD,MyMarket,22,4,0,1,2.740840023925201,low,0.07699711260827719,0
MYM-0015,al itkane thé al itkane 200g 10016,petit-dejeuner,15.5,al itkane thé al itkane 200g 10016,MAD,MyMarket,34,7,0,1,2.803360380906535,low,0.07699711260827719,0
MYM-0016,al itkane thé al itkane 100g 10016,petit-dejeuner,8.9,al itkane thé al itkane 100g 10016,MAD,MyMarket,34,7,0,1,2.2925347571405443,low,0.07699711260827719,0
MYM-0017,al itkane thé al itkane 500g 10016,petit-dejeuner,44.9,al itkane thé al itkane 500g 10016,MAD,MyMarket,34,7,0,1,3.8264651170664994,medium,0.07699711260827719,0
MYM-0018,al itkane thé al itkane 200g 9371,petit-dejeuner,13.9,al itkane thé al itkane 200g 9371,MAD,MyMarket,33,7,0,1,2.7013612129514133,low,0.07699711260827719,0
MYM-0019,sedra miel sedra 200g,petit-dejeuner,8.0,sedra miel sedra 200g,MAD,MyMarket,21,4,0,1,2.1972245773362196,low,0.07699711260827719,0
MYM-0020,lavazza 16 capsules espresso décaféiné crémeux dek intensité 7 lavazza a modo mio,petit-dejeuner,105.0,lavazza 16 capsules espresso décaféiné crémeux dek intensité 7 lavazza a modo mio,MAD,MyMarket,81,13,1,1,4.663439094112067,high,0.07699711260827719,0
MYM-0021,lavazza 16 capsules café crema e gusto expresso intensité 12 lavazza a modo mio,petit-dejeuner,105.0,lavazza 16 capsules café crema e gusto expresso intensité 12 lavazza a modo mio,MAD,MyMarket,79,14,1,1,4.663439094112067,high,0.07699711260827719,0
MYM-0022,lavazza 16 capsules café oro nero intensité 9 lavazza a modo mio,petit-dejeuner,105.0,lavazza 16 capsules café oro nero intensité 9 lavazza a modo mio,MAD,MyMarket,64,12,1,1,4.663439094112067,high,0.07699711260827719,0
MYM-0023,lavazza 16 capsules café lungo dolce intensité 6 lavazza a modo mio,petit-dejeuner,105.0,lavazza 16 capsules café lungo dolce intensité 6 lavazza a modo mio,MAD,MyMarket,67,12,1,1,4.663439094112067,high,0.07699711260827719,0
MYM-0001,lavazza 16 capsules café oro intensité 8 lavazza a modo mio,petit-dejeuner,105.0,lavazza 16 capsules café oro intensité 8 lavazza a modo mio,MAD,MyMarket,59,11,1,1,4.663439094112067,high,0.07699711260827719,0
MYM-0002,00 dolce gusto 30 capsules cappuccino dolce gusto,petit-dejeuner,150.0,00 dolce gusto 30 capsules cappuccino dolce gusto,MAD,MyMarket,49,8,0,0,5.017279836814924,high,0.07699711260827719,0
MYM-0003,dolce gusto 30 capsules latte macchiato caramel dolce gusto,petit-dejeuner,150.0,dolce gusto 30 capsules latte macchiato caramel dolce gusto,MAD,MyMarket,59,9,0,0,5.017279836814924,high,0.07699711260827719,0
MYM-0004,lavazza 10 capsules café rossa notes de chocolat intensité 10 lavazza compatible machine nespresso,petit-dejeuner,48.0,lavazza 10 capsules café rossa notes de chocolat intensité 10 lavazza compatible machine nespresso,MAD,MyMarket,98,14,1,1,3.8918202981106265,medium,0.07699711260827719,0
MYM-0005,lavazza 10 capsules café oro intensité 8 lavazza compatible machine nespresso,petit-dejeuner,48.0,lavazza 10 capsules café oro intensité 8 lavazza compatible machine nespresso,MAD,MyMarket,77,11,1,1,3.8918202981106265,medium,0.07699711260827719,0
MYM-0006,lavazza 10 capsules café crema e gusto intensité 12 lavazza compatible machine nespresso,petit-dejeuner,48.0,lavazza 10 capsules café crema e gusto intensité 12 lavazza compatible machine nespresso,MAD,MyMarket,88,13,1,1,3.8918202981106265,medium,0.07699711260827719,0
MYM-0007,lavazza 10 capsules café espresso décaféiné intensité 7 lavazza compatible machine nespresso,petit-dejeuner,48.0,lavazza 10 capsules café espresso décaféiné intensité 7 lavazza compatible machine nespresso,MAD,MyMarket,92,12,1,1,3.8918202981106265,medium,0.07699711260827719,0
MYM-0008,u café moulu tradition robusta u 250 g,petit-dejeuner,42.0,u café moulu tradition robusta u 250 g,MAD,MyMarket,38,8,0,1,3.7612001156935624,medium,0.07699711260827719,0
MYM-0009,u café moulu décaféiné robusta u 250 g,petit-dejeuner,42.0,u café moulu décaféiné robusta u 250 g,MAD,MyMarket,38,8,0,1,3.7612001156935624,medium,0.07699711260827719,0
MYM-0010,chicco d'oro café moulu tradition chicco d'oro 250 g,petit-dejeuner,54.0,chicco d'oro café moulu tradition chicco d'oro 250 g,MAD,MyMarket,52,9,0,1,4.007333185232471,medium,0.07699711260827719,0
MYM-0011,lollo caffè café moulu nero crema lollo caffè 250g,petit-dejeuner,54.0,lollo caffè café moulu nero crema lollo caffè 250g,MAD,MyMarket,50,9,0,1,4.007333185232471,medium,0.07699711260827719,0
MYM-0012,lavazza café moulu suerte lavazza 250 g,petit-dejeuner,54.0,lavazza café moulu suerte lavazza 250 g,MAD,MyMarket,39,7,1,1,4.007333185232471,medium,0.07699711260827719,0
MYM-0013,lavazza 16 capsules café espresso passionale intensité 11 lavazza a modo mio,petit-dejeuner,105.0,lavazza 16 capsules café espresso passionale intensité 11 lavazza a modo mio,MAD,MyMarket,76,12,1,1,4.663439094112067,high,0.07699711260827719,0
MYM-0001,amanhecer mini toasts complets de trigo amanhecer 120g,pains-et-patisserie,17.95,amanhecer mini toasts complets de trigo amanhecer 120g,MAD,MyMarket,54,8,0,1,2.9418039315284354,low,0.04523580365736285,0
MYM-0002,amanhecer mini toasts de trigo amanhecer 120g,pains-et-patisserie,17.2,amanhecer mini toasts de trigo amanhecer 120g,MAD,MyMarket,45,7,0,1,2.9014215940827497,low,0.04523580365736285,0
MYM-0003,chabrior 100 biscottes nature mai pack de 830g chabrior,pains-et-patisserie,71.95,chabrior 100 biscottes nature mai pack de 830g chabrior,MAD,MyMarket,55,9,0,1,4.289774274968795,high,0.04523580365736285,0
MYM-0004,chabrior 36 biscottes sans sel paquet de 300g,pains-et-patisserie,29.95,chabrior 36 biscottes sans sel paquet de 300g,MAD,MyMarket,45,8,0,1,3.432372999130605,medium,0.04523580365736285,0
MYM-0005,chabrior petits pains grillés au blé complet 225g chabrior,pains-et-patisserie,22.75,chabrior petits pains grillés au blé complet 225g chabrior,MAD,MyMarket,58,9,0,1,3.1675825304806504,medium,0.04523580365736285,0
MYM-0006,90 pagen pain suédois krisprolls blé doré pagen 225 g,pains-et-patisserie,52.5,90 pagen pain suédois krisprolls blé doré pagen 225 g,MAD,MyMarket,53,10,0,1,3.979681653901961,medium,0.04523580365736285,0
MYM-0007,pagen pain suédois krisprolls wholegrain complet sans sucre ajouté pagen 225 g,pains-et-patisserie,52.5,pagen pain suédois krisprolls wholegrain complet sans sucre ajouté pagen 225 g,MAD,MyMarket,78,12,0,1,3.979681653901961,medium,0.04523580365736285,0
MYM-0008,pagen pain suédois krisprolls wholegrain complet pagen 225 g,pains-et-patisserie,52.5,pagen pain suédois krisprolls wholegrain complet pagen 225 g,MAD,MyMarket,60,9,0,1,3.979681653901961,medium,0.04523580365736285,0
MYM-0009,chef du pain 3 pâtes de pizza ronde nature chef du pain 420g,pains-et-patisserie,20.34,chef du pain 3 pâtes de pizza ronde nature chef du pain 420g,MAD,MyMarket,60,13,0,1,3.060583245873607,medium,0.04523580365736285,0
MYM-0010,chef du pain 7 pains chawarma nature chef du pain 273 g,pains-et-patisserie,10.54,chef du pain 7 pains chawarma nature chef du pain 273 g,MAD,MyMarket,55,12,0,1,2.4458192610799534,low,0.04523580365736285,0
MYM-0011,chef du pain 7 pains chawarma complet chef du pain 273 g,pains-et-patisserie,10.54,chef du pain 7 pains chawarma complet chef du pain 273 g,MAD,MyMarket,56,12,0,1,2.4458192610799534,low,0.04523580365736285,0
MYM-0012,40 jessy's panko bread crumbs jessy's 200 g,pains-et-patisserie,19.0,40 jessy's panko bread crumbs jessy's 200 g,MAD,MyMarket,43,8,0,1,2.995732273553991,low,0.04523580365736285,0
MYM-0013,sucre ajouté bimbo 6 unités,pains-et-patisserie,42.5,sucre ajouté bimbo 6 unités,MAD,MyMarket,27,5,0,0,3.7727609380946383,medium,0.04523580365736285,0
MYM-0014,la boulangère 4 baguettes viennoises nature la boulangère 340g,pains-et-patisserie,42.5,la boulangère 4 baguettes viennoises nature la boulangère 340g,MAD,MyMarket,62,9,0,1,3.7727609380946383,medium,0.04523580365736285,0
MYM-0015,00 options el barakate chebakia aux amandes 1kg,pains-et-patisserie,120.0,00 options el barakate chebakia aux amandes 1kg,MAD,MyMarket,47,8,0,1,4.795790545596741,high,0.04523580365736285,0
MYM-0016,00 mon boulanger baguette parisienne,pains-et-patisserie,3.2,00 mon boulanger baguette parisienne,MAD,MyMarket,36,5,0,0,1.4350845252893227,low,0.04523580365736285,0
MYM-0001,mon boulanger baguette aux olives,pains-et-patisserie,5.9,mon boulanger baguette aux olives,MAD,MyMarket,33,5,0,0,1.9315214116032138,low,0.04523580365736285,0
MYM-0002,mon boulanger baguette aux céréales,pains-et-patisserie,6.0,mon boulanger baguette aux céréales,MAD,MyMarket,35,5,0,0,1.9459101490553132,low,0.04523580365736285,0
MYM-0003,mon boulanger baguette au sésame,pains-et-patisserie,4.49,mon boulanger baguette au sésame,MAD,MyMarket,32,5,0,0,1.7029282555214393,low,0.04523580365736285,0
MYM-0004,mon boulanger baguette au pavot,pains-et-patisserie,6.0,mon boulanger baguette au pavot,MAD,MyMarket,31,5,0,0,1.9459101490553132,low,0.04523580365736285,0
MYM-0005,mon boulanger baguette à la semoule,pains-et-patisserie,4.2,mon boulanger baguette à la semoule,MAD,MyMarket,35,6,0,0,1.6486586255873816,low,0.04523580365736285,0
MYM-0006,94 bimbo 6 pains tacos original bimbo 240 g,pains-et-patisserie,24.0,94 bimbo 6 pains tacos original bimbo 240 g,MAD,MyMarket,43,9,0,1,3.2188758248682006,medium,0.04523580365736285,0
MYM-0007,bimbo 4 pains burger sans sésame 220g,pains-et-patisserie,16.05,bimbo 4 pains burger sans sésame 220g,MAD,MyMarket,37,7,0,1,2.8361502037295256,low,0.04523580365736285,0
MYM-0008,bimbo 4 pain maxi burger bimbo 300g,pains-et-patisserie,19.5,bimbo 4 pain maxi burger bimbo 300g,MAD,MyMarket,35,7,0,1,3.0204248861443626,low,0.04523580365736285,0
MYM-0009,du chef pack fruits secs 4 produits,pains-et-patisserie,459.0,du chef pack fruits secs 4 produits,MAD,MyMarket,35,7,0,0,6.131226489483141,high,0.04523580365736285,0
MYM-0010,mission wraps 6 pains tortillas blé complet 25cm wraps mission 420 g,pains-et-patisserie,33.79,mission wraps 6 pains tortillas blé complet 25cm wraps mission 420 g,MAD,MyMarket,68,12,0,1,3.5493299891638506,medium,0.04523580365736285,0
MYM-0011,assylor pain de mie complet maxi assylor 480g,pains-et-patisserie,17.55,assylor pain de mie complet maxi assylor 480g,MAD,MyMarket,45,8,0,1,2.920469789053444,low,0.04523580365736285,0
MYM-0012,assylor pain de mie nature maxi assylor 480g,pains-et-patisserie,20.35,assylor pain de mie nature maxi assylor 480g,MAD,MyMarket,44,8,0,1,3.0610517396746335,medium,0.04523580365736285,0
MYM-0013,assylor pate a pizza assylor 10 pieces,pains-et-patisserie,14.25,assylor pate a pizza assylor 10 pieces,MAD,MyMarket,38,7,0,0,2.7245795030534206,low,0.04523580365736285,0
MYM-0014,60 assylor pain mega sandwich 3 pieces,pains-et-patisserie,12.0,60 assylor pain mega sandwich 3 pieces,MAD,MyMarket,38,7,0,0,2.5649493574615367,low,0.04523580365736285,0
MYM-0015,assylor pain saucisse assylor 4 pieces,pains-et-patisserie,10.8,assylor pain saucisse assylor 4 pieces,MAD,MyMarket,38,6,0,0,2.468099531471619,low,0.04523580365736285,0
MYM-0016,assylor pain hamburger geant assylor 4 pieces,pains-et-patisserie,12.24,assylor pain hamburger geant assylor 4 pieces,MAD,MyMarket,45,7,0,0,2.5832425505088623,low,0.04523580365736285,0
MYM-0017,assylor pain charwarma libanais et sandwich sans conservateur assylor,pains-et-patisserie,9.38,assylor pain charwarma libanais et sandwich sans conservateur assylor,MAD,MyMarket,69,9,0,0,2.3398808777377424,low,0.04523580365736285,0
MYM-0018,jacquet baguettine briochée jacquet 300 g,pains-et-patisserie,64.8,jacquet baguettine briochée jacquet 300 g,MAD,MyMarket,41,6,0,1,4.186619838331271,high,0.04523580365736285,0
MYM-0019,jacquet brioché pur beurre jacquet 250 g,pains-et-patisserie,59.88,jacquet brioché pur beurre jacquet 250 g,MAD,MyMarket,40,7,0,1,4.1089047135534305,medium,0.04523580365736285,0
MYM-0020,jacquet baguettine blé tendre 24 tranches jacquet 300 g,pains-et-patisserie,64.8,jacquet baguettine blé tendre 24 tranches jacquet 300 g,MAD,MyMarket,55,9,0,1,4.186619838331271,high,0.04523580365736285,0
MYM-0021,schär levure déshydratée sans gluten schär 2 x 10g,pains-et-patisserie,15.6,schär levure déshydratée sans gluten schär 2 x 10g,MAD,MyMarket,50,9,0,1,2.8094026953624978,low,0.04523580365736285,0
MYM-0001,85 bimbo pain de mie nature délicieusement frais bimbo 400g,pains-et-patisserie,25.0,85 bimbo pain de mie nature délicieusement frais bimbo 400g,MAD,MyMarket,59,10,0,1,3.258096538021482,medium,0.04523580365736285,0
MYM-0002,bimbo 4 pain burger bimbo 220g,pains-et-patisserie,16.05,bimbo 4 pain burger bimbo 220g,MAD,MyMarket,30,6,0,1,2.8361502037295256,low,0.04523580365736285,0
MYM-0003,bimbo 12 mini pizza nature bimbo 192g,pains-et-patisserie,14.1,bimbo 12 mini pizza nature bimbo 192g,MAD,MyMarket,37,7,0,1,2.714694743820879,low,0.04523580365736285,0
MYM-0004,bimbo 7 pain chawarma nature bimbo 270g,pains-et-patisserie,11.5,bimbo 7 pain chawarma nature bimbo 270g,MAD,MyMarket,39,7,0,1,2.5257286443082556,low,0.04523580365736285,0
MYM-0005,bimbo 3 pizza pate ronde nature bimbo 420 g,pains-et-patisserie,22.8,bimbo 3 pizza pate ronde nature bimbo 420 g,MAD,MyMarket,43,9,0,1,3.169685580677429,medium,0.04523580365736285,0
MYM-0006,bimbo 3 pizza pate ronde saveur oignon et ail bimbo 420g,pains-et-patisserie,25.0,bimbo 3 pizza pate ronde saveur oignon et ail bimbo 420g,MAD,MyMarket,56,11,0,1,3.258096538021482,medium,0.04523580365736285,0
MYM-0007,54 bimbo pain de mie complet source de fibre et minéraux bimbo 430g,pains-et-patisserie,23.54,54 bimbo pain de mie complet source de fibre et minéraux bimbo 430g,MAD,MyMarket,67,13,0,1,3.2003044392827653,medium,0.04523580365736285,0
MYM-0008,bimbo 5 pains chawarma complet source de fibre bimbo 192g,pains-et-patisserie,11.5,bimbo 5 pains chawarma complet source de fibre bimbo 192g,MAD,MyMarket,57,10,0,1,2.5257286443082556,low,0.04523580365736285,0
MYM-0009,55 bimbo 12 mini pizza saveur oignon et ail bimbo 420 g,pains-et-patisserie,14.9,55 bimbo 12 mini pizza saveur oignon et ail bimbo 420 g,MAD,MyMarket,55,12,0,1,2.766319109226186,low,0.04523580365736285,0
MYM-0010,84 bimbo tostado blanco bimbo 270 g,pains-et-patisserie,34.74,84 bimbo tostado blanco bimbo 270 g,MAD,MyMarket,35,7,0,1,3.576270509731282,medium,0.04523580365736285,0
MYM-0001,schär galettes souples wraps sans gluten schär 160g,sans-gluten,69.9,schär galettes souples wraps sans gluten schär 160g,MAD,MyMarket,51,8,0,1,4.2612704335380815,high,0.04812319538017324,0
MYM-0002,schär biscuits salés croustillants crackers multicéréales sans gluten schär 210g,sans-gluten,58.9,schär biscuits salés croustillants crackers multicéréales sans gluten schär 210g,MAD,MyMarket,80,10,0,1,4.092676505121403,medium,0.04812319538017324,0
MYM-0003,schär biscuits salés crackers sans gluten schär 210g,sans-gluten,49.95,schär biscuits salés crackers sans gluten schär 210g,MAD,MyMarket,52,8,0,1,3.9308447596687337,medium,0.04812319538017324,0
MYM-0004,schär chips soufflée curvies paprika sans gluten schär 170g,sans-gluten,44.9,schär chips soufflée curvies paprika sans gluten schär 170g,MAD,MyMarket,59,9,0,1,3.8264651170664994,medium,0.04812319538017324,0
MYM-0005,schär curvies barbecue sans gluten schär 170g,sans-gluten,44.9,schär curvies barbecue sans gluten schär 170g,MAD,MyMarket,45,7,0,1,3.8264651170664994,medium,0.04812319538017324,0
MYM-0006,bjorg galettes de riz quinoa sans gluten bjorg 130g,sans-gluten,39.95,bjorg galettes de riz quinoa sans gluten bjorg 130g,MAD,MyMarket,51,9,0,1,3.7123518102990785,medium,0.04812319538017324,0
MYM-0007,bjorg galettes 4 céréales sans gluten pauvre en sel bjorg 130g,sans-gluten,36.0,bjorg galettes 4 céréales sans gluten pauvre en sel bjorg 130g,MAD,MyMarket,62,11,0,1,3.6109179126442243,medium,0.04812319538017324,0
MYM-0008,herr's chips soufflées sang gluten curls fromage bleu buffalo herr's 113g,sans-gluten,25.5,herr's chips soufflées sang gluten curls fromage bleu buffalo herr's 113g,MAD,MyMarket,73,11,0,1,3.2771447329921766,medium,0.04812319538017324,0
MYM-0009,gullon biscuits sans gluten gullón 200g,sans-gluten,22.5,gullon biscuits sans gluten gullón 200g,MAD,MyMarket,39,6,0,1,3.1570004211501135,medium,0.04812319538017324,0
MYM-0010,moins de graisses gullón digestive 400g,sans-gluten,20.05,moins de graisses gullón digestive 400g,MAD,MyMarket,39,6,0,1,3.0469005601283903,medium,0.04812319538017324,0
MYM-0011,gullon biscuits maria sans gluten gullon 380 g,sans-gluten,22.95,gullon biscuits maria sans gluten gullon 380 g,MAD,MyMarket,46,8,0,1,3.175968323856924,medium,0.04812319538017324,0
MYM-0012,schär pain multigrain schär 250g,sans-gluten,35.0,schär pain multigrain schär 250g,MAD,MyMarket,32,5,0,1,3.58351893845611,medium,0.04812319538017324,0
MYM-0013,schär farine pour pain rustique aux graines de lin et au sarrasin mix it schär 1kg,sans-gluten,73.0,schär farine pour pain rustique aux graines de lin et au sarrasin mix it schär 1kg,MAD,MyMarket,82,16,0,1,4.30406509320417,high,0.04812319538017324,0
MYM-0014,90 zéro bonbons sans suce espresso café zéro 32 g,sans-gluten,10.9,90 zéro bonbons sans suce espresso café zéro 32 g,MAD,MyMarket,49,10,0,1,2.4765384001174837,low,0.04812319538017324,0
MYM-0015,zanuy tortilla chips de maïs salées nachos sans gluten zanuy 200 g,sans-gluten,26.75,zanuy tortilla chips de maïs salées nachos sans gluten zanuy 200 g,MAD,MyMarket,66,12,0,1,3.3232358401924436,medium,0.04812319538017324,0
MYM-0016,zanuy tortilla chips de maïs nachos' mexican sans gluten zanuy 200 g,sans-gluten,26.75,zanuy tortilla chips de maïs nachos' mexican sans gluten zanuy 200 g,MAD,MyMarket,68,12,0,1,3.3232358401924436,medium,0.04812319538017324,0
MYM-0017,zanuy tortilla chips de maïs nachos fromage sans gluten zanuy 200 g,sans-gluten,26.75,zanuy tortilla chips de maïs nachos fromage sans gluten zanuy 200 g,MAD,MyMarket,67,12,0,1,3.3232358401924436,medium,0.04812319538017324,0
MYM-0018,00 blue diamond boisson almond breeze original bio et sans gluten blue diamond 1l,sans-gluten,47.0,00 blue diamond boisson almond breeze original bio et sans gluten blue diamond 1l,MAD,MyMarket,81,14,1,1,3.871201010907891,medium,0.04812319538017324,0
MYM-0001,00 lutti bonbons bicolores à la menthe sans gluten lutti 250 g,sans-gluten,63.5,00 lutti bonbons bicolores à la menthe sans gluten lutti 250 g,MAD,MyMarket,62,12,0,1,4.1666652238017265,high,0.04812319538017324,0
MYM-0002,28 la molisana 400 g,sans-gluten,58.5,28 la molisana 400 g,MAD,MyMarket,20,5,0,1,4.085976312551584,medium,0.04812319538017324,0
MYM-0003,15 la molisana 400 g,sans-gluten,58.5,15 la molisana 400 g,MAD,MyMarket,20,5,0,1,4.085976312551584,medium,0.04812319538017324,0
MYM-0004,70 diet radisson boisson de riz aux noisettes bio et sans gluten diet radisson 1l,sans-gluten,45.5,70 diet radisson boisson de riz aux noisettes bio et sans gluten diet radisson 1l,MAD,MyMarket,81,15,1,1,3.8394523125933104,medium,0.04812319538017324,0
MYM-0005,ufs al baño maria sans gluten reina 4 x 110 g,sans-gluten,27.55,ufs al baño maria sans gluten reina 4 x 110 g,MAD,MyMarket,45,11,0,1,3.351656936102019,medium,0.04812319538017324,0
MYM-0006,reina flan caramel au fromage sans gluten reina 4 x 100 g,sans-gluten,30.0,reina flan caramel au fromage sans gluten reina 4 x 100 g,MAD,MyMarket,57,12,0,1,3.4339872044851463,medium,0.04812319538017324,0
MYM-0007,sans gluten reina 4 x100 g,sans-gluten,32.15,sans gluten reina 4 x100 g,MAD,MyMarket,26,6,0,1,3.5010427166318716,medium,0.04812319538017324,0
MYM-0008,ufs ekilibrio sans gluten ajouté reina 4 x 100 g,sans-gluten,32.15,ufs ekilibrio sans gluten ajouté reina 4 x 100 g,MAD,MyMarket,48,10,0,1,3.5010427166318716,medium,0.04812319538017324,0
MYM-0009,reina flan de coco sans gluten reina 4 x 100 g,sans-gluten,29.85,reina flan de coco sans gluten reina 4 x 100 g,MAD,MyMarket,46,11,0,1,3.4291367503513968,medium,0.04812319538017324,0
MYM-0001,sojasun dessert végétal au soja fermentée saveur figue sans gluten sojasun 4x100g,sans-gluten,43.65,sojasun dessert végétal au soja fermentée saveur figue sans gluten sojasun 4x100g,MAD,MyMarket,81,12,0,1,3.798854307322508,medium,0.04812319538017324,0
MYM-0002,sojasun dessert végétal au soja fermentée saveur framboise et fruit de passion sans gluten sojasun 4x100g,sans-gluten,43.7,sojasun dessert végétal au soja fermentée saveur framboise et fruit de passion sans gluten sojasun 4x100g,MAD,MyMarket,105,16,0,1,3.7999735016195233,medium,0.04812319538017324,0
MYM-0003,sojasun dessert végétal au soja fermentée saveur cerise sans gluten sojasun 4x100g,sans-gluten,43.7,sojasun dessert végétal au soja fermentée saveur cerise sans gluten sojasun 4x100g,MAD,MyMarket,82,12,0,1,3.7999735016195233,medium,0.04812319538017324,0
MYM-0004,sojasun dessert végétal au soja fermentée et à la mangue sans gluten sojasun 4x100 g,sans-gluten,41.95,sojasun dessert végétal au soja fermentée et à la mangue sans gluten sojasun 4x100 g,MAD,MyMarket,84,15,0,1,3.7600366484302645,medium,0.04812319538017324,0
MYM-0005,sojasun dessert végétal au soja fermentée et citron sans gluten sojasun 4x100 g,sans-gluten,41.35,sojasun dessert végétal au soja fermentée et citron sans gluten sojasun 4x100 g,MAD,MyMarket,79,13,0,1,3.7459684210980635,medium,0.04812319538017324,0
MYM-0006,sojasun dessert végétal au soja noisette et amande sans gluten sojasun 4x100 g,sans-gluten,43.65,sojasun dessert végétal au soja noisette et amande sans gluten sojasun 4x100 g,MAD,MyMarket,78,13,0,1,3.798854307322508,medium,0.04812319538017324,0
MYM-0007,sojasun dessert végétal à la vanille sans gluten sojasun 4x100g,sans-gluten,43.7,sojasun dessert végétal à la vanille sans gluten sojasun 4x100g,MAD,MyMarket,63,10,0,1,3.7999735016195233,medium,0.04812319538017324,0
MYM-0008,sojasun dessert végétal aux myrtilles sans gluten sojasun 4x100g,sans-gluten,41.35,sojasun dessert végétal aux myrtilles sans gluten sojasun 4x100g,MAD,MyMarket,64,9,0,1,3.7459684210980635,medium,0.04812319538017324,0
MYM-0009,sojasun dessert végétal au chocolat sans gluten sojasun 4x100g,sans-gluten,43.7,sojasun dessert végétal au chocolat sans gluten sojasun 4x100g,MAD,MyMarket,62,9,0,1,3.7999735016195233,medium,0.04812319538017324,0
MYM-0010,ke maïs grillés au fromage sans gluten ke 100g,sans-gluten,12.07,ke maïs grillés au fromage sans gluten ke 100g,MAD,MyMarket,46,9,0,1,2.570319527636131,low,0.04812319538017324,0
MYM-0011,ke maïs grillés barbecue sans gluten original ke 100g,sans-gluten,12.07,ke maïs grillés barbecue sans gluten original ke 100g,MAD,MyMarket,53,9,0,1,2.570319527636131,low,0.04812319538017324,0
MYM-0012,ke maïs grillés salés sans gluten original ke 100g,sans-gluten,12.05,ke maïs grillés salés sans gluten original ke 100g,MAD,MyMarket,50,9,0,1,2.5687881337687024,low,0.04812319538017324,0
MYM-0013,ke graines de tournesol xxl au sel sans gluten ke 80g,sans-gluten,12.07,ke graines de tournesol xxl au sel sans gluten ke 80g,MAD,MyMarket,53,11,0,1,2.570319527636131,low,0.04812319538017324,0
MYM-0014,ke graines de tournesol salées sans gluten ke 100g,sans-gluten,12.07,ke graines de tournesol salées sans gluten ke 100g,MAD,MyMarket,50,9,0,1,2.570319527636131,low,0.04812319538017324,0
MYM-0015,60 pascual yaourt greek sucré vanille sans gluten pascual 4x125g,sans-gluten,30.0,60 pascual yaourt greek sucré vanille sans gluten pascual 4x125g,MAD,MyMarket,64,10,0,1,3.4339872044851463,medium,0.04812319538017324,0
MYM-0016,00 pascual yaourt crémeux au pêche et au fruit de passion sans gluten pascual 4x125g,sans-gluten,30.0,00 pascual yaourt crémeux au pêche et au fruit de passion sans gluten pascual 4x125g,MAD,MyMarket,84,15,0,1,3.4339872044851463,medium,0.04812319538017324,0
MYM-0017,pascual yaourt crémeux fraise sans gluten pascual 4x125g,sans-gluten,30.0,pascual yaourt crémeux fraise sans gluten pascual 4x125g,MAD,MyMarket,56,8,0,1,3.4339872044851463,medium,0.04812319538017324,0
MYM-0018,mangue sans gluten pascual 4x125g,sans-gluten,30.0,mangue sans gluten pascual 4x125g,MAD,MyMarket,33,5,0,1,3.4339872044851463,medium,0.04812319538017324,0
MYM-0019,pascual natillas crème dessert vanille sans gluten pascual 4x125g,sans-gluten,30.0,pascual natillas crème dessert vanille sans gluten pascual 4x125g,MAD,MyMarket,65,9,0,1,3.4339872044851463,medium,0.04812319538017324,0
MYM-0020,65 zéro bonbons sans sucre eucalyptus zéro 32 g,sans-gluten,11.25,65 zéro bonbons sans sucre eucalyptus zéro 32 g,MAD,MyMarket,47,9,0,1,2.505525936990736,low,0.04812319538017324,0
MYM-0021,chia rice up 120g,sans-gluten,18.9,chia rice up 120g,MAD,MyMarket,17,4,0,1,2.990719731730447,low,0.04812319538017324,0
MYM-0001,65 scotti riso riz carnaroli aux fruits de mer sans gluten scotti risotto 210 g,sans-gluten,41.65,65 scotti riso riz carnaroli aux fruits de mer sans gluten scotti risotto 210 g,MAD,MyMarket,79,15,0,1,3.753027273937688,medium,0.04812319538017324,0
MYM-0002,sans gluten sottolestelle 1kg,sans-gluten,114.0,sans gluten sottolestelle 1kg,MAD,MyMarket,29,4,0,1,4.74493212836325,high,0.04812319538017324,0
MYM-0001,50g gratuit,bebe,29.95,50g gratuit,MAD,MyMarket,11,2,0,1,3.432372999130605,medium,0.032723772858517804,0
MYM-0002,nestlé nestle cerelac 50g,bebe,6.5,nestlé nestle cerelac 50g,MAD,MyMarket,25,4,1,1,2.0149030205422647,low,0.032723772858517804,0
MYM-0003,pom’potes gourde de pomme nature sans sucres ajoutés pom’potes 90g,bebe,11.4,pom’potes gourde de pomme nature sans sucres ajoutés pom’potes 90g,MAD,MyMarket,66,10,0,1,2.517696472610991,low,0.032723772858517804,0
MYM-0004,pom’potes gourde de 5 fruits exotiques sans sucres ajoutés pom’potes 90g,bebe,9.55,pom’potes gourde de 5 fruits exotiques sans sucres ajoutés pom’potes 90g,MAD,MyMarket,72,11,0,1,2.3561258599220753,low,0.032723772858517804,0
MYM-0005,carotte et mangue cerelac dès 6 mois,bebe,13.15,carotte et mangue cerelac dès 6 mois,MAD,MyMarket,36,7,0,0,2.649714624089247,low,0.032723772858517804,0
MYM-0006,orange et biscuit cerelac dès 6 mois,bebe,13.15,orange et biscuit cerelac dès 6 mois,MAD,MyMarket,36,7,0,0,2.649714624089247,low,0.032723772858517804,0
MYM-0007,nestlé gourde purée de fruits pomme et banane cerelac dès 6 mois,bebe,13.15,nestlé gourde purée de fruits pomme et banane cerelac dès 6 mois,MAD,MyMarket,64,12,0,0,2.649714624089247,low,0.032723772858517804,0
MYM-0008,pomme et avoine cerelac dès 6 mois,bebe,13.15,pomme et avoine cerelac dès 6 mois,MAD,MyMarket,34,7,0,0,2.649714624089247,low,0.032723772858517804,0
MYM-0009,raisin et orange cerelac dès 6 mois,bebe,13.14,raisin et orange cerelac dès 6 mois,MAD,MyMarket,35,7,0,0,2.6490076604684267,low,0.032723772858517804,0
MYM-0010,poire et orange cerelac dès 6 mois,bebe,13.15,poire et orange cerelac dès 6 mois,MAD,MyMarket,34,7,0,0,2.649714624089247,low,0.032723772858517804,0
MYM-0001,64 pampers 56 lingettes sensitives pampers,bebe,30.15,64 pampers 56 lingettes sensitives pampers,MAD,MyMarket,42,6,0,1,3.4388142452334622,medium,0.032723772858517804,0
MYM-0002,00 vaseline gelée protectrice douce pour bébé vaseline 250 ml,bebe,51.55,00 vaseline gelée protectrice douce pour bébé vaseline 250 ml,MAD,MyMarket,61,10,0,1,3.96176509732296,medium,0.032723772858517804,0
MYM-0003,nan lait de croissance optipro 3 nan 400g,bebe,100.0,nan lait de croissance optipro 3 nan 400g,MAD,MyMarket,41,8,0,1,4.61512051684126,high,0.032723772858517804,0
MYM-0001,00 hydra coton tige bebe hydra 80p,bebe,11.0,00 hydra coton tige bebe hydra 80p,MAD,MyMarket,34,7,0,0,2.4849066497880004,low,0.032723772858517804,0
MYM-0002,andros compote fruit me up pomme banane andros 90g,bebe,14.5,andros compote fruit me up pomme banane andros 90g,MAD,MyMarket,50,9,0,1,2.740840023925201,low,0.032723772858517804,0
MYM-0003,andros compote fruit me up pomme poire andros 90g,bebe,14.5,andros compote fruit me up pomme poire andros 90g,MAD,MyMarket,49,9,0,1,2.740840023925201,low,0.032723772858517804,0
MYM-0004,andros compote fruit me up pomme nature andros 90g,bebe,14.5,andros compote fruit me up pomme nature andros 90g,MAD,MyMarket,50,9,0,1,2.740840023925201,low,0.032723772858517804,0
MYM-0005,blédina céréales saveur biscuitée et lait blédina 250g,bebe,41.4,blédina céréales saveur biscuitée et lait blédina 250g,MAD,MyMarket,54,8,0,1,3.7471483622379123,medium,0.032723772858517804,0
MYM-0006,blédina céréales lactés au miel et lait blédina 250 g,bebe,41.1,blédina céréales lactés au miel et lait blédina 250 g,MAD,MyMarket,53,10,0,1,3.7400477406883357,medium,0.032723772858517804,0
MYM-0007,carottes vitameal 200g,bebe,24.55,carottes vitameal 200g,MAD,MyMarket,22,3,0,1,3.2406373166497136,medium,0.032723772858517804,0
MYM-0008,nestlé cerelac infantiles au miel nestlé 250 g,bebe,34.9,nestlé cerelac infantiles au miel nestlé 250 g,MAD,MyMarket,46,8,0,1,3.580737295494233,medium,0.032723772858517804,0
MYM-0009,septona coton tige baby septona,bebe,14.34,septona coton tige baby septona,MAD,MyMarket,31,5,0,0,2.73046379593911,low,0.032723772858517804,0
MYM-0010,johnson's coton tige baby johnson's,bebe,21.18,johnson's coton tige baby johnson's,MAD,MyMarket,35,5,0,0,3.099190981922221,medium,0.032723772858517804,0
MYM-0011,14 johnson's shampoing gold baby johnson's 500 ml,bebe,58.74,14 johnson's shampoing gold baby johnson's 500 ml,MAD,MyMarket,49,8,0,1,4.090001812787964,medium,0.032723772858517804,0
MYM-0012,johnson's shampoing gold baby johnson's 300 ml,bebe,35.4,johnson's shampoing gold baby johnson's 300 ml,MAD,MyMarket,46,7,0,1,3.594568774642695,medium,0.032723772858517804,0
MYM-0013,08 johnson's power baby johnson's 200g,bebe,35.94,08 johnson's power baby johnson's 200g,MAD,MyMarket,38,6,0,1,3.609294974771094,medium,0.032723772858517804,0
MYM-0001,94 johnson's bain moussant baby johnson's 500ml,bebe,67.44,94 johnson's bain moussant baby johnson's 500ml,MAD,MyMarket,47,7,0,1,4.225957449023992,high,0.032723772858517804,0
MYM-0002,94 johnson's bain moussant baby johnson 200 ml,bebe,41.95,94 johnson's bain moussant baby johnson 200 ml,MAD,MyMarket,46,8,0,1,3.7600366484302645,medium,0.032723772858517804,0
MYM-0003,molfix couche bebe comfort 56 pieces t4 max 7 -14 kg molfix,bebe,108.56,molfix couche bebe comfort 56 pieces t4 max 7 -14 kg molfix,MAD,MyMarket,59,12,0,1,4.696472344394877,high,0.032723772858517804,0
MYM-0004,molfix couche bebe confort 68 pieces t3 4-9kg molfix,bebe,109.0,molfix couche bebe confort 68 pieces t3 4-9kg molfix,MAD,MyMarket,52,9,0,1,4.700480365792417,high,0.032723772858517804,0
MYM-0005,molfix couche bebe comfort 80 pieces t2 3-6 kg molfix,bebe,92.34,molfix couche bebe comfort 80 pieces t2 3-6 kg molfix,MAD,MyMarket,53,10,0,1,4.536248740521669,high,0.032723772858517804,0
MYM-0006,molfix couche bébé confort 40 pieces 4 maxi 7-14 kg molfix,bebe,70.2,molfix couche bébé confort 40 pieces 4 maxi 7-14 kg molfix,MAD,MyMarket,58,11,0,1,4.26549281841793,high,0.032723772858517804,0
MYM-0007,37 vitameal petit pot dessert pomme miel sans gluten ni lactose vitameal baby 130g,bebe,18.37,37 vitameal petit pot dessert pomme miel sans gluten ni lactose vitameal baby 130g,MAD,MyMarket,82,14,0,1,2.9637254774189046,low,0.032723772858517804,0
MYM-0008,37 vitafruit dessert fruit pomme fraise gourde sans gluten vitafruit 80 g,bebe,8.3,37 vitafruit dessert fruit pomme fraise gourde sans gluten vitafruit 80 g,MAD,MyMarket,73,12,0,1,2.2300144001592104,low,0.032723772858517804,0
MYM-0001,uf chapo 600g,hygiene-et-beaute,9.9,uf chapo 600g,MAD,MyMarket,13,3,0,1,2.388762789235098,low,0.07892204042348412,1
MYM-0002,doussy savon à mains liquide parfum marine doussy 400g,hygiene-et-beaute,9.9,doussy savon à mains liquide parfum marine doussy 400g,MAD,MyMarket,54,9,0,1,2.388762789235098,low,0.07892204042348412,1
MYM-0003,doussy savon à mains liquide parfum mangue doussy 400g,hygiene-et-beaute,9.9,doussy savon à mains liquide parfum mangue doussy 400g,MAD,MyMarket,54,9,0,1,2.388762789235098,low,0.07892204042348412,1
MYM-0004,doussy savon à mains liquide parfum lavande doussy 400g,hygiene-et-beaute,9.9,doussy savon à mains liquide parfum lavande doussy 400g,MAD,MyMarket,55,9,0,1,2.388762789235098,low,0.07892204042348412,1
MYM-0005,doussy savon à mains liquide parfum amande doussy 400g,hygiene-et-beaute,9.9,doussy savon à mains liquide parfum amande doussy 400g,MAD,MyMarket,54,9,0,1,2.388762789235098,low,0.07892204042348412,1
MYM-0006,chapo savon à mains marine chapo 300g,hygiene-et-beaute,5.95,chapo savon à mains marine chapo 300g,MAD,MyMarket,37,7,0,1,1.9387416595767009,low,0.07892204042348412,1
MYM-0007,chapo savon à mains mangue chapo 300g,hygiene-et-beaute,5.95,chapo savon à mains mangue chapo 300g,MAD,MyMarket,37,7,0,1,1.9387416595767009,low,0.07892204042348412,1
MYM-0008,chapo savon à mains fraise chapo 300g,hygiene-et-beaute,5.95,chapo savon à mains fraise chapo 300g,MAD,MyMarket,37,7,0,1,1.9387416595767009,low,0.07892204042348412,1
MYM-0009,chapo savon à mains citron chapo 300g,hygiene-et-beaute,5.95,chapo savon à mains citron chapo 300g,MAD,MyMarket,37,7,0,1,1.9387416595767009,low,0.07892204042348412,1
MYM-0010,chapo savon à mains amande chapo 300g,hygiene-et-beaute,5.95,chapo savon à mains amande chapo 300g,MAD,MyMarket,37,7,0,1,1.9387416595767009,low,0.07892204042348412,1
MYM-0011,taous savon à la authentique hydrate et rafraîchit taous 4x120g,hygiene-et-beaute,24.0,taous savon à la authentique hydrate et rafraîchit taous 4x120g,MAD,MyMarket,63,10,0,1,3.2188758248682006,medium,0.07892204042348412,1
MYM-0012,taous savon à la lavande hydrate et rafraîchit taous 4x120g,hygiene-et-beaute,24.0,taous savon à la lavande hydrate et rafraîchit taous 4x120g,MAD,MyMarket,59,10,0,1,3.2188758248682006,medium,0.07892204042348412,1
MYM-0013,taous savon liquide citron taous 470ml,hygiene-et-beaute,18.5,taous savon liquide citron taous 470ml,MAD,MyMarket,38,6,0,1,2.970414465569701,low,0.07892204042348412,1
MYM-0014,taous savon liquide lavande taous 470ml,hygiene-et-beaute,18.5,taous savon liquide lavande taous 470ml,MAD,MyMarket,39,6,0,1,2.970414465569701,low,0.07892204042348412,1
MYM-0015,50 corine de farme 25 lingettes démaquillante au lait micellaire corine de farme,hygiene-et-beaute,34.0,50 corine de farme 25 lingettes démaquillante au lait micellaire corine de farme,MAD,MyMarket,80,13,0,1,3.5553480614894135,medium,0.07892204042348412,1
MYM-0016,giorgi gel titanium giorgi 165ml,hygiene-et-beaute,41.95,giorgi gel titanium giorgi 165ml,MAD,MyMarket,32,5,0,1,3.7600366484302645,medium,0.07892204042348412,1
MYM-0017,giorgi gel extrema giorgi 165ml,hygiene-et-beaute,41.95,giorgi gel extrema giorgi 165ml,MAD,MyMarket,31,5,0,1,3.7600366484302645,medium,0.07892204042348412,1
MYM-0018,giorgi gel fixateur ultra wet giorgi 165ml,hygiene-et-beaute,36.5,giorgi gel fixateur ultra wet giorgi 165ml,MAD,MyMarket,42,7,0,1,3.624340932976365,medium,0.07892204042348412,1
MYM-0019,giorgi gel fixateur extra fort giorgi 165ml,hygiene-et-beaute,36.5,giorgi gel fixateur extra fort giorgi 165ml,MAD,MyMarket,43,7,0,1,3.624340932976365,medium,0.07892204042348412,1
MYM-0020,nixi papier mouchoir nixi 300,hygiene-et-beaute,5.5,nixi papier mouchoir nixi 300,MAD,MyMarket,29,5,0,0,1.8718021769015913,low,0.07892204042348412,1
MYM-0021,mia 9 serviettes hygiénique rose maxi l mia,hygiene-et-beaute,10.0,mia 9 serviettes hygiénique rose maxi l mia,MAD,MyMarket,43,8,0,0,2.3978952727983707,low,0.07892204042348412,1
MYM-0022,mia 8 serviette hygiénique blue maxi xl mia,hygiene-et-beaute,10.0,mia 8 serviette hygiénique blue maxi xl mia,MAD,MyMarket,43,8,0,0,2.3978952727983707,low,0.07892204042348412,1
MYM-0023,azzul savon mains liquide au lait d'amande douce 500 ml azzul,hygiene-et-beaute,11.9,azzul savon mains liquide au lait d'amande douce 500 ml azzul,MAD,MyMarket,61,11,0,1,2.5572273113676265,low,0.07892204042348412,1
MYM-0001,azzul savon mains liquide parfumé fleur d'oranger 500 ml azzul,hygiene-et-beaute,11.9,azzul savon mains liquide parfumé fleur d'oranger 500 ml azzul,MAD,MyMarket,62,10,0,1,2.5572273113676265,low,0.07892204042348412,1
MYM-0002,azzul savon mains liquide parfumé lavande 500 ml azzul,hygiene-et-beaute,11.9,azzul savon mains liquide parfumé lavande 500 ml azzul,MAD,MyMarket,54,9,0,1,2.5572273113676265,low,0.07892204042348412,1
MYM-0003,azzul savon mains liquide parfumé citron 500 ml azzul,hygiene-et-beaute,11.9,azzul savon mains liquide parfumé citron 500 ml azzul,MAD,MyMarket,53,9,0,1,2.5572273113676265,low,0.07892204042348412,1
MYM-0004,azzul savon mains liquide au lait d'amande douce 300 ml azzul,hygiene-et-beaute,6.0,azzul savon mains liquide au lait d'amande douce 300 ml azzul,MAD,MyMarket,61,11,0,1,1.9459101490553132,low,0.07892204042348412,1
MYM-0005,azzul savon mains liquide parfumé fleur d'oranger 300 ml azzul,hygiene-et-beaute,6.0,azzul savon mains liquide parfumé fleur d'oranger 300 ml azzul,MAD,MyMarket,62,10,0,1,1.9459101490553132,low,0.07892204042348412,1
MYM-0006,azzul savon mains liquide parfumé lavande 300 ml azzul,hygiene-et-beaute,6.0,azzul savon mains liquide parfumé lavande 300 ml azzul,MAD,MyMarket,54,9,0,1,1.9459101490553132,low,0.07892204042348412,1
MYM-0007,azzul savon mains liquide parfumé citron 300 ml azzul,hygiene-et-beaute,6.0,azzul savon mains liquide parfumé citron 300 ml azzul,MAD,MyMarket,53,9,0,1,1.9459101490553132,low,0.07892204042348412,1
MYM-0008,garnier crème sans rinçage à l'eau de riz et à l'amidon ultra doux 200ml,hygiene-et-beaute,57.0,garnier crème sans rinçage à l'eau de riz et à l'amidon ultra doux 200ml,MAD,MyMarket,72,14,0,1,4.060443010546419,medium,0.07892204042348412,1
MYM-0009,garnier après-shampoing à l'eau de riz et à l'amidon ultra doux 200ml,hygiene-et-beaute,48.0,garnier après-shampoing à l'eau de riz et à l'amidon ultra doux 200ml,MAD,MyMarket,69,12,0,1,3.8918202981106265,medium,0.07892204042348412,1
MYM-0010,garnier après-shampoing à l'eau de riz et à l'amidon ultra doux 360ml,hygiene-et-beaute,69.0,garnier après-shampoing à l'eau de riz et à l'amidon ultra doux 360ml,MAD,MyMarket,69,12,0,1,4.248495242049359,high,0.07892204042348412,1
MYM-0011,garnier masque remède à l'eau de riz et à l'amidon ultra doux 340ml,hygiene-et-beaute,89.4,garnier masque remède à l'eau de riz et à l'amidon ultra doux 340ml,MAD,MyMarket,67,13,0,1,4.504244267398131,high,0.07892204042348412,1
MYM-0012,garnier shampoing à l'eau de riz et à l'amidon ultra doux 600ml,hygiene-et-beaute,78.5,garnier shampoing à l'eau de riz et à l'amidon ultra doux 600ml,MAD,MyMarket,63,12,0,1,4.375757021660286,high,0.07892204042348412,1
MYM-0013,garnier shampoing à l'eau de riz et à l'amidon ultra doux 400ml,hygiene-et-beaute,53.95,garnier shampoing à l'eau de riz et à l'amidon ultra doux 400ml,MAD,MyMarket,63,12,0,1,4.006423680849631,medium,0.07892204042348412,1
MYM-0014,garnier shampoing à l'eau de riz et à l'amidon ultra doux 200ml,hygiene-et-beaute,31.0,garnier shampoing à l'eau de riz et à l'amidon ultra doux 200ml,MAD,MyMarket,63,12,0,1,3.4657359027997265,medium,0.07892204042348412,1
MYM-0015,sulfate dove 450ml,hygiene-et-beaute,63.55,sulfate dove 450ml,MAD,MyMarket,18,3,0,1,4.167440117292651,high,0.07892204042348412,1
MYM-0016,dove gel douche glowing care de nature dove 225 ml,hygiene-et-beaute,39.55,dove gel douche glowing care de nature dove 225 ml,MAD,MyMarket,50,10,0,1,3.702535780561422,medium,0.07892204042348412,1
MYM-0017,extrait d’amande dove restoring 225 ml,hygiene-et-beaute,39.55,extrait d’amande dove restoring 225 ml,MAD,MyMarket,38,6,0,1,3.702535780561422,medium,0.07892204042348412,1
MYM-0018,dove déodorant antiperspirant stick invisible dry 50ml,hygiene-et-beaute,33.5,dove déodorant antiperspirant stick invisible dry 50ml,MAD,MyMarket,54,7,0,1,3.5409593240373143,medium,0.07892204042348412,1
MYM-0019,dove déodorant antiperspirant stick powder soft 50ml,hygiene-et-beaute,33.5,dove déodorant antiperspirant stick powder soft 50ml,MAD,MyMarket,52,7,0,1,3.5409593240373143,medium,0.07892204042348412,1
MYM-0020,dove déodorant antiperspirant stick original 50ml,hygiene-et-beaute,33.5,dove déodorant antiperspirant stick original 50ml,MAD,MyMarket,49,6,0,1,3.5409593240373143,medium,0.07892204042348412,1
MYM-0021,ultra compact 25 lingettes démaquillantes waterproof make-up cceanser ultra compact,hygiene-et-beaute,29.95,ultra compact 25 lingettes démaquillantes waterproof make-up cceanser ultra compact,MAD,MyMarket,83,10,0,1,3.432372999130605,medium,0.07892204042348412,1
MYM-0022,ultra compact 25 lingettes démaquillantes micellar make-up cleanser ultra compact,hygiene-et-beaute,13.95,ultra compact 25 lingettes démaquillantes micellar make-up cleanser ultra compact,MAD,MyMarket,81,10,0,1,2.7047112998366956,low,0.07892204042348412,1
MYM-0023,abriflex premium 15 serviettes hygiéniques de maternité abena premium,hygiene-et-beaute,60.0,abriflex premium 15 serviettes hygiéniques de maternité abena premium,MAD,MyMarket,69,9,0,0,4.110873864173311,high,0.07892204042348412,1
MYM-0001,00 abriflex premium 26 couches adulte en scratch abri forme taille l1 abena,hygiene-et-beaute,220.0,00 abriflex premium 26 couches adulte en scratch abri forme taille l1 abena,MAD,MyMarket,75,13,0,0,5.3981627015177525,high,0.07892204042348412,1
MYM-0002,abriflex premium 22 couches adulte en scratch abri forme taille m3 abena,hygiene-et-beaute,205.0,abriflex premium 22 couches adulte en scratch abri forme taille m3 abena,MAD,MyMarket,72,12,0,0,5.327876168789581,high,0.07892204042348412,1
MYM-0003,abriflex premium 24 couches adulte en scratch abri forme taille m2 abena,hygiene-et-beaute,200.0,abriflex premium 24 couches adulte en scratch abri forme taille m2 abena,MAD,MyMarket,72,12,0,0,5.303304908059076,high,0.07892204042348412,1
MYM-0004,abriflex premium 15 couches adulte en scratch abri forme taille m2,hygiene-et-beaute,180.0,abriflex premium 15 couches adulte en scratch abri forme taille m2,MAD,MyMarket,66,11,0,0,5.198497031265826,high,0.07892204042348412,1
MYM-0005,abriflex premium 32 couches junior en scratch abri forme taille xs2,hygiene-et-beaute,240.0,abriflex premium 32 couches junior en scratch abri forme taille xs2,MAD,MyMarket,67,11,0,0,5.484796933490655,high,0.07892204042348412,1
MYM-0006,abriflex premium 12 couches adulte en scratch abena slip taille xl4,hygiene-et-beaute,230.0,abriflex premium 12 couches adulte en scratch abena slip taille xl4,MAD,MyMarket,67,11,0,0,5.442417710521793,high,0.07892204042348412,1
MYM-0007,abriflex premium 18 couches adulte en scratch abena slip taille l4,hygiene-et-beaute,289.0,abriflex premium 18 couches adulte en scratch abena slip taille l4,MAD,MyMarket,66,11,0,0,5.66988092298052,high,0.07892204042348412,1
MYM-0008,abriflex premium 21 couches adulte en scratch abena slip taille m-l4,hygiene-et-beaute,269.0,abriflex premium 21 couches adulte en scratch abena slip taille m-l4,MAD,MyMarket,68,11,0,0,5.598421958998375,high,0.07892204042348412,1
MYM-0009,abriflex premium 23 couches adulte en scratch abena slip taille m3,hygiene-et-beaute,230.0,abriflex premium 23 couches adulte en scratch abena slip taille m3,MAD,MyMarket,66,11,0,0,5.442417710521793,high,0.07892204042348412,1
MYM-0010,abriflex premium 10 couches adulte en scratch abena slip taille l1,hygiene-et-beaute,99.0,abriflex premium 10 couches adulte en scratch abena slip taille l1,MAD,MyMarket,66,11,0,0,4.605170185988092,high,0.07892204042348412,1
MYM-0011,abriflex premium 10 couches adulte en scratch abena slip taille m1,hygiene-et-beaute,89.0,abriflex premium 10 couches adulte en scratch abena slip taille m1,MAD,MyMarket,66,11,0,0,4.499809670330265,high,0.07892204042348412,1
MYM-0012,abriflex premium 26 couches adulte en scratch abena slip taille m1,hygiene-et-beaute,225.0,abriflex premium 26 couches adulte en scratch abena slip taille m1,MAD,MyMarket,66,11,0,0,5.420534999272286,high,0.07892204042348412,1
MYM-0013,abriflex premium 20 couches adulte en scratch delta forme taille l2,hygiene-et-beaute,240.0,abriflex premium 20 couches adulte en scratch delta forme taille l2,MAD,MyMarket,67,11,0,0,5.484796933490655,high,0.07892204042348412,1
MYM-0014,abriflex premium 20 couches adulte en scratch delta forme taille l1,hygiene-et-beaute,220.0,abriflex premium 20 couches adulte en scratch delta forme taille l1,MAD,MyMarket,67,11,0,0,5.3981627015177525,high,0.07892204042348412,1
MYM-0015,abriflex premium 15 couches adulte en scratch delta forme taille m3,hygiene-et-beaute,290.0,abriflex premium 15 couches adulte en scratch delta forme taille m3,MAD,MyMarket,67,11,0,0,5.673323267171493,high,0.07892204042348412,1
MYM-0016,abriflex premium 20 couches adulte en scratch delta forme taille m1,hygiene-et-beaute,200.0,abriflex premium 20 couches adulte en scratch delta forme taille m1,MAD,MyMarket,67,11,0,0,5.303304908059076,high,0.07892204042348412,1
MYM-0001,keratin queen keratine queen moi turizing protein brazilian shampoo 800ml,hygiene-et-beaute,110.0,keratin queen keratine queen moi turizing protein brazilian shampoo 800ml,MAD,MyMarket,73,10,0,1,4.709530201312334,high,0.07892204042348412,1
MYM-0002,00 narta anti-transpirant impeccable narta 200ml,hygiene-et-beaute,46.8,00 narta anti-transpirant impeccable narta 200ml,MAD,MyMarket,48,6,0,1,3.86702563949741,medium,0.07892204042348412,1
MYM-0003,narta anti-transpirant protection 5 narta 200ml,hygiene-et-beaute,46.8,narta anti-transpirant protection 5 narta 200ml,MAD,MyMarket,47,6,0,1,3.86702563949741,medium,0.07892204042348412,1
MYM-0004,narta anti-transpirant fraîcheur florale 24h narta 200ml,hygiene-et-beaute,46.8,narta anti-transpirant fraîcheur florale 24h narta 200ml,MAD,MyMarket,56,7,0,1,3.86702563949741,medium,0.07892204042348412,1
MYM-0005,narta anti-transpirant anti-irritation 48h peau parfaite narta 200ml,hygiene-et-beaute,46.8,narta anti-transpirant anti-irritation 48h peau parfaite narta 200ml,MAD,MyMarket,68,8,0,1,3.86702563949741,medium,0.07892204042348412,1
MYM-0006,narta anti-transpirant invisible anti-trace blanche narta 200ml,hygiene-et-beaute,46.8,narta anti-transpirant invisible anti-trace blanche narta 200ml,MAD,MyMarket,63,7,0,1,3.86702563949741,medium,0.07892204042348412,1
MYM-0007,labell 70 cotons maxi ovales duo démaquiller labell,hygiene-et-beaute,19.15,labell 70 cotons maxi ovales duo démaquiller labell,MAD,MyMarket,51,8,0,0,3.0032042883926917,low,0.07892204042348412,1
MYM-0008,labell 110 disques à démaquiller duo labell,hygiene-et-beaute,14.35,labell 110 disques à démaquiller duo labell,MAD,MyMarket,43,7,0,0,2.731115474033206,low,0.07892204042348412,1
MYM-0009,coton fibres naturelles byphasse,hygiene-et-beaute,34.2,coton fibres naturelles byphasse,MAD,MyMarket,32,4,0,0,3.5610460826040513,medium,0.07892204042348412,1
MYM-0010,sensea 80 disque à démaquiller sensea,hygiene-et-beaute,13.8,sensea 80 disque à démaquiller sensea,MAD,MyMarket,37,6,0,0,2.6946271807700692,low,0.07892204042348412,1
MYM-0011,sensea 120 disque à démaquiller sensea,hygiene-et-beaute,21.55,sensea 120 disque à démaquiller sensea,MAD,MyMarket,38,6,0,0,3.1157350659486873,medium,0.07892204042348412,1
MYM-0012,sensea 40 coton carré à démaquiller sensea,hygiene-et-beaute,19.14,sensea 40 coton carré à démaquiller sensea,MAD,MyMarket,42,7,0,0,3.0027078872904163,low,0.07892204042348412,1
MYM-0013,cleanic 80 cotons disques pure effect à démaquiller cleanic,hygiene-et-beaute,19.2,cleanic 80 cotons disques pure effect à démaquiller cleanic,MAD,MyMarket,59,9,0,0,3.005682604407159,low,0.07892204042348412,1
MYM-0014,gillette 4 cartouches remplaçables gillette mach3 turbo,hygiene-et-beaute,151.5,gillette 4 cartouches remplaçables gillette mach3 turbo,MAD,MyMarket,55,7,0,0,5.0271645960474665,high,0.07892204042348412,1
MYM-0015,taous savon liquide à l'aloe vera taous 470 ml,hygiene-et-beaute,21.54,taous savon liquide à l'aloe vera taous 470 ml,MAD,MyMarket,46,9,0,1,3.11529150861163,medium,0.07892204042348412,1
MYM-0016,taous savon liquide au citron taous 470 ml,hygiene-et-beaute,21.54,taous savon liquide au citron taous 470 ml,MAD,MyMarket,42,8,0,1,3.11529150861163,medium,0.07892204042348412,1
MYM-0017,le petit marseillais crème mousse extra doux à la fleur d'oranger bio le petit marseillais 300 ml,hygiene-et-beaute,49.2,le petit marseillais crème mousse extra doux à la fleur d'oranger bio le petit marseillais 300 ml,MAD,MyMarket,97,17,1,1,3.9160150266976834,medium,0.07892204042348412,1
MYM-0018,le petit marseillais lait crème mousse au lait à mains extra doux le petit marseillais 300 ml,hygiene-et-beaute,49.2,le petit marseillais lait crème mousse au lait à mains extra doux le petit marseillais 300 ml,MAD,MyMarket,93,17,0,1,3.9160150266976834,medium,0.07892204042348412,1
MYM-0019,romarin le petit marseillais 250 ml,hygiene-et-beaute,47.15,romarin le petit marseillais 250 ml,MAD,MyMarket,35,6,0,1,3.8743211382441345,medium,0.07892204042348412,1
MYM-0020,le petit marseillais gel douche bio rose sauvage le petit marseillais 250 ml,hygiene-et-beaute,52.75,le petit marseillais gel douche bio rose sauvage le petit marseillais 250 ml,MAD,MyMarket,76,13,1,1,3.984343667007772,medium,0.07892204042348412,1
MYM-0001,econet déboucheur efficace econet 1l,entretien-et-maison,35.0,econet déboucheur efficace econet 1l,MAD,MyMarket,36,5,0,1,3.58351893845611,medium,0.07025986525505294,0
MYM-0002,doussy nettoyant sol opaq oud doussy 3l,entretien-et-maison,39.95,doussy nettoyant sol opaq oud doussy 3l,MAD,MyMarket,39,7,0,1,3.7123518102990785,medium,0.07025986525505294,0
MYM-0003,doussy nettoyant sol opaq marine doussy 3l,entretien-et-maison,39.95,doussy nettoyant sol opaq marine doussy 3l,MAD,MyMarket,42,7,0,1,3.7123518102990785,medium,0.07025986525505294,0
MYM-0004,doussy nettoyant sol opaq lavande doussy 3l,entretien-et-maison,39.95,doussy nettoyant sol opaq lavande doussy 3l,MAD,MyMarket,43,7,0,1,3.7123518102990785,medium,0.07025986525505294,0
MYM-0005,doussy nettoyant sol opaq oud doussy 1l,entretien-et-maison,12.5,doussy nettoyant sol opaq oud doussy 1l,MAD,MyMarket,39,7,0,1,2.6026896854443837,low,0.07025986525505294,0
MYM-0006,doussy nettoyant sol opaq fraicheur marine doussy 1l,entretien-et-maison,12.5,doussy nettoyant sol opaq fraicheur marine doussy 1l,MAD,MyMarket,52,8,0,1,2.6026896854443837,low,0.07025986525505294,0
MYM-0007,doussy nettoyant sol opaq lavande doussy 1l,entretien-et-maison,12.5,doussy nettoyant sol opaq lavande doussy 1l,MAD,MyMarket,43,7,0,1,2.6026896854443837,low,0.07025986525505294,0
MYM-0008,doussy nettoyant sol opaq citron doussy 1l,entretien-et-maison,12.5,doussy nettoyant sol opaq citron doussy 1l,MAD,MyMarket,42,7,0,1,2.6026896854443837,low,0.07025986525505294,0
MYM-0009,happy day air freshener parfum fraîcheur fleur d'orange happy day 400 ml,entretien-et-maison,25.0,happy day air freshener parfum fraîcheur fleur d'orange happy day 400 ml,MAD,MyMarket,72,12,0,1,3.258096538021482,medium,0.07025986525505294,0
MYM-0010,happy day air freshener parfum fraîcheur fruit rouge happy day 400 ml,entretien-et-maison,25.0,happy day air freshener parfum fraîcheur fruit rouge happy day 400 ml,MAD,MyMarket,69,12,0,1,3.258096538021482,medium,0.07025986525505294,0
MYM-0011,happy day air freshener parfum fraîcheur vanille happy day 400 ml,entretien-et-maison,25.0,happy day air freshener parfum fraîcheur vanille happy day 400 ml,MAD,MyMarket,65,11,0,1,3.258096538021482,medium,0.07025986525505294,0
MYM-0012,happy day air freshener parfum d’ambiance anti-tabac happy day 400ml,entretien-et-maison,25.0,happy day air freshener parfum d’ambiance anti-tabac happy day 400ml,MAD,MyMarket,68,10,0,1,3.258096538021482,medium,0.07025986525505294,0
MYM-0013,doussy gel wc marine doussy 750ml,entretien-et-maison,21.95,doussy gel wc marine doussy 750ml,MAD,MyMarket,33,6,0,1,3.133317936506554,medium,0.07025986525505294,0
MYM-0014,doussy nettoyant vitres pistolet doussy 750 ml,entretien-et-maison,17.9,doussy nettoyant vitres pistolet doussy 750 ml,MAD,MyMarket,46,7,0,1,2.9391619220655967,low,0.07025986525505294,0
MYM-0015,doussy liquide lave-vaisselle concentré citron doussy 750 ml,entretien-et-maison,8.9,doussy liquide lave-vaisselle concentré citron doussy 750 ml,MAD,MyMarket,60,8,0,1,2.2925347571405443,low,0.07025986525505294,0
MYM-0016,doussy détergent lave-vaisselle citron jaline ultra dégraissant brillance maximale doussy 1250g,entretien-et-maison,16.8,doussy détergent lave-vaisselle citron jaline ultra dégraissant brillance maximale doussy 1250g,MAD,MyMarket,95,11,0,1,2.8791984572980396,low,0.07025986525505294,0
MYM-0017,doussy détergent lave-vaisselle savon de marseille ultra dégraissant brillance maximale doussy 1250g,entretien-et-maison,16.8,doussy détergent lave-vaisselle savon de marseille ultra dégraissant brillance maximale doussy 1250g,MAD,MyMarket,100,12,0,1,2.8791984572980396,low,0.07025986525505294,0
MYM-0018,doussy détergent lave-vaisselle lavande ultra dégraissant brillance maximale doussy 1250g,entretien-et-maison,16.95,doussy détergent lave-vaisselle lavande ultra dégraissant brillance maximale doussy 1250g,MAD,MyMarket,89,10,0,1,2.8875901149342877,low,0.07025986525505294,0
MYM-0019,doussy détergent lave-vaisselle citron ultra dégraissant brillance maximal doussy 1250g,entretien-et-maison,16.95,doussy détergent lave-vaisselle citron ultra dégraissant brillance maximal doussy 1250g,MAD,MyMarket,87,10,0,1,2.8875901149342877,low,0.07025986525505294,0
MYM-0020,doussy détergent lave-vaisselle lavande ultra dégraissant brillance maximal doussy 3kg,entretien-et-maison,41.0,doussy détergent lave-vaisselle lavande ultra dégraissant brillance maximal doussy 3kg,MAD,MyMarket,86,10,0,1,3.7376696182833684,medium,0.07025986525505294,0
MYM-0001,doussy détergent lave-vaisselle ultra dégraissant brillance maximal citron doussy 3kg,entretien-et-maison,41.0,doussy détergent lave-vaisselle ultra dégraissant brillance maximal citron doussy 3kg,MAD,MyMarket,85,10,0,1,3.7376696182833684,medium,0.07025986525505294,0
MYM-0002,doussy détergent liquide doussy savons de marseille 1l,entretien-et-maison,22.5,doussy détergent liquide doussy savons de marseille 1l,MAD,MyMarket,54,8,0,1,3.1570004211501135,medium,0.07025986525505294,0
MYM-0003,doussy dégraissant pistolet doussy 750 ml,entretien-et-maison,20.5,doussy dégraissant pistolet doussy 750 ml,MAD,MyMarket,41,6,0,1,3.068052935133617,medium,0.07025986525505294,0
MYM-0004,doussy adoucissant pétales de rose 1l,entretien-et-maison,19.95,doussy adoucissant pétales de rose 1l,MAD,MyMarket,37,6,0,1,3.0421386463681466,low,0.07025986525505294,0
MYM-0005,doussy adoucissant lavande doussy 1l,entretien-et-maison,19.95,doussy adoucissant lavande doussy 1l,MAD,MyMarket,36,5,0,1,3.0421386463681466,low,0.07025986525505294,0
MYM-0006,doussy adoucissant doussy fil naturelle 1l,entretien-et-maison,19.95,doussy adoucissant doussy fil naturelle 1l,MAD,MyMarket,42,6,0,1,3.0421386463681466,low,0.07025986525505294,0
MYM-0007,doussy savon de marseille miel doussy 125g x 4,entretien-et-maison,25.5,doussy savon de marseille miel doussy 125g x 4,MAD,MyMarket,46,9,0,1,3.2771447329921766,medium,0.07025986525505294,0
MYM-0008,doussy savon de marseille fleur d'oranger doussy 125g x 4,entretien-et-maison,25.5,doussy savon de marseille fleur d'oranger doussy 125g x 4,MAD,MyMarket,57,10,0,1,3.2771447329921766,medium,0.07025986525505294,0
MYM-0009,doussy savon de marseille glycérine doussy 125g x 4,entretien-et-maison,25.5,doussy savon de marseille glycérine doussy 125g x 4,MAD,MyMarket,51,9,0,1,3.2771447329921766,medium,0.07025986525505294,0
MYM-0010,doussy savon de marseille huile d'olive doussy 125g x 4,entretien-et-maison,25.5,doussy savon de marseille huile d'olive doussy 125g x 4,MAD,MyMarket,55,10,0,1,3.2771447329921766,medium,0.07025986525505294,0
MYM-0011,doussy savon de marseille lavande doussy 125g x 4,entretien-et-maison,25.5,doussy savon de marseille lavande doussy 125g x 4,MAD,MyMarket,49,9,0,1,3.2771447329921766,medium,0.07025986525505294,0
MYM-0012,mio eau de javel regulier mio 5l,entretien-et-maison,18.0,mio eau de javel regulier mio 5l,MAD,MyMarket,32,7,0,1,2.9444389791664403,low,0.07025986525505294,0
MYM-0013,econet 30 pastilles lave vaisselle econet 600g 2 en 1,entretien-et-maison,42.0,econet 30 pastilles lave vaisselle econet 600g 2 en 1,MAD,MyMarket,53,10,0,1,3.7612001156935624,medium,0.07025986525505294,0
MYM-0014,yak brillette cirage incolore yak,entretien-et-maison,27.0,yak brillette cirage incolore yak,MAD,MyMarket,33,5,0,0,3.332204510175204,medium,0.07025986525505294,0
MYM-0015,parex spirale métallique x 6 parex,entretien-et-maison,25.5,parex spirale métallique x 6 parex,MAD,MyMarket,34,6,0,0,3.2771447329921766,medium,0.07025986525505294,0
MYM-0016,parex eponge magic parex - 1 unité,entretien-et-maison,12.5,parex eponge magic parex - 1 unité,MAD,MyMarket,34,7,0,0,2.6026896854443837,low,0.07025986525505294,0
MYM-0017,lot de 2 pièces,entretien-et-maison,18.0,lot de 2 pièces,MAD,MyMarket,15,4,0,0,2.9444389791664403,low,0.07025986525505294,0
MYM-0018,lot de 2 pièces,entretien-et-maison,7.9,lot de 2 pièces,MAD,MyMarket,15,4,0,0,2.186051276738094,low,0.07025986525505294,0
MYM-0019,épaisse parex,entretien-et-maison,9.0,épaisse parex,MAD,MyMarket,13,2,0,0,2.302585092994046,low,0.07025986525505294,0
MYM-0020,splash nettoyant parquets splash 750ml,entretien-et-maison,34.0,splash nettoyant parquets splash 750ml,MAD,MyMarket,38,5,0,1,3.5553480614894135,medium,0.07025986525505294,0
MYM-0021,coco insette 300ml,entretien-et-maison,18.95,coco insette 300ml,MAD,MyMarket,18,3,0,1,2.9932291433358724,low,0.07025986525505294,0
MYM-0022,insette air freshener fresh linen insette 300ml,entretien-et-maison,18.95,insette air freshener fresh linen insette 300ml,MAD,MyMarket,47,7,0,1,2.9932291433358724,low,0.07025986525505294,0
MYM-0023,insette air freshener wild berries insette 300ml,entretien-et-maison,18.95,insette air freshener wild berries insette 300ml,MAD,MyMarket,48,7,0,1,2.9932291433358724,low,0.07025986525505294,0
MYM-0001,sanytol désinfectant linge sanytol 1l,entretien-et-maison,66.95,sanytol désinfectant linge sanytol 1l,MAD,MyMarket,37,5,0,1,4.218772140597153,high,0.07025986525505294,0
MYM-0002,econet bicarbonate econet 1kg,entretien-et-maison,36.5,econet bicarbonate econet 1kg,MAD,MyMarket,29,4,0,1,3.624340932976365,medium,0.07025986525505294,0
MYM-0003,econet gel lave vaisselle econet 1l,entretien-et-maison,95.0,econet gel lave vaisselle econet 1l,MAD,MyMarket,35,6,0,1,4.564348191467836,high,0.07025986525505294,0
MYM-0004,econet sel pour lave vaisselle econet 1kg,entretien-et-maison,24.0,econet sel pour lave vaisselle econet 1kg,MAD,MyMarket,41,7,0,1,3.2188758248682006,medium,0.07025986525505294,0
MYM-0005,econet déboucheur econet 250g,entretien-et-maison,18.9,econet déboucheur econet 250g,MAD,MyMarket,29,4,0,1,2.990719731730447,low,0.07025986525505294,0
MYM-0006,econet gel liquide lessive econet 3l,entretien-et-maison,59.9,econet gel liquide lessive econet 3l,MAD,MyMarket,36,6,0,1,4.109233174715851,medium,0.07025986525505294,0
MYM-0007,wc net gel crystal citrus fresh wc net 750 ml,entretien-et-maison,29.95,wc net gel crystal citrus fresh wc net 750 ml,MAD,MyMarket,45,10,0,1,3.432372999130605,medium,0.07025986525505294,0
MYM-0008,wc net gel wc crystal eaux fraîches wc net 750ml,entretien-et-maison,31.95,wc net gel wc crystal eaux fraîches wc net 750ml,MAD,MyMarket,48,10,0,1,3.4949912609485163,medium,0.07025986525505294,0
MYM-0009,wc net gel wc intense ocean wc net 750ml,entretien-et-maison,29.9,wc net gel wc intense ocean wc net 750ml,MAD,MyMarket,40,9,0,1,3.4307561839036995,medium,0.07025986525505294,0
MYM-0010,wc net gel intense moutain wc net 750ml,entretien-et-maison,29.9,wc net gel intense moutain wc net 750ml,MAD,MyMarket,39,8,0,1,3.4307561839036995,medium,0.07025986525505294,0
MYM-0011,wc net 4 bloc solide citron wc net 4x34gr,entretien-et-maison,46.0,wc net 4 bloc solide citron wc net 4x34gr,MAD,MyMarket,41,9,0,1,3.8501476017100584,medium,0.07025986525505294,0
MYM-0012,wc net 4 bloc solide ocean fresh wc net 4x34gr,entretien-et-maison,46.0,wc net 4 bloc solide ocean fresh wc net 4x34gr,MAD,MyMarket,46,10,0,1,3.8501476017100584,medium,0.07025986525505294,0
MYM-0013,zen zen-liquide détergent savon marseille 5l,entretien-et-maison,78.0,zen zen-liquide détergent savon marseille 5l,MAD,MyMarket,44,6,0,1,4.3694478524670215,high,0.07025986525505294,0
MYM-0014,zen zen -liquide détergent savon lavande 5l,entretien-et-maison,78.0,zen zen -liquide détergent savon lavande 5l,MAD,MyMarket,43,7,0,1,4.3694478524670215,high,0.07025986525505294,0
MYM-0015,zen zen- liquide détergent océanique 5l,entretien-et-maison,78.0,zen zen- liquide détergent océanique 5l,MAD,MyMarket,39,6,0,1,4.3694478524670215,high,0.07025986525505294,0
MYM-0001,exet eau de javel lavande exet 1l,entretien-et-maison,5.9,exet eau de javel lavande exet 1l,MAD,MyMarket,33,7,0,1,1.9315214116032138,low,0.07025986525505294,0
MYM-0002,exet lave vitre exet 250ml,entretien-et-maison,9.0,exet lave vitre exet 250ml,MAD,MyMarket,26,5,0,1,2.302585092994046,low,0.07025986525505294,0
MYM-0003,exet liquide vaisselle aloe vera exet 750ml,entretien-et-maison,9.95,exet liquide vaisselle aloe vera exet 750ml,MAD,MyMarket,43,7,0,1,2.3933394562625097,low,0.07025986525505294,0
MYM-0004,exet liquide vaisselle lavande exet 750ml,entretien-et-maison,9.95,exet liquide vaisselle lavande exet 750ml,MAD,MyMarket,41,6,0,1,2.3933394562625097,low,0.07025986525505294,0
MYM-0005,exet liquide vaisselle agrumes exet 750ml,entretien-et-maison,9.95,exet liquide vaisselle agrumes exet 750ml,MAD,MyMarket,41,6,0,1,2.3933394562625097,low,0.07025986525505294,0
MYM-0006,exet liquide vaisselle citron exet 750ml,entretien-et-maison,9.95,exet liquide vaisselle citron exet 750ml,MAD,MyMarket,40,6,0,1,2.3933394562625097,low,0.07025986525505294,0
MYM-0007,exet lave vitre exet 500ml,entretien-et-maison,13.9,exet lave vitre exet 500ml,MAD,MyMarket,26,5,0,1,2.7013612129514133,low,0.07025986525505294,0
MYM-0008,exet nettoyant sol maison fleur d'oranger exet 1l,entretien-et-maison,11.9,exet nettoyant sol maison fleur d'oranger exet 1l,MAD,MyMarket,49,8,0,1,2.5572273113676265,low,0.07025986525505294,0
MYM-0009,exet nettoyant sol maison brise de mer exet 1l,entretien-et-maison,11.2,exet nettoyant sol maison brise de mer exet 1l,MAD,MyMarket,46,9,0,1,2.501435951739211,low,0.07025986525505294,0
MYM-0010,exet nettoyant sol maison oud exet 1l,entretien-et-maison,11.2,exet nettoyant sol maison oud exet 1l,MAD,MyMarket,37,7,0,1,2.501435951739211,low,0.07025986525505294,0
MYM-0011,azzul nettoyant vitres 1000 ml azzul,entretien-et-maison,22.95,azzul nettoyant vitres 1000 ml azzul,MAD,MyMarket,36,6,0,1,3.175968323856924,medium,0.07025986525505294,0
MYM-0012,azzul air freshner parfumé citron 400 ml azzul,entretien-et-maison,13.2,azzul air freshner parfumé citron 400 ml azzul,MAD,MyMarket,46,8,0,1,2.653241964607215,low,0.07025986525505294,0
MYM-0013,azzul air freshner parfumé lavande 400 ml azzul,entretien-et-maison,14.5,azzul air freshner parfumé lavande 400 ml azzul,MAD,MyMarket,47,8,0,1,2.740840023925201,low,0.07025986525505294,0
MYM-0014,azzul air freshner parfumé jasmin 400 ml azzul,entretien-et-maison,13.2,azzul air freshner parfumé jasmin 400 ml azzul,MAD,MyMarket,46,8,0,1,2.653241964607215,low,0.07025986525505294,0
MYM-0015,azzul air freshner parfumé vanille 400 ml azzul,entretien-et-maison,14.5,azzul air freshner parfumé vanille 400 ml azzul,MAD,MyMarket,47,8,0,1,2.740840023925201,low,0.07025986525505294,0
MYM-0001,friskies croquettes pour chat au poulet avec des légumes purina friskies 300g,animaux,21.0,friskies croquettes pour chat au poulet avec des légumes purina friskies 300g,MAD,MyMarket,77,12,0,1,3.091042453358316,medium,0.0519730510105871,0
MYM-0002,bpeuf whiskas 4x85g,animaux,28.0,bpeuf whiskas 4x85g,MAD,MyMarket,19,3,0,1,3.367295829986474,medium,0.0519730510105871,0
MYM-0003,uf et poulet en sauce pour chatons whiskas junior 4x85g,animaux,28.0,uf et poulet en sauce pour chatons whiskas junior 4x85g,MAD,MyMarket,55,10,0,1,3.367295829986474,medium,0.0519730510105871,0
MYM-0004,purina felix patée pour chat à la viande fantastic purina felix 4x85g,animaux,25.5,purina felix patée pour chat à la viande fantastic purina felix 4x85g,MAD,MyMarket,69,12,0,1,3.2771447329921766,medium,0.0519730510105871,0
MYM-0005,purina felix pâtée pour chat au morceaux effilochés savoureux au poisson purina felix 4x85g,animaux,25.5,purina felix pâtée pour chat au morceaux effilochés savoureux au poisson purina felix 4x85g,MAD,MyMarket,91,14,0,1,3.2771447329921766,medium,0.0519730510105871,0
MYM-0006,purina felix patée pour chat fantastic duo purina felix 4x85g,animaux,25.5,purina felix patée pour chat fantastic duo purina felix 4x85g,MAD,MyMarket,61,10,0,1,3.2771447329921766,medium,0.0519730510105871,0
MYM-0007,purina felix patée pour chat fantastiques lamb purina felix 4x85g,animaux,25.5,purina felix patée pour chat fantastiques lamb purina felix 4x85g,MAD,MyMarket,65,10,0,1,3.2771447329921766,medium,0.0519730510105871,0
MYM-0008,purina felix pâtée pour chat fantastique fish purina felix 4x85,animaux,25.5,purina felix pâtée pour chat fantastique fish purina felix 4x85,MAD,MyMarket,63,10,0,0,3.2771447329921766,medium,0.0519730510105871,0
MYM-0009,purina felix pâtée spéciale pour petits chats fantastique junior purina felix 4x85,animaux,25.5,purina felix pâtée spéciale pour petits chats fantastique junior purina felix 4x85,MAD,MyMarket,82,12,0,0,3.2771447329921766,medium,0.0519730510105871,0
MYM-0010,avenal pâté pour chat poulet avenal cat 100g,animaux,5.5,avenal pâté pour chat poulet avenal cat 100g,MAD,MyMarket,44,8,0,1,1.8718021769015913,low,0.0519730510105871,0
MYM-0011,avenal pâté pour chat au thon avenalcat 100g,animaux,4.9,avenal pâté pour chat au thon avenalcat 100g,MAD,MyMarket,44,8,0,1,1.7749523509116738,low,0.0519730510105871,0
MYM-0012,avenal pâté pour chat boeuf avenal 100g,animaux,4.9,avenal pâté pour chat boeuf avenal 100g,MAD,MyMarket,39,7,0,1,1.7749523509116738,low,0.0519730510105871,0
MYM-0013,royalpet pâté pour chien poulet royalpet 100g,animaux,5.5,royalpet pâté pour chien poulet royalpet 100g,MAD,MyMarket,45,7,0,1,1.8718021769015913,low,0.0519730510105871,0
MYM-0014,royalpet pâté pour chien boeuf royalpet 100g,animaux,5.5,royalpet pâté pour chien boeuf royalpet 100g,MAD,MyMarket,44,7,0,1,1.8718021769015913,low,0.0519730510105871,0
MYM-0015,cattos pâté liver cattos 100g,animaux,4.9,cattos pâté liver cattos 100g,MAD,MyMarket,29,5,0,1,1.7749523509116738,low,0.0519730510105871,0
MYM-0016,cattos pâté poulet cattos 100g,animaux,4.9,cattos pâté poulet cattos 100g,MAD,MyMarket,30,5,0,1,1.7749523509116738,low,0.0519730510105871,0
MYM-0017,cattos pâté boeuf cattos 100g,animaux,4.9,cattos pâté boeuf cattos 100g,MAD,MyMarket,29,5,0,1,1.7749523509116738,low,0.0519730510105871,0
MYM-0018,barquette dorty 100 g,animaux,5.0,barquette dorty 100 g,MAD,MyMarket,21,4,0,1,1.791759469228055,low,0.0519730510105871,0
MYM-0019,dorty paté pour chats et volailles dorty barquette 100 g,animaux,5.0,dorty paté pour chats et volailles dorty barquette 100 g,MAD,MyMarket,56,10,0,1,1.791759469228055,low,0.0519730510105871,0
MYM-0020,pedigree 7 bâtonnets dentastix à mâcher pour chien 5 à 10kg pedigree 110g,animaux,33.0,pedigree 7 bâtonnets dentastix à mâcher pour chien 5 à 10kg pedigree 110g,MAD,MyMarket,73,13,0,1,3.5263605246161616,medium,0.0519730510105871,0
MYM-0021,catisfaction catisfactions pack,animaux,63.0,catisfaction catisfactions pack,MAD,MyMarket,31,3,0,0,4.1588830833596715,high,0.0519730510105871,0
MYM-0022,purina 5 bâtonnets à mâcher contre le tartre pour chien dentalife purina small 115g,animaux,57.34,purina 5 bâtonnets à mâcher contre le tartre pour chien dentalife purina small 115g,MAD,MyMarket,83,14,0,1,4.066287964439575,medium,0.0519730510105871,0
MYM-0023,citycat litière agglomérant pour chats city cat - 5kg,animaux,39.0,citycat litière agglomérant pour chats city cat - 5kg,MAD,MyMarket,53,9,0,1,3.6888794541139363,medium,0.0519730510105871,0
MYM-0001,95 pedigree friandises pour chiens de petite taille oral care dentastix pedigree 110 g,animaux,33.55,95 pedigree friandises pour chiens de petite taille oral care dentastix pedigree 110 g,MAD,MyMarket,86,14,0,1,3.542407550213679,medium,0.0519730510105871,0
MYM-0002,pedigree biscuits croquants pour chien adulte biscrok original pedigree 500 g,animaux,53.76,pedigree biscuits croquants pour chien adulte biscrok original pedigree 500 g,MAD,MyMarket,77,11,0,1,4.002960000420248,medium,0.0519730510105871,0
MYM-0003,rocky croquettes pour chien adulte maxi-croc complètes rocky 4kg,animaux,111.55,rocky croquettes pour chien adulte maxi-croc complètes rocky 4kg,MAD,MyMarket,64,9,0,1,4.723397567352741,high,0.0519730510105871,0
MYM-0004,rocky croquettes multi-complètes pour chien adulte rocky 4kg,animaux,116.15,rocky croquettes multi-complètes pour chien adulte rocky 4kg,MAD,MyMarket,60,8,0,1,4.763455164953805,high,0.0519730510105871,0
MYM-0005,uf pour chien junior oskay 2kg,animaux,73.55,uf pour chien junior oskay 2kg,MAD,MyMarket,30,6,0,1,4.311470041210748,high,0.0519730510105871,0
MYM-0006,uf pour chien junior oskay 400 g,animaux,16.95,uf pour chien junior oskay 400 g,MAD,MyMarket,32,7,0,1,2.8875901149342877,low,0.0519730510105871,0
MYM-0007,uf pour chien adulte oskay 400 g,animaux,16.95,uf pour chien adulte oskay 400 g,MAD,MyMarket,32,7,0,1,2.8875901149342877,low,0.0519730510105871,0
MYM-0008,uf pour chiens junior oskay 1kg,animaux,40.0,uf pour chiens junior oskay 1kg,MAD,MyMarket,31,6,0,1,3.713572066704308,medium,0.0519730510105871,0
MYM-0009,95 miglior bouchées au saumon pour chat adulte miglior gatto 405g,animaux,12.5,95 miglior bouchées au saumon pour chat adulte miglior gatto 405g,MAD,MyMarket,65,11,0,1,2.6026896854443837,low,0.0519730510105871,0
MYM-0010,les repas plaisir pâté goût thon pour chat adulte les repas plaisir 100g,animaux,8.5,les repas plaisir pâté goût thon pour chat adulte les repas plaisir 100g,MAD,MyMarket,72,13,0,1,2.2512917986064953,low,0.0519730510105871,0
MYM-0011,les repas plaisir pâté goût saumon pour chat adulte les repas plaisir 100g,animaux,8.5,les repas plaisir pâté goût saumon pour chat adulte les repas plaisir 100g,MAD,MyMarket,74,13,0,1,2.2512917986064953,low,0.0519730510105871,0
MYM-0012,50 les repas plaisir pâté goût poulet pour chat adulte les repas plaisir 100g,animaux,8.5,50 les repas plaisir pâté goût poulet pour chat adulte les repas plaisir 100g,MAD,MyMarket,77,14,0,1,2.2512917986064953,low,0.0519730510105871,0
MYM-0013,les repas plaisir pâté goût poulet et lait pour chaton les repas plaisir 100g,animaux,8.5,les repas plaisir pâté goût poulet et lait pour chaton les repas plaisir 100g,MAD,MyMarket,77,14,0,1,2.2512917986064953,low,0.0519730510105871,0
MYM-0001,les repas plaisir pâté goût dinde pour chat adulte les repas plaisir 100g,animaux,8.5,les repas plaisir pâté goût dinde pour chat adulte les repas plaisir 100g,MAD,MyMarket,73,13,0,1,2.2512917986064953,low,0.0519730510105871,0
MYM-0002,les repas plaisir pâté goût cabillaud pour chat stérilisé les repas plaisir 100g,animaux,8.5,les repas plaisir pâté goût cabillaud pour chat stérilisé les repas plaisir 100g,MAD,MyMarket,80,13,0,1,2.2512917986064953,low,0.0519730510105871,0
MYM-0003,uf pour chat adulte les repas plaisir 100g,animaux,8.5,uf pour chat adulte les repas plaisir 100g,MAD,MyMarket,42,8,0,1,2.2512917986064953,low,0.0519730510105871,0
MYM-0004,littycat litière parfumée pour chats littycat 5kg,animaux,44.59,littycat litière parfumée pour chats littycat 5kg,MAD,MyMarket,49,7,0,1,3.8196883942253503,medium,0.0519730510105871,0
MYM-0005,catisfaction friandises pour chat au poulet catisfaction 60g,animaux,21.0,catisfaction friandises pour chat au poulet catisfaction 60g,MAD,MyMarket,60,8,0,1,3.091042453358316,medium,0.0519730510105871,0
MYM-0006,catisfaction friandises pour chat au fromage catisfaction 6x60g,animaux,21.0,catisfaction friandises pour chat au fromage catisfaction 6x60g,MAD,MyMarket,63,8,0,1,3.091042453358316,medium,0.0519730510105871,0
MYM-0007,catisfaction friandises pour chat au saumon catisfaction 6x60g,animaux,21.0,catisfaction friandises pour chat au saumon catisfaction 6x60g,MAD,MyMarket,62,8,0,1,3.091042453358316,medium,0.0519730510105871,0
MYM-0008,poulet et céréales ayala 4kg,animaux,114.75,poulet et céréales ayala 4kg,MAD,MyMarket,28,5,1,1,4.751432692966343,high,0.0519730510105871,0
MYM-0009,90 vitakraft menu vital perruche sachet vitakraft 500g,animaux,47.88,90 vitakraft menu vital perruche sachet vitakraft 500g,MAD,MyMarket,54,8,0,1,3.88936831486334,medium,0.0519730510105871,0
MYM-0010,vitakraft kraker miel canaris vitakraft,animaux,23.88,vitakraft kraker miel canaris vitakraft,MAD,MyMarket,39,5,0,0,3.2140642678709788,medium,0.0519730510105871,0
MYM-0011,vitakraft baguettes fruits canaris vitakraft,animaux,23.88,vitakraft baguettes fruits canaris vitakraft,MAD,MyMarket,44,5,0,0,3.2140642678709788,medium,0.0519730510105871,0
MYM-0012,94 vitakraft coussin odc vitakraft 850 g,animaux,23.88,94 vitakraft coussin odc vitakraft 850 g,MAD,MyMarket,40,7,0,1,3.2140642678709788,medium,0.0519730510105871,0
MYM-0013,pour chien adulte biscrok original pedigree 500g,animaux,40.8,pour chien adulte biscrok original pedigree 500g,MAD,MyMarket,48,7,0,1,3.7328963395307104,medium,0.0519730510105871,0
MYM-0001,76 lechat embouchures de thon lechat 820g,animaux,32.94,76 lechat embouchures de thon lechat 820g,MAD,MyMarket,41,7,0,1,3.52459425980608,medium,0.0519730510105871,0
MYM-0002,94 friskies croquettes pour chatons au poulet et légumes avec du lait friskies junior 300g,animaux,20.0,94 friskies croquettes pour chatons au poulet et légumes avec du lait friskies junior 300g,MAD,MyMarket,90,15,0,1,3.044522437723423,medium,0.0519730510105871,0
MYM-0003,friskies croquettes au saumon et légumes pour chats friskies 300g,animaux,21.0,friskies croquettes au saumon et légumes pour chats friskies 300g,MAD,MyMarket,65,10,0,1,3.091042453358316,medium,0.0519730510105871,0
MYM-0004,miglior terrine de poulet et dinde pour chien miglior cane 405g,animaux,11.75,miglior terrine de poulet et dinde pour chien miglior cane 405g,MAD,MyMarket,63,11,0,1,2.545531271604435,low,0.0519730510105871,0
MYM-0005,uf pour chiens miglior cane 405g,animaux,14.0,uf pour chiens miglior cane 405g,MAD,MyMarket,32,6,0,1,2.70805020110221,low,0.0519730510105871,0
