sku,nom,categorie,price,desc,currency,source
MYM-0001,de la plus récente à la plus ancienne Olla Sauce Pizza Tomate Olla 350g,alimentation,8.9,de la plus récente à la plus ancienne Olla Sauce Pizza Tomate Olla 350g,MAD,MyMarket
MYM-0002,Ayala Boisson à l’Avoine Calcium Ayala 1L,alimentation,22.0,Ayala Boisson à l’Avoine Calcium Ayala 1L,MAD,MyMarket
MYM-0003,Ayala Café Moulu Intense Ayala 250g,alimentation,39.5,Ayala Café Moulu Intense Ayala 250g,MAD,MyMarket
MYM-0004,Ayala Café Moulu Mélange Ayala 250g,alimentation,39.5,Ayala Café Moulu Mélange Ayala 250g,MAD,MyMarket
MYM-0005,Ayala Champignons Tranchés Ayala 355g,alimentation,16.95,Ayala Champignons Tranchés Ayala 355g,MAD,MyMarket
MYM-0006,Ayala Boisson au Soja Calcium Ayala 1L,alimentation,22.0,Ayala Boisson au Soja Calcium Ayala 1L,MAD,MyMarket
MYM-0007,Ayala Biscuits à la Cannelle Ayala 470g,alimentation,24.0,Ayala Biscuits à la Cannelle Ayala 470g,MAD,MyMarket
MYM-0008,Ayala Pâte de Coing Membrillo Ayala 400g,alimentation,14.89,Ayala Pâte de Coing Membrillo Ayala 400g,MAD,MyMarket
MYM-0009,Ayala Petits Pois Réhydratés Ayala 400g,alimentation,10.95,Ayala Petits Pois Réhydratés Ayala 400g,MAD,MyMarket
MYM-0010,Ayala Tacos de Poisson en Sauce Marine Ayala 72g,alimentation,21.5,Ayala Tacos de Poisson en Sauce Marine Ayala 72g,MAD,MyMarket
MYM-0011,Ayala Tacos de Poisson à l’Huile de Tournesol Ayala 72g,alimentation,21.5,Ayala Tacos de Poisson à l’Huile de Tournesol Ayala 72g,MAD,MyMarket
MYM-0012,Ayala Tacos de Poisson à l’Ail Ayala 72g,alimentation,21.5,Ayala Tacos de Poisson à l’Ail Ayala 72g,MAD,MyMarket
MYM-0013,Ayala Pâté de Thon aux Morceaux de Thon Ayala 2x78g,alimentation,26.5,Ayala Pâté de Thon aux Morceaux de Thon Ayala 2x78g,MAD,MyMarket
MYM-0014,Ayala Petits Calamars Farcis à l’Encre Ayala 72g,alimentation,25.0,Ayala Petits Calamars Farcis à l’Encre Ayala 72g,MAD,MyMarket
MYM-0015,Ayala Chipirones Farcis en Sauce Américaine Ayala 72g,alimentation,25.0,Ayala Chipirones Farcis en Sauce Américaine Ayala 72g,MAD,MyMarket
MYM-0016,Ayala Chipirones Farcis à l’Huile de Tournesol Ayala 72g,alimentation,25.0,Ayala Chipirones Farcis à l’Huile de Tournesol Ayala 72g,MAD,MyMarket
MYM-0017,Ayala Pack de 3 petites boîtes Calamars en Sauce Américaine Ayala 3x55g,alimentation,28.55,Ayala Pack de 3 petites boîtes Calamars en Sauce Américaine Ayala 3x55g,MAD,MyMarket
MYM-0018,Ayala Filets de Melva à l’Huile de Tournesol Ayala 85g,alimentation,21.95,Ayala Filets de Melva à l’Huile de Tournesol Ayala 85g,MAD,MyMarket
MYM-0019,Ayala Filets de Maquereau à la Tomate Ayala 85g,alimentation,17.5,Ayala Filets de Maquereau à la Tomate Ayala 85g,MAD,MyMarket
MYM-0020,Ayala Filets de Maquereau à l’Huile de Tournesol Ayala 85g,alimentation,17.5,Ayala Filets de Maquereau à l’Huile de Tournesol Ayala 85g,MAD,MyMarket
MYM-0021,Ayala Maïs sucré Doux Extra Ayala 340g,alimentation,13.1,Ayala Maïs sucré Doux Extra Ayala 340g,MAD,MyMarket
MYM-0022,Ayala Confiture de Fraise Extra Ayala 410g,alimentation,22.69,Ayala Confiture de Fraise Extra Ayala 410g,MAD,MyMarket
MYM-0023,Ayala Pâtes Spirales Végétales Ayala 500g,alimentation,18.95,Ayala Pâtes Spirales Végétales Ayala 500g,MAD,MyMarket
MYM-0024,Ayala Pâtes Estrellitas Ayala 500g,alimentation,15.95,Ayala Pâtes Estrellitas Ayala 500g,MAD,MyMarket
MYM-0001,de la plus récente à la plus ancienne Olla Sauce Pizza Tomate Olla 350g,alimentation,8.9,de la plus récente à la plus ancienne Olla Sauce Pizza Tomate Olla 350g,MAD,MyMarket
MYM-0002,Ayala Boisson à l’Avoine Calcium Ayala 1L,alimentation,22.0,Ayala Boisson à l’Avoine Calcium Ayala 1L,MAD,MyMarket
MYM-0003,Ayala Café Moulu Intense Ayala 250g,alimentation,39.5,Ayala Café Moulu Intense Ayala 250g,MAD,MyMarket
MYM-0004,Ayala Café Moulu Mélange Ayala 250g,alimentation,39.5,Ayala Café Moulu Mélange Ayala 250g,MAD,MyMarket
MYM-0005,Ayala Champignons Tranchés Ayala 355g,alimentation,16.95,Ayala Champignons Tranchés Ayala 355g,MAD,MyMarket
MYM-0006,Ayala Boisson au Soja Calcium Ayala 1L,alimentation,22.0,Ayala Boisson au Soja Calcium Ayala 1L,MAD,MyMarket
MYM-0007,Ayala Biscuits à la Cannelle Ayala 470g,alimentation,24.0,Ayala Biscuits à la Cannelle Ayala 470g,MAD,MyMarket
MYM-0008,Ayala Pâte de Coing Membrillo Ayala 400g,alimentation,14.89,Ayala Pâte de Coing Membrillo Ayala 400g,MAD,MyMarket
MYM-0009,Ayala Petits Pois Réhydratés Ayala 400g,alimentation,10.95,Ayala Petits Pois Réhydratés Ayala 400g,MAD,MyMarket
MYM-0010,Ayala Tacos de Poisson en Sauce Marine Ayala 72g,alimentation,21.5,Ayala Tacos de Poisson en Sauce Marine Ayala 72g,MAD,MyMarket
MYM-0011,Ayala Tacos de Poisson à l’Huile de Tournesol Ayala 72g,alimentation,21.5,Ayala Tacos de Poisson à l’Huile de Tournesol Ayala 72g,MAD,MyMarket
MYM-0012,Ayala Tacos de Poisson à l’Ail Ayala 72g,alimentation,21.5,Ayala Tacos de Poisson à l’Ail Ayala 72g,MAD,MyMarket
MYM-0013,Ayala Pâté de Thon aux Morceaux de Thon Ayala 2x78g,alimentation,26.5,Ayala Pâté de Thon aux Morceaux de Thon Ayala 2x78g,MAD,MyMarket
MYM-0014,Ayala Petits Calamars Farcis à l’Encre Ayala 72g,alimentation,25.0,Ayala Petits Calamars Farcis à l’Encre Ayala 72g,MAD,MyMarket
MYM-0015,Ayala Chipirones Farcis en Sauce Américaine Ayala 72g,alimentation,25.0,Ayala Chipirones Farcis en Sauce Américaine Ayala 72g,MAD,MyMarket
MYM-0016,Ayala Chipirones Farcis à l’Huile de Tournesol Ayala 72g,alimentation,25.0,Ayala Chipirones Farcis à l’Huile de Tournesol Ayala 72g,MAD,MyMarket
MYM-0017,Ayala Pack de 3 petites boîtes Calamars en Sauce Américaine Ayala 3x55g,alimentation,28.55,Ayala Pack de 3 petites boîtes Calamars en Sauce Américaine Ayala 3x55g,MAD,MyMarket
MYM-0018,Ayala Filets de Melva à l’Huile de Tournesol Ayala 85g,alimentation,21.95,Ayala Filets de Melva à l’Huile de Tournesol Ayala 85g,MAD,MyMarket
MYM-0019,Ayala Filets de Maquereau à la Tomate Ayala 85g,alimentation,17.5,Ayala Filets de Maquereau à la Tomate Ayala 85g,MAD,MyMarket
MYM-0020,Ayala Filets de Maquereau à l’Huile de Tournesol Ayala 85g,alimentation,17.5,Ayala Filets de Maquereau à l’Huile de Tournesol Ayala 85g,MAD,MyMarket
MYM-0021,Ayala Maïs sucré Doux Extra Ayala 340g,alimentation,13.1,Ayala Maïs sucré Doux Extra Ayala 340g,MAD,MyMarket
MYM-0022,Ayala Confiture de Fraise Extra Ayala 410g,alimentation,22.69,Ayala Confiture de Fraise Extra Ayala 410g,MAD,MyMarket
MYM-0023,Ayala Pâtes Spirales Végétales Ayala 500g,alimentation,18.95,Ayala Pâtes Spirales Végétales Ayala 500g,MAD,MyMarket
MYM-0024,Ayala Pâtes Estrellitas Ayala 500g,alimentation,15.95,Ayala Pâtes Estrellitas Ayala 500g,MAD,MyMarket
MYM-0001,de la plus récente à la plus ancienne Ayala Spaghetti Ayala 500g,alimentation,14.5,de la plus récente à la plus ancienne Ayala Spaghetti Ayala 500g,MAD,MyMarket
MYM-0002,4 Épais Ayala 500g,alimentation,15.95,4 Épais Ayala 500g,MAD,MyMarket
MYM-0003,Sidi Ali Pack Eau Minérale Bouteille orange pour Enfants Sidi Ali 33cl - 6 unités,alimentation,12.0,Sidi Ali Pack Eau Minérale Bouteille orange pour Enfants Sidi Ali 33cl - 6 unités,MAD,MyMarket
MYM-0004,Sidi Ali Pack Eau Minérale Bouteille Rose pour Enfants Sidi Ali 33cl - 6 unités,alimentation,12.0,Sidi Ali Pack Eau Minérale Bouteille Rose pour Enfants Sidi Ali 33cl - 6 unités,MAD,MyMarket
MYM-0005,Sidi Ali Pack Eau Minérale Bouteille vert pour Enfants Sidi Ali 33cl - 6 unités,alimentation,12.0,Sidi Ali Pack Eau Minérale Bouteille vert pour Enfants Sidi Ali 33cl - 6 unités,MAD,MyMarket
MYM-0006,Desly Feuilles Nori pour Sushi 100 unités Desly,alimentation,259.0,Desly Feuilles Nori pour Sushi 100 unités Desly,MAD,MyMarket
MYM-0007,Schär Galettes souples Wraps Sans Gluten Schär 160g,alimentation,69.9,Schär Galettes souples Wraps Sans Gluten Schär 160g,MAD,MyMarket
MYM-0008,Schär Biscuits salés croustillants Crackers Multicéréales Sans Gluten Schär 210g,alimentation,58.9,Schär Biscuits salés croustillants Crackers Multicéréales Sans Gluten Schär 210g,MAD,MyMarket
MYM-0009,Sebaa Thé Vert en Grains Lion 4011 Ata Sebaa 500g,alimentation,61.95,Sebaa Thé Vert en Grains Lion 4011 Ata Sebaa 500g,MAD,MyMarket
MYM-0010,Sebaa Thé vert de chine Lion 4011 Atay Sebaa 100g,alimentation,11.7,Sebaa Thé vert de chine Lion 4011 Atay Sebaa 100g,MAD,MyMarket
MYM-0011,Chakour Thé vert de chine extra-fin Chakour 100g,alimentation,11.5,Chakour Thé vert de chine extra-fin Chakour 100g,MAD,MyMarket
MYM-0012,Chakour Thé vert de chine extra fin gunpowder Chakour 500g,alimentation,54.0,Chakour Thé vert de chine extra fin gunpowder Chakour 500g,MAD,MyMarket
MYM-0013,Schär Biscuits salés Crackers Sans Gluten Schär 210g,alimentation,49.95,Schär Biscuits salés Crackers Sans Gluten Schär 210g,MAD,MyMarket
MYM-0014,Schär Chips soufflée Curvies Paprika Sans Gluten Schär 170g,alimentation,44.9,Schär Chips soufflée Curvies Paprika Sans Gluten Schär 170g,MAD,MyMarket
MYM-0015,Schär Curvies barbecue Sans Gluten Schär 170g,alimentation,44.9,Schär Curvies barbecue Sans Gluten Schär 170g,MAD,MyMarket
MYM-0016,Bjorg Galettes de Riz Quinoa sans gluten Bjorg 130g,alimentation,39.95,Bjorg Galettes de Riz Quinoa sans gluten Bjorg 130g,MAD,MyMarket
MYM-0017,Bjorg Galettes 4 Céréales Sans Gluten pauvre en sel Bjorg 130g,alimentation,36.0,Bjorg Galettes 4 Céréales Sans Gluten pauvre en sel Bjorg 130g,MAD,MyMarket
MYM-0018,Herr's chips soufflées Sang Gluten Curls Fromage Bleu Buffalo Herr's 113g,alimentation,25.5,Herr's chips soufflées Sang Gluten Curls Fromage Bleu Buffalo Herr's 113g,MAD,MyMarket
MYM-0019,Lavazza Café Grain Espresso intensité 5 Oro Lavazza 1kg,alimentation,390.0,Lavazza Café Grain Espresso intensité 5 Oro Lavazza 1kg,MAD,MyMarket
MYM-0020,Harvey 175g,alimentation,29.94,Harvey 175g,MAD,MyMarket
MYM-0021,10 Asta 200g,alimentation,17.5,10 Asta 200g,MAD,MyMarket
MYM-0022,Samar Café Moulu Intense et équilibré classic Samar 90g,alimentation,19.0,Samar Café Moulu Intense et équilibré classic Samar 90g,MAD,MyMarket
MYM-0023,Gavottes Crêpes Dentelle Chocolat Noir Gavottes 90g,alimentation,46.55,Gavottes Crêpes Dentelle Chocolat Noir Gavottes 90g,MAD,MyMarket
MYM-0024,Mc Vities 2 Biscuits Digestive Original McVities 33g,alimentation,2.2,Mc Vities 2 Biscuits Digestive Original McVities 33g,MAD,MyMarket
MYM-0001,de la plus récente à la plus ancienne Don Simon Nectar pina colada Don Simón 33,alimentation,8.0,de la plus récente à la plus ancienne Don Simon Nectar pina colada Don Simón 33,MAD,MyMarket
MYM-0002,Don Simon Jus multivitamines Don Simon Disfruta 1L,alimentation,14.2,Don Simon Jus multivitamines Don Simon Disfruta 1L,MAD,MyMarket
MYM-0003,Don Simon Jus orange Don Simon Disfruta 1L,alimentation,15.0,Don Simon Jus orange Don Simon Disfruta 1L,MAD,MyMarket
MYM-0004,Don Simon Jus à la pêche Don Simon Disfruta 1L,alimentation,14.2,Don Simon Jus à la pêche Don Simon Disfruta 1L,MAD,MyMarket
MYM-0005,Don Simon Jus ananas Don Simon Disfruta 1L,alimentation,15.0,Don Simon Jus ananas Don Simon Disfruta 1L,MAD,MyMarket
MYM-0006,Mondariz Eau minérale gazeuse Mondariz 33cl,alimentation,9.3,Mondariz Eau minérale gazeuse Mondariz 33cl,MAD,MyMarket
MYM-0007,Mondariz Eau minérale gazeuse bouteille en verre Mondariz 75cl,alimentation,12.1,Mondariz Eau minérale gazeuse bouteille en verre Mondariz 75cl,MAD,MyMarket
MYM-0008,Mondariz Eau minérale plate Mondariz 33cl,alimentation,9.5,Mondariz Eau minérale plate Mondariz 33cl,MAD,MyMarket
MYM-0009,Gullon Biscuits sans gluten Gullón 200g,alimentation,22.5,Gullon Biscuits sans gluten Gullón 200g,MAD,MyMarket
MYM-0010,LION Thé Lion 4011 - Atay Sebaa 4011 200g,alimentation,20.9,LION Thé Lion 4011 - Atay Sebaa 4011 200g,MAD,MyMarket
MYM-0011,Shortbread Gullón 175g,alimentation,18.2,Shortbread Gullón 175g,MAD,MyMarket
MYM-0012,Moins de Graisses Gullón Digestive 400g,alimentation,20.05,Moins de Graisses Gullón Digestive 400g,MAD,MyMarket
MYM-0013,Gullon Biscuits Maria sans gluten Gullon 380 g,alimentation,22.95,Gullon Biscuits Maria sans gluten Gullon 380 g,MAD,MyMarket
MYM-0014,Gullon Mini Crackers Gullon 350g,alimentation,19.0,Gullon Mini Crackers Gullon 350g,MAD,MyMarket
MYM-0015,Gullon Mini fish Cracker Gullon 350g,alimentation,19.0,Gullon Mini fish Cracker Gullon 350g,MAD,MyMarket
MYM-0016,Javana Flacon epices Ras el hanout Javana 35g,alimentation,18.9,Javana Flacon epices Ras el hanout Javana 35g,MAD,MyMarket
MYM-0017,Javana Flacon epices curcuma Javana 35g,alimentation,12.15,Javana Flacon epices curcuma Javana 35g,MAD,MyMarket
MYM-0018,Javana Flacon Basilic Javana 8g,alimentation,9.95,Javana Flacon Basilic Javana 8g,MAD,MyMarket
MYM-0019,Javana Flacon epices Curry Javana 35g,alimentation,15.55,Javana Flacon epices Curry Javana 35g,MAD,MyMarket
MYM-0020,Javana Flacon epices Assortiment shawerma Javana 35g,alimentation,13.2,Javana Flacon epices Assortiment shawerma Javana 35g,MAD,MyMarket
MYM-0021,Javana Flacon epices Piment Doux Javana 35g,alimentation,11.5,Javana Flacon epices Piment Doux Javana 35g,MAD,MyMarket
MYM-0022,Javana Flacon epices Poivre Noir Javana 35g,alimentation,13.9,Javana Flacon epices Poivre Noir Javana 35g,MAD,MyMarket
MYM-0023,Oulmes Eau gazeuse fruits rouges Oulmès 25cl,alimentation,7.9,Oulmes Eau gazeuse fruits rouges Oulmès 25cl,MAD,MyMarket
MYM-0001,Arabica intensité 9 Segafredo,alimentation,36.95,Arabica intensité 9 Segafredo,MAD,MyMarket
MYM-0002,Segafredo 10 capsules Café Compatible Machine Nespresso aluminum Ristretto intensité 11 Segafredo,alimentation,36.95,Segafredo 10 capsules Café Compatible Machine Nespresso aluminum Ristretto intensité 11 Segafredo,MAD,MyMarket
MYM-0003,95 MAD TTC En rupture de stock Segafredo 10 capsules Café Compatible Machine Nespresso aluminum espresso Classico intensité 10 Segafredo,alimentation,36.95,95 MAD TTC En rupture de stock Segafredo 10 capsules Café Compatible Machine Nespresso aluminum espresso Classico intensité 10 Segafredo,MAD,MyMarket
MYM-0004,Arabica intensité 8 Segafredo,alimentation,36.95,Arabica intensité 8 Segafredo,MAD,MyMarket
MYM-0005,Monin Sirop passion fruit Monin 25cl,alimentation,81.0,Monin Sirop passion fruit Monin 25cl,MAD,MyMarket
MYM-0006,Monin Sirop coconut Monin 25cl,alimentation,81.0,Monin Sirop coconut Monin 25cl,MAD,MyMarket
MYM-0007,Monin Sirop noisettes Monin 25cl,alimentation,81.0,Monin Sirop noisettes Monin 25cl,MAD,MyMarket
MYM-0008,Monin Sirop caramel Monin 25cl,alimentation,81.0,Monin Sirop caramel Monin 25cl,MAD,MyMarket
MYM-0009,Monin Sirop vanille Monin 25cl,alimentation,81.0,Monin Sirop vanille Monin 25cl,MAD,MyMarket
MYM-0010,Monin Sirop fraise Monin 25cl,alimentation,81.0,Monin Sirop fraise Monin 25cl,MAD,MyMarket
MYM-0011,Monin Sirop pêche Monin 70cl,alimentation,145.0,Monin Sirop pêche Monin 70cl,MAD,MyMarket
MYM-0012,Monin Sirop melon Monin 70cl,alimentation,145.0,Monin Sirop melon Monin 70cl,MAD,MyMarket
MYM-0013,Monin Sirop banane Monin 70cl,alimentation,145.0,Monin Sirop banane Monin 70cl,MAD,MyMarket
MYM-0014,Monin Sirop mangue Monin 70cl,alimentation,145.0,Monin Sirop mangue Monin 70cl,MAD,MyMarket
MYM-0015,Monin Sirop framboise Monin 70cl,alimentation,145.0,Monin Sirop framboise Monin 70cl,MAD,MyMarket
MYM-0016,Monin Sirop fraise Monin 70cl,alimentation,145.0,Monin Sirop fraise Monin 70cl,MAD,MyMarket
MYM-0017,Monin Sirop menthe verte Monin 70cl,alimentation,117.3,Monin Sirop menthe verte Monin 70cl,MAD,MyMarket
MYM-0018,Monin Sirop grenadine Monin 70cl,alimentation,117.3,Monin Sirop grenadine Monin 70cl,MAD,MyMarket
MYM-0001,de la plus récente à la plus ancienne Saint Eloi Riz Demi Complet Bio Saint Eloi 500g,bio,37.15,de la plus récente à la plus ancienne Saint Eloi Riz Demi Complet Bio Saint Eloi 500g,MAD,MyMarket
MYM-0002,Saint Eloi Riz Etuvé Bio Saint Eloi 500g,bio,53.95,Saint Eloi Riz Etuvé Bio Saint Eloi 500g,MAD,MyMarket
MYM-0003,Saint Eloi Riz Long Basmati Bio Saint Eloi 500g,bio,43.15,Saint Eloi Riz Long Basmati Bio Saint Eloi 500g,MAD,MyMarket
MYM-0004,Saint Eloi Riz Thaï Bio Saint Eloi 500g,bio,41.95,Saint Eloi Riz Thaï Bio Saint Eloi 500g,MAD,MyMarket
MYM-0005,Saint Eloi Mélange de Céréales Légumes Secs Bio Saint Eloi 500g,bio,44.35,Saint Eloi Mélange de Céréales Légumes Secs Bio Saint Eloi 500g,MAD,MyMarket
MYM-0006,Saint Eloi Lentilles Corail Bio Saint Eloi 500g,bio,55.15,Saint Eloi Lentilles Corail Bio Saint Eloi 500g,MAD,MyMarket
MYM-0007,Saint Eloi Boulgour Bio Saint Eloi 500g,bio,45.55,Saint Eloi Boulgour Bio Saint Eloi 500g,MAD,MyMarket
MYM-0008,Saint Eloi Haricots Verts Extra Fins Bio Saint Eloi 180g,bio,45.55,Saint Eloi Haricots Verts Extra Fins Bio Saint Eloi 180g,MAD,MyMarket
MYM-0009,00 MAD TTC En rupture de stock Blue Diamond Boisson Almond Breeze Original Bio et Sans Gluten Blue Diamond 1L,bio,47.0,00 MAD TTC En rupture de stock Blue Diamond Boisson Almond Breeze Original Bio et Sans Gluten Blue Diamond 1L,MAD,MyMarket
MYM-0010,65 MAD TTC En rupture de stock Bjorg Citron Cuisine Bio Bjorg 200 ml,bio,23.95,65 MAD TTC En rupture de stock Bjorg Citron Cuisine Bio Bjorg 200 ml,MAD,MyMarket
MYM-0011,Diet Radisson Boisson de Riz aux Noisettes Bio et Sans Gluten Diet Radisson 1L,bio,45.5,Diet Radisson Boisson de Riz aux Noisettes Bio et Sans Gluten Diet Radisson 1L,MAD,MyMarket
MYM-0012,Noisettes Bio Sojasun 1L,bio,43.65,Noisettes Bio Sojasun 1L,MAD,MyMarket
MYM-0013,65 MAD TTC En rupture de stock Sojasun Boisson au Riz et à la Noix de Coco Bio Sojasun 1L,bio,43.65,65 MAD TTC En rupture de stock Sojasun Boisson au Riz et à la Noix de Coco Bio Sojasun 1L,MAD,MyMarket
MYM-0001,de la plus récente à la plus ancienne Saint Eloi Riz Demi Complet Bio Saint Eloi 500g,bio,37.15,de la plus récente à la plus ancienne Saint Eloi Riz Demi Complet Bio Saint Eloi 500g,MAD,MyMarket
MYM-0002,Saint Eloi Riz Etuvé Bio Saint Eloi 500g,bio,53.95,Saint Eloi Riz Etuvé Bio Saint Eloi 500g,MAD,MyMarket
MYM-0003,Saint Eloi Riz Long Basmati Bio Saint Eloi 500g,bio,43.15,Saint Eloi Riz Long Basmati Bio Saint Eloi 500g,MAD,MyMarket
MYM-0004,Saint Eloi Riz Thaï Bio Saint Eloi 500g,bio,41.95,Saint Eloi Riz Thaï Bio Saint Eloi 500g,MAD,MyMarket
MYM-0005,Saint Eloi Mélange de Céréales Légumes Secs Bio Saint Eloi 500g,bio,44.35,Saint Eloi Mélange de Céréales Légumes Secs Bio Saint Eloi 500g,MAD,MyMarket
MYM-0006,Saint Eloi Lentilles Corail Bio Saint Eloi 500g,bio,55.15,Saint Eloi Lentilles Corail Bio Saint Eloi 500g,MAD,MyMarket
MYM-0007,Saint Eloi Boulgour Bio Saint Eloi 500g,bio,45.55,Saint Eloi Boulgour Bio Saint Eloi 500g,MAD,MyMarket
MYM-0008,Saint Eloi Haricots Verts Extra Fins Bio Saint Eloi 180g,bio,45.55,Saint Eloi Haricots Verts Extra Fins Bio Saint Eloi 180g,MAD,MyMarket
MYM-0009,00 MAD TTC En rupture de stock Blue Diamond Boisson Almond Breeze Original Bio et Sans Gluten Blue Diamond 1L,bio,47.0,00 MAD TTC En rupture de stock Blue Diamond Boisson Almond Breeze Original Bio et Sans Gluten Blue Diamond 1L,MAD,MyMarket
MYM-0010,65 MAD TTC En rupture de stock Bjorg Citron Cuisine Bio Bjorg 200 ml,bio,23.95,65 MAD TTC En rupture de stock Bjorg Citron Cuisine Bio Bjorg 200 ml,MAD,MyMarket
MYM-0011,Diet Radisson Boisson de Riz aux Noisettes Bio et Sans Gluten Diet Radisson 1L,bio,45.5,Diet Radisson Boisson de Riz aux Noisettes Bio et Sans Gluten Diet Radisson 1L,MAD,MyMarket
MYM-0012,Noisettes Bio Sojasun 1L,bio,43.65,Noisettes Bio Sojasun 1L,MAD,MyMarket
MYM-0013,65 MAD TTC En rupture de stock Sojasun Boisson au Riz et à la Noix de Coco Bio Sojasun 1L,bio,43.65,65 MAD TTC En rupture de stock Sojasun Boisson au Riz et à la Noix de Coco Bio Sojasun 1L,MAD,MyMarket
MYM-0001,90 MAD TTC En rupture de stock Les Domaines Eau de Rose Bio Les Domaines 250 ml,bio,34.45,90 MAD TTC En rupture de stock Les Domaines Eau de Rose Bio Les Domaines 250 ml,MAD,MyMarket
MYM-0002,Natur Green Boisson de Riz Bio Nature Natur Green 1L,bio,39.0,Natur Green Boisson de Riz Bio Nature Natur Green 1L,MAD,MyMarket
MYM-0003,Natur Green Boisson de Riz Bio au Calcium Natur Green 1L,bio,39.0,Natur Green Boisson de Riz Bio au Calcium Natur Green 1L,MAD,MyMarket
MYM-0004,Natur Green Boisson de Soja Bio au Calcium Natur Green 1L,bio,39.0,Natur Green Boisson de Soja Bio au Calcium Natur Green 1L,MAD,MyMarket
MYM-0005,Yogi Tea 17 Sachets Infusions Bien-être Intestinal Yogi Tea 34 g,bio,59.4,Yogi Tea 17 Sachets Infusions Bien-être Intestinal Yogi Tea 34 g,MAD,MyMarket
MYM-0006,50 MAD TTC En rupture de stock Bonduelle Champignons de Paris Émincés Bio Bonduelle 230 g,bio,49.5,50 MAD TTC En rupture de stock Bonduelle Champignons de Paris Émincés Bio Bonduelle 230 g,MAD,MyMarket
MYM-0007,72 MAD TTC En rupture de stock MONOPRIX Filets de Thon Blanc Germon Bocal en Verre Monoprix Gourmet 125g,bio,110.34,72 MAD TTC En rupture de stock MONOPRIX Filets de Thon Blanc Germon Bocal en Verre Monoprix Gourmet 125g,MAD,MyMarket
MYM-0008,ma Pointe de Brie Bio Engagé Président 200 g,bio,64.35,ma Pointe de Brie Bio Engagé Président 200 g,MAD,MyMarket
MYM-0009,Président Camembert Bio Engagé Président 250 g,bio,68.95,Président Camembert Bio Engagé Président 250 g,MAD,MyMarket
MYM-0010,Clipper Infusion Marchand de Sable Bio Clipper 20 sachets,bio,62.4,Clipper Infusion Marchand de Sable Bio Clipper 20 sachets,MAD,MyMarket
MYM-0011,Clipper Infusion Divine Digestion Bio Clipper 20 sachets,bio,62.4,Clipper Infusion Divine Digestion Bio Clipper 20 sachets,MAD,MyMarket
MYM-0001,de la plus récente à la plus ancienne Clipper Infusion Lovely Thé Blanc Citron Bio Clipper 20 sachets,bio,74.5,de la plus récente à la plus ancienne Clipper Infusion Lovely Thé Blanc Citron Bio Clipper 20 sachets,MAD,MyMarket
MYM-0002,74 MAD TTC En rupture de stock Alpro Boisson à Base d'Avoine avec Calcium et Vitamines Ajoutés Alpro 1L,bio,33.95,74 MAD TTC En rupture de stock Alpro Boisson à Base d'Avoine avec Calcium et Vitamines Ajoutés Alpro 1L,MAD,MyMarket
MYM-0003,Sans Gluten Sottolestelle 1Kg,bio,114.0,Sans Gluten Sottolestelle 1Kg,MAD,MyMarket
MYM-0004,00 MAD TTC En rupture de stock ABOGHLO Miel de CAROUBIER Aboghlo 500g,bio,135.49,00 MAD TTC En rupture de stock ABOGHLO Miel de CAROUBIER Aboghlo 500g,MAD,MyMarket
MYM-0005,ABOGHLO Miel d’EUPHORBE Aboghlo 500g,bio,177.29,ABOGHLO Miel d’EUPHORBE Aboghlo 500g,MAD,MyMarket
MYM-0006,ABOGHLO Miel SUAVAGE Aboghlo 500g,bio,197.69,ABOGHLO Miel SUAVAGE Aboghlo 500g,MAD,MyMarket
MYM-0007,32 MAD TTC En rupture de stock ABOGHLO Miel MILLE FLEURS Aboghlo 250g,bio,61.2,32 MAD TTC En rupture de stock ABOGHLO Miel MILLE FLEURS Aboghlo 250g,MAD,MyMarket
MYM-0008,ABOGHLO Miel de THYM Aboghlo 250g,bio,135.54,ABOGHLO Miel de THYM Aboghlo 250g,MAD,MyMarket
MYM-0009,Barilla Penne Rigate Bio Barilla 500 g,bio,63.54,Barilla Penne Rigate Bio Barilla 500 g,MAD,MyMarket
MYM-0001,de la plus récente à la plus ancienne Les Domaines Eau De Fleur D'Oranger Bio Les Domaines 25 cl,bio,23.33,de la plus récente à la plus ancienne Les Domaines Eau De Fleur D'Oranger Bio Les Domaines 25 cl,MAD,MyMarket
MYM-0002,Primeur Pousses De Betterave Barquette 100g,bio,16.9,Primeur Pousses De Betterave Barquette 100g,MAD,MyMarket
MYM-0003,Primeur Jeunes Pousses d'Épinard Barquette 100g,bio,50.0,Primeur Jeunes Pousses d'Épinard Barquette 100g,MAD,MyMarket
MYM-0004,00 MAD TTC En rupture de stock Bjorg Biscuits Fourrés Framboises Bio Bjorg 175g,bio,63.64,00 MAD TTC En rupture de stock Bjorg Biscuits Fourrés Framboises Bio Bjorg 175g,MAD,MyMarket
MYM-0005,Sunny Bio Sirop d'Agave BIO SUNNY 500g,bio,150.0,Sunny Bio Sirop d'Agave BIO SUNNY 500g,MAD,MyMarket
MYM-0006,1881 STEFANO BERRUTO Fusilli Bio Stefano Berruto 500g,bio,35.94,1881 STEFANO BERRUTO Fusilli Bio Stefano Berruto 500g,MAD,MyMarket
MYM-0007,90 MAD TTC En rupture de stock Granoro Spaghetti BIO Integrale Granoro 500g,bio,26.4,90 MAD TTC En rupture de stock Granoro Spaghetti BIO Integrale Granoro 500g,MAD,MyMarket
MYM-0008,44 MAD TTC En rupture de stock EcoMil Lait Amande Barista Sans sucre Bio Sans Glutten EcoMill 1L,bio,54.0,44 MAD TTC En rupture de stock EcoMil Lait Amande Barista Sans sucre Bio Sans Glutten EcoMill 1L,MAD,MyMarket
MYM-0009,20 MAD TTC En rupture de stock Bjorg Soja Cuisine Fluide BIO Bjorg 25Cl,bio,33.0,20 MAD TTC En rupture de stock Bjorg Soja Cuisine Fluide BIO Bjorg 25Cl,MAD,MyMarket
MYM-0010,Bjorg Lait D'amande Calcium BIO Bjorg 50Cl,bio,45.0,Bjorg Lait D'amande Calcium BIO Bjorg 50Cl,MAD,MyMarket
MYM-0011,Bjorg Soja Chocolat BIO Bjorg 1L,bio,71.94,Bjorg Soja Chocolat BIO Bjorg 1L,MAD,MyMarket
MYM-0012,Bjorg Lait d'amande Intense BIO Bjorg 1L,bio,73.14,Bjorg Lait d'amande Intense BIO Bjorg 1L,MAD,MyMarket
MYM-0013,EcoMil Lait de Coco Sans sucre Bio Sans Glutten EcoMill 1L,bio,54.0,EcoMil Lait de Coco Sans sucre Bio Sans Glutten EcoMill 1L,MAD,MyMarket
MYM-0014,EcoMil Lait D'Amande Calcium Bio Sans Sucre Sans Gluten EcoMil 1L,bio,54.0,EcoMil Lait D'Amande Calcium Bio Sans Sucre Sans Gluten EcoMil 1L,MAD,MyMarket
MYM-0015,EcoMil Lait D'Amandes Nature Bio Sans Sucre et Sans Gluten EcoMil 1L,bio,54.0,EcoMil Lait D'Amandes Nature Bio Sans Sucre et Sans Gluten EcoMil 1L,MAD,MyMarket
MYM-0016,Sunny Bio Sirop d'Agave BIO SUNNY 250g,bio,94.8,Sunny Bio Sirop d'Agave BIO SUNNY 250g,MAD,MyMarket
MYM-0017,JARDIN BIO Pâte à tartiner chocolat noisette sans gluten bio JARDIN BIO Léa Nature 350g,bio,130.0,JARDIN BIO Pâte à tartiner chocolat noisette sans gluten bio JARDIN BIO Léa Nature 350g,MAD,MyMarket
MYM-0018,EcoMil Lait d’amande agave cacao Bio EcoMil 1L,bio,54.0,EcoMil Lait d’amande agave cacao Bio EcoMil 1L,MAD,MyMarket
MYM-0019,EcoMil Lait d’amande agave vanille Bio EcoMil 1L,bio,54.0,EcoMil Lait d’amande agave vanille Bio EcoMil 1L,MAD,MyMarket
MYM-0001,de la plus récente à la plus ancienne Primeur Tomate 1kg,legumes,9.5,de la plus récente à la plus ancienne Primeur Tomate 1kg,MAD,MyMarket
MYM-0002,Primeur Carotte 1Kg,legumes,10.5,Primeur Carotte 1Kg,MAD,MyMarket
MYM-0003,Primeur Citron 1 kg,legumes,11.99,Primeur Citron 1 kg,MAD,MyMarket
MYM-0004,Primeur Oignon Rouge 1 kg,legumes,9.5,Primeur Oignon Rouge 1 kg,MAD,MyMarket
MYM-0005,Primeur Courgette Blanche 1 kg,legumes,18.0,Primeur Courgette Blanche 1 kg,MAD,MyMarket
MYM-0006,Primeur Aubergine 1Kg,legumes,21.5,Primeur Aubergine 1Kg,MAD,MyMarket
MYM-0007,Primeur Concombre 1 kg,legumes,8.5,Primeur Concombre 1 kg,MAD,MyMarket
MYM-0008,Primeur Persil 1 botte de Sélection,legumes,5.4,Primeur Persil 1 botte de Sélection,MAD,MyMarket
MYM-0009,Primeur Oignon Blanc 1 kg,legumes,9.5,Primeur Oignon Blanc 1 kg,MAD,MyMarket
MYM-0010,Primeur Ail Local Vrac 250g,legumes,29.35,Primeur Ail Local Vrac 250g,MAD,MyMarket
MYM-0011,Primeur Poivron Vert 1 kg,legumes,12.5,Primeur Poivron Vert 1 kg,MAD,MyMarket
MYM-0012,Primeur Menthe Fraiche 1 botte,legumes,6.0,Primeur Menthe Fraiche 1 botte,MAD,MyMarket
MYM-0013,Primeur Coriandre 1 botte de Sélection,legumes,6.18,Primeur Coriandre 1 botte de Sélection,MAD,MyMarket
MYM-0014,Primeur Pomme de Terre Blanche 1Kg,legumes,9.5,Primeur Pomme de Terre Blanche 1Kg,MAD,MyMarket
MYM-0015,Primeur Champignons de Paris Frais 250g,legumes,15.9,Primeur Champignons de Paris Frais 250g,MAD,MyMarket
MYM-0016,Primeur Poivron Rouge 1 kg,legumes,21.0,Primeur Poivron Rouge 1 kg,MAD,MyMarket
MYM-0017,Primeur Pomme de Terre Rouge pour Frites 1Kg,legumes,13.8,Primeur Pomme de Terre Rouge pour Frites 1Kg,MAD,MyMarket
MYM-0018,Primeur Poireaux 1 kg,legumes,24.0,Primeur Poireaux 1 kg,MAD,MyMarket
MYM-0019,Primeur Laitue Coeur de Romaine 1pièce,legumes,7.85,Primeur Laitue Coeur de Romaine 1pièce,MAD,MyMarket
MYM-0020,Primeur Tomate Cerise Local barquette 250g,legumes,13.15,Primeur Tomate Cerise Local barquette 250g,MAD,MyMarket
MYM-0021,Primeur Épinard La Botte,legumes,37.2,Primeur Épinard La Botte,MAD,MyMarket
MYM-0022,Primeur Basilic La Botte,legumes,15.5,Primeur Basilic La Botte,MAD,MyMarket
MYM-0023,Primeur Courge Orange 1KG,legumes,19.0,Primeur Courge Orange 1KG,MAD,MyMarket
MYM-0024,Primeur Pomme de Terre Grenaille 1 kg,legumes,10.9,Primeur Pomme de Terre Grenaille 1 kg,MAD,MyMarket
MYM-0001,de la plus récente à la plus ancienne Primeur Tomate 1kg,legumes,9.5,de la plus récente à la plus ancienne Primeur Tomate 1kg,MAD,MyMarket
MYM-0002,Primeur Carotte 1Kg,legumes,10.5,Primeur Carotte 1Kg,MAD,MyMarket
MYM-0003,Primeur Citron 1 kg,legumes,11.99,Primeur Citron 1 kg,MAD,MyMarket
MYM-0004,Primeur Oignon Rouge 1 kg,legumes,9.5,Primeur Oignon Rouge 1 kg,MAD,MyMarket
MYM-0005,Primeur Courgette Blanche 1 kg,legumes,18.0,Primeur Courgette Blanche 1 kg,MAD,MyMarket
MYM-0006,Primeur Aubergine 1Kg,legumes,21.5,Primeur Aubergine 1Kg,MAD,MyMarket
MYM-0007,Primeur Concombre 1 kg,legumes,8.5,Primeur Concombre 1 kg,MAD,MyMarket
MYM-0008,Primeur Persil 1 botte de Sélection,legumes,5.4,Primeur Persil 1 botte de Sélection,MAD,MyMarket
MYM-0009,Primeur Oignon Blanc 1 kg,legumes,9.5,Primeur Oignon Blanc 1 kg,MAD,MyMarket
MYM-0010,Primeur Ail Local Vrac 250g,legumes,29.35,Primeur Ail Local Vrac 250g,MAD,MyMarket
MYM-0011,Primeur Poivron Vert 1 kg,legumes,12.5,Primeur Poivron Vert 1 kg,MAD,MyMarket
MYM-0012,Primeur Menthe Fraiche 1 botte,legumes,6.0,Primeur Menthe Fraiche 1 botte,MAD,MyMarket
MYM-0013,Primeur Coriandre 1 botte de Sélection,legumes,6.18,Primeur Coriandre 1 botte de Sélection,MAD,MyMarket
MYM-0014,Primeur Pomme de Terre Blanche 1Kg,legumes,9.5,Primeur Pomme de Terre Blanche 1Kg,MAD,MyMarket
MYM-0015,Primeur Champignons de Paris Frais 250g,legumes,15.9,Primeur Champignons de Paris Frais 250g,MAD,MyMarket
MYM-0016,Primeur Poivron Rouge 1 kg,legumes,21.0,Primeur Poivron Rouge 1 kg,MAD,MyMarket
MYM-0017,Primeur Pomme de Terre Rouge pour Frites 1Kg,legumes,13.8,Primeur Pomme de Terre Rouge pour Frites 1Kg,MAD,MyMarket
MYM-0018,Primeur Poireaux 1 kg,legumes,24.0,Primeur Poireaux 1 kg,MAD,MyMarket
MYM-0019,Primeur Laitue Coeur de Romaine 1pièce,legumes,7.85,Primeur Laitue Coeur de Romaine 1pièce,MAD,MyMarket
MYM-0020,Primeur Tomate Cerise Local barquette 250g,legumes,13.15,Primeur Tomate Cerise Local barquette 250g,MAD,MyMarket
MYM-0021,Primeur Épinard La Botte,legumes,37.2,Primeur Épinard La Botte,MAD,MyMarket
MYM-0022,Primeur Basilic La Botte,legumes,15.5,Primeur Basilic La Botte,MAD,MyMarket
MYM-0023,Primeur Courge Orange 1KG,legumes,19.0,Primeur Courge Orange 1KG,MAD,MyMarket
MYM-0024,Primeur Pomme de Terre Grenaille 1 kg,legumes,10.9,Primeur Pomme de Terre Grenaille 1 kg,MAD,MyMarket
MYM-0001,de la plus récente à la plus ancienne Primeur Courgette Ronde 1 kg,legumes,18.0,de la plus récente à la plus ancienne Primeur Courgette Ronde 1 kg,MAD,MyMarket
MYM-0002,Primeur Haricot Vert 500g,legumes,9.6,Primeur Haricot Vert 500g,MAD,MyMarket
MYM-0003,Primeur Betterave 1Kg,legumes,8.5,Primeur Betterave 1Kg,MAD,MyMarket
MYM-0004,Primeur Laitue Iceberg 1 pièce,legumes,7.85,Primeur Laitue Iceberg 1 pièce,MAD,MyMarket
MYM-0005,Primeur Poivron Jaune 1 kg,legumes,21.0,Primeur Poivron Jaune 1 kg,MAD,MyMarket
MYM-0006,Primeur Petits Pois 1Kg,legumes,28.8,Primeur Petits Pois 1Kg,MAD,MyMarket
MYM-0007,Primeur Ciboulette 1 botte,legumes,11.5,Primeur Ciboulette 1 botte,MAD,MyMarket
MYM-0008,Primeur Laitue Beldi 1 pièce,legumes,7.85,Primeur Laitue Beldi 1 pièce,MAD,MyMarket
MYM-0009,Mauve Rond 1 kg,legumes,13.2,Mauve Rond 1 kg,MAD,MyMarket
MYM-0010,50 MAD TTC En rupture de stock Primeur Patate Douce 1 kg,legumes,13.1,50 MAD TTC En rupture de stock Primeur Patate Douce 1 kg,MAD,MyMarket
MYM-0011,Primeur Fenouil 1 kg,legumes,17.0,Primeur Fenouil 1 kg,MAD,MyMarket
MYM-0012,Primeur Piment Fort 250g,legumes,4.8,Primeur Piment Fort 250g,MAD,MyMarket
MYM-0013,Primeur Pomme de Terre Rouge 1Kg,legumes,8.5,Primeur Pomme de Terre Rouge 1Kg,MAD,MyMarket
MYM-0014,Primeur Céleri Branche en Botte,legumes,16.85,Primeur Céleri Branche en Botte,MAD,MyMarket
MYM-0015,Primeur Thym 1 botte,legumes,12.5,Primeur Thym 1 botte,MAD,MyMarket
MYM-0016,Primeur Laitue Batavia 1pièce,legumes,7.85,Primeur Laitue Batavia 1pièce,MAD,MyMarket
MYM-0017,20 MAD TTC En rupture de stock Primeur Laitue Feuille de Chêne 1 pièce,legumes,8.95,20 MAD TTC En rupture de stock Primeur Laitue Feuille de Chêne 1 pièce,MAD,MyMarket
MYM-0018,Primeur Romarin 1 botte,legumes,18.6,Primeur Romarin 1 botte,MAD,MyMarket
MYM-0019,Primeur Laitue Frisée 1 pièce,legumes,7.85,Primeur Laitue Frisée 1 pièce,MAD,MyMarket
MYM-0001,50 MAD TTC En rupture de stock Primeur Navet Jaune Rond 1Kg,legumes,13.2,50 MAD TTC En rupture de stock Primeur Navet Jaune Rond 1Kg,MAD,MyMarket
MYM-0002,00 MAD TTC En rupture de stock Primeur Citron Vert 1kg,legumes,23.0,00 MAD TTC En rupture de stock Primeur Citron Vert 1kg,MAD,MyMarket
MYM-0003,90 MAD TTC En rupture de stock Primeur Laitue Vert 1Kg,legumes,7.85,90 MAD TTC En rupture de stock Primeur Laitue Vert 1Kg,MAD,MyMarket
MYM-0004,Primeur Jeunes Pousses d'Épinard Barquette 100g,legumes,50.0,Primeur Jeunes Pousses d'Épinard Barquette 100g,MAD,MyMarket
MYM-0005,Primeur Asperge Botte de 500g,legumes,121.45,Primeur Asperge Botte de 500g,MAD,MyMarket
MYM-0006,Primeur Endives Import 500g,legumes,45.6,Primeur Endives Import 500g,MAD,MyMarket
MYM-0007,94 MAD TTC En rupture de stock Maille Cornichons Extra-Fins Maille 220 g,legumes,109.8,94 MAD TTC En rupture de stock Maille Cornichons Extra-Fins Maille 220 g,MAD,MyMarket
MYM-0008,Primeur Aneth La Botte,legumes,12.5,Primeur Aneth La Botte,MAD,MyMarket
MYM-0009,Jessy's Champion Noir Sachets Jessy 25 g,legumes,26.4,Jessy's Champion Noir Sachets Jessy 25 g,MAD,MyMarket
MYM-0010,Primeur Mesclun Barquette 100g,legumes,17.9,Primeur Mesclun Barquette 100g,MAD,MyMarket
MYM-0011,40 MAD TTC En rupture de stock Primeur Bai De Goji 100 g,legumes,29.0,40 MAD TTC En rupture de stock Primeur Bai De Goji 100 g,MAD,MyMarket
MYM-0012,Dragon Chef Champion Noir Sachets Dragon Chef 25G,legumes,27.3,Dragon Chef Champion Noir Sachets Dragon Chef 25G,MAD,MyMarket
MYM-0013,15 MAD TTC En rupture de stock Harmony Herbes de Provence Harmony 230g,legumes,39.9,15 MAD TTC En rupture de stock Harmony Herbes de Provence Harmony 230g,MAD,MyMarket
MYM-0001,de la plus récente à la plus ancienne Gaya Curry Gaya 220g,legumes,29.95,de la plus récente à la plus ancienne Gaya Curry Gaya 220g,MAD,MyMarket
MYM-0002,Primeur Céleri Rave 1kg,legumes,37.26,Primeur Céleri Rave 1kg,MAD,MyMarket
MYM-0003,40 MAD TTC En rupture de stock Primeur Gingembre Frais 200g,legumes,16.5,40 MAD TTC En rupture de stock Primeur Gingembre Frais 200g,MAD,MyMarket
MYM-0004,45 MAD TTC En rupture de stock Primeur Navet Blanc 1 kg,legumes,13.2,45 MAD TTC En rupture de stock Primeur Navet Blanc 1 kg,MAD,MyMarket
MYM-0005,Primeur Pousses De Betterave Barquette 100g,legumes,16.9,Primeur Pousses De Betterave Barquette 100g,MAD,MyMarket
MYM-0006,95 MAD TTC En rupture de stock Diva Champion Noir Sachets Diva 25G,legumes,20.1,95 MAD TTC En rupture de stock Diva Champion Noir Sachets Diva 25G,MAD,MyMarket
MYM-0007,Primeur Epis de Maïs Doux Cuit 300 g,legumes,23.4,Primeur Epis de Maïs Doux Cuit 300 g,MAD,MyMarket
MYM-0008,34 MAD TTC En rupture de stock Primeur Champignon Portobello 200g,legumes,16.5,34 MAD TTC En rupture de stock Primeur Champignon Portobello 200g,MAD,MyMarket
MYM-0009,34 MAD TTC En rupture de stock Frêlug Carotte Râpée en Barquette Frêlug 200 g,legumes,7.95,34 MAD TTC En rupture de stock Frêlug Carotte Râpée en Barquette Frêlug 200 g,MAD,MyMarket
MYM-0010,Primeur Pois Chiches Cuits 200 g,legumes,12.6,Primeur Pois Chiches Cuits 200 g,MAD,MyMarket
MYM-0011,Primeur Epis de Maïs Doux Cuit 400 g,legumes,19.5,Primeur Epis de Maïs Doux Cuit 400 g,MAD,MyMarket
MYM-0012,Cartier Petits Oignons Marinés Cartier 360 g,legumes,21.8,Cartier Petits Oignons Marinés Cartier 360 g,MAD,MyMarket
MYM-0013,Harmony Oignon Semoule Harmony 380g,legumes,56.9,Harmony Oignon Semoule Harmony 380g,MAD,MyMarket
MYM-0014,Basilic Saint Eloi 1L,legumes,31.15,Basilic Saint Eloi 1L,MAD,MyMarket
MYM-0015,Saint Eloi Velouté de 10 Légumes à la Crème Saint Eloi 1L,legumes,38.35,Saint Eloi Velouté de 10 Légumes à la Crème Saint Eloi 1L,MAD,MyMarket
MYM-0001,de la plus récente à la plus ancienne Primeur Banane Import 1Kg,fruits,25.3,de la plus récente à la plus ancienne Primeur Banane Import 1Kg,MAD,MyMarket
MYM-0002,Primeur Kiwi Import 1Kg,fruits,74.9,Primeur Kiwi Import 1Kg,MAD,MyMarket
MYM-0003,Primeur Orange à jus 1kg,fruits,12.4,Primeur Orange à jus 1kg,MAD,MyMarket
MYM-0004,Primeur Pomme Golden Import 1 kg,fruits,45.0,Primeur Pomme Golden Import 1 kg,MAD,MyMarket
MYM-0005,Primeur Mangue 1 Pièce,fruits,15.1,Primeur Mangue 1 Pièce,MAD,MyMarket
MYM-0006,Primeur Fraise Barquette 300 g,fruits,26.3,Primeur Fraise Barquette 300 g,MAD,MyMarket
MYM-0007,Primeur Framboise Barquette 125 g,fruits,20.3,Primeur Framboise Barquette 125 g,MAD,MyMarket
MYM-0008,25 MAD TTC En rupture de stock Primeur Pomme Granny Smith 1 kg,fruits,57.6,25 MAD TTC En rupture de stock Primeur Pomme Granny Smith 1 kg,MAD,MyMarket
MYM-0009,00 MAD TTC En rupture de stock DENIA Pistache Grillée Denia 80g,fruits,23.28,00 MAD TTC En rupture de stock DENIA Pistache Grillée Denia 80g,MAD,MyMarket
MYM-0010,40 MAD TTC En rupture de stock Primeur Dattes de Tunisie 1kg,fruits,49.95,40 MAD TTC En rupture de stock Primeur Dattes de Tunisie 1kg,MAD,MyMarket
MYM-0011,Primeur Pamplemousse 1 kg,fruits,23.5,Primeur Pamplemousse 1 kg,MAD,MyMarket
MYM-0012,Primeur Avocat Hass 1Kg,fruits,64.75,Primeur Avocat Hass 1Kg,MAD,MyMarket
MYM-0013,DENIA Royal Mix Denia 80g,fruits,19.6,DENIA Royal Mix Denia 80g,MAD,MyMarket
MYM-0014,Primeur Poire Local 1Kg,fruits,44.0,Primeur Poire Local 1Kg,MAD,MyMarket
MYM-0015,Primeur Pomme Rouge Import 1 kg,fruits,50.5,Primeur Pomme Rouge Import 1 kg,MAD,MyMarket
MYM-0016,Salée Denia 80g,fruits,23.67,Salée Denia 80g,MAD,MyMarket
MYM-0017,Primeur Noix demi chili 500g,fruits,77.69,Primeur Noix demi chili 500g,MAD,MyMarket
MYM-0018,Primeur Dattes lulu 1kg,fruits,62.0,Primeur Dattes lulu 1kg,MAD,MyMarket
MYM-0019,Primeur Pomme Gala Royale Importée 1kg,fruits,37.5,Primeur Pomme Gala Royale Importée 1kg,MAD,MyMarket
MYM-0001,de la plus récente à la plus ancienne Primeur Banane Import 1Kg,fruits,25.3,de la plus récente à la plus ancienne Primeur Banane Import 1Kg,MAD,MyMarket
MYM-0002,Primeur Kiwi Import 1Kg,fruits,74.9,Primeur Kiwi Import 1Kg,MAD,MyMarket
MYM-0003,Primeur Orange à jus 1kg,fruits,12.4,Primeur Orange à jus 1kg,MAD,MyMarket
MYM-0004,Primeur Pomme Golden Import 1 kg,fruits,45.0,Primeur Pomme Golden Import 1 kg,MAD,MyMarket
MYM-0005,Primeur Mangue 1 Pièce,fruits,15.1,Primeur Mangue 1 Pièce,MAD,MyMarket
MYM-0006,Primeur Fraise Barquette 300 g,fruits,26.3,Primeur Fraise Barquette 300 g,MAD,MyMarket
MYM-0007,Primeur Framboise Barquette 125 g,fruits,20.3,Primeur Framboise Barquette 125 g,MAD,MyMarket
MYM-0008,25 MAD TTC En rupture de stock Primeur Pomme Granny Smith 1 kg,fruits,57.6,25 MAD TTC En rupture de stock Primeur Pomme Granny Smith 1 kg,MAD,MyMarket
MYM-0009,00 MAD TTC En rupture de stock DENIA Pistache Grillée Denia 80g,fruits,23.28,00 MAD TTC En rupture de stock DENIA Pistache Grillée Denia 80g,MAD,MyMarket
MYM-0010,40 MAD TTC En rupture de stock Primeur Dattes de Tunisie 1kg,fruits,49.95,40 MAD TTC En rupture de stock Primeur Dattes de Tunisie 1kg,MAD,MyMarket
MYM-0011,Primeur Pamplemousse 1 kg,fruits,23.5,Primeur Pamplemousse 1 kg,MAD,MyMarket
MYM-0012,Primeur Avocat Hass 1Kg,fruits,64.75,Primeur Avocat Hass 1Kg,MAD,MyMarket
MYM-0013,DENIA Royal Mix Denia 80g,fruits,19.6,DENIA Royal Mix Denia 80g,MAD,MyMarket
MYM-0014,Primeur Poire Local 1Kg,fruits,44.0,Primeur Poire Local 1Kg,MAD,MyMarket
MYM-0015,Primeur Pomme Rouge Import 1 kg,fruits,50.5,Primeur Pomme Rouge Import 1 kg,MAD,MyMarket
MYM-0016,Salée Denia 80g,fruits,23.67,Salée Denia 80g,MAD,MyMarket
MYM-0017,Primeur Noix demi chili 500g,fruits,77.69,Primeur Noix demi chili 500g,MAD,MyMarket
MYM-0018,Primeur Dattes lulu 1kg,fruits,62.0,Primeur Dattes lulu 1kg,MAD,MyMarket
MYM-0019,Primeur Pomme Gala Royale Importée 1kg,fruits,37.5,Primeur Pomme Gala Royale Importée 1kg,MAD,MyMarket
MYM-0001,de la plus récente à la plus ancienne Primeur Dattes Algérie 1 kg,fruits,74.52,de la plus récente à la plus ancienne Primeur Dattes Algérie 1 kg,MAD,MyMarket
MYM-0002,Primeur Noix de pécan 500g,fruits,78.0,Primeur Noix de pécan 500g,MAD,MyMarket
MYM-0003,Primeur Datte Medjhool 1kg,fruits,175.4,Primeur Datte Medjhool 1kg,MAD,MyMarket
MYM-0004,Primeur Noix de cajou naturelle 500g,fruits,83.48,Primeur Noix de cajou naturelle 500g,MAD,MyMarket
MYM-0005,Primeur Pignons de pin 100g,fruits,69.0,Primeur Pignons de pin 100g,MAD,MyMarket
MYM-0006,90 MAD TTC En rupture de stock Primeur Noisette naturelle 500g,fruits,105.0,90 MAD TTC En rupture de stock Primeur Noisette naturelle 500g,MAD,MyMarket
MYM-0007,Primeur Myrtille barquette 125g,fruits,54.0,Primeur Myrtille barquette 125g,MAD,MyMarket
MYM-0008,Oncle Sam Raisins Secs Oncle Sam 250g,fruits,27.05,Oncle Sam Raisins Secs Oncle Sam 250g,MAD,MyMarket
MYM-0009,Primeur Cacahuètes grillées 1kg,fruits,91.0,Primeur Cacahuètes grillées 1kg,MAD,MyMarket
MYM-0010,Primeur Pistache sans peau 100g,fruits,39.57,Primeur Pistache sans peau 100g,MAD,MyMarket
MYM-0011,Primeur Chia noir 500g,fruits,65.0,Primeur Chia noir 500g,MAD,MyMarket
MYM-0012,Primeur Noix de bresil 100g,fruits,45.6,Primeur Noix de bresil 100g,MAD,MyMarket
MYM-0013,50 MAD TTC En rupture de stock Primeur Amande Grillée 1Kg,fruits,234.6,50 MAD TTC En rupture de stock Primeur Amande Grillée 1Kg,MAD,MyMarket
MYM-0014,Rosana Pruneaux Secs Rosana 250g,fruits,42.6,Rosana Pruneaux Secs Rosana 250g,MAD,MyMarket
MYM-0015,Primeur Macadamia 100g,fruits,55.3,Primeur Macadamia 100g,MAD,MyMarket
MYM-0016,00 MAD TTC En rupture de stock Primeur Graines de tournesol 500g,fruits,65.0,00 MAD TTC En rupture de stock Primeur Graines de tournesol 500g,MAD,MyMarket
MYM-0017,Primeur Abricots secs 1kg,fruits,298.68,Primeur Abricots secs 1kg,MAD,MyMarket
MYM-0001,de la plus récente à la plus ancienne Primeur Abricots secs 1kg,fruits,298.68,de la plus récente à la plus ancienne Primeur Abricots secs 1kg,MAD,MyMarket
MYM-0002,Primeur Quinoa blanc 500g,fruits,42.0,Primeur Quinoa blanc 500g,MAD,MyMarket
MYM-0003,Primeur Mure Barquette 125gr,fruits,25.08,Primeur Mure Barquette 125gr,MAD,MyMarket
MYM-0004,80 MAD TTC En rupture de stock Primeur Noix en coquille USA 500g,fruits,83.48,80 MAD TTC En rupture de stock Primeur Noix en coquille USA 500g,MAD,MyMarket
MYM-0005,Oignon Denia 80g,fruits,28.19,Oignon Denia 80g,MAD,MyMarket
MYM-0006,Primeur Quinoa rouge et noir 500g,fruits,72.0,Primeur Quinoa rouge et noir 500g,MAD,MyMarket
MYM-0007,Du Chef Amande Entière Roussi Du Chef 1Kg,fruits,180.0,Du Chef Amande Entière Roussi Du Chef 1Kg,MAD,MyMarket
MYM-0008,Al Badr Dattes Deglet Nour de Tunisie Al Badr 1 Kg,fruits,60.0,Al Badr Dattes Deglet Nour de Tunisie Al Badr 1 Kg,MAD,MyMarket
MYM-0009,Du chef Raisin Golden 1Kg,fruits,80.0,Du chef Raisin Golden 1Kg,MAD,MyMarket
MYM-0010,00 MAD TTC En rupture de stock Primeur Figues séchées 1Kg,fruits,135.0,00 MAD TTC En rupture de stock Primeur Figues séchées 1Kg,MAD,MyMarket
MYM-0011,Primeur Poichiche salé 500g,fruits,36.0,Primeur Poichiche salé 500g,MAD,MyMarket
MYM-0012,00 MAD TTC En rupture de stock Du Chef Raisin Sec Normal 1Kg,fruits,47.12,00 MAD TTC En rupture de stock Du Chef Raisin Sec Normal 1Kg,MAD,MyMarket
MYM-0013,Du Chef Noix Décortiquées Du Chef 500g,fruits,100.0,Du Chef Noix Décortiquées Du Chef 500g,MAD,MyMarket
MYM-0014,Primeur Graines de citrouille 1kg,fruits,84.11,Primeur Graines de citrouille 1kg,MAD,MyMarket
MYM-0015,Primeur Avocat Zutano 1Kg,fruits,45.0,Primeur Avocat Zutano 1Kg,MAD,MyMarket
MYM-0016,Primeur Datte Deglet Tunisienne 1kg,fruits,49.0,Primeur Datte Deglet Tunisienne 1kg,MAD,MyMarket
MYM-0017,Primeur Tomates allongés 250G,fruits,16.5,Primeur Tomates allongés 250G,MAD,MyMarket
MYM-0018,Du Chef Pack Fruits Secs 4 Produits,fruits,459.0,Du Chef Pack Fruits Secs 4 Produits,MAD,MyMarket
MYM-0019,Primeur Poire Williams 1kg,fruits,42.0,Primeur Poire Williams 1kg,MAD,MyMarket
MYM-0001,de la plus récente à la plus ancienne Primeur Poichiche non salé 500g,fruits,29.96,de la plus récente à la plus ancienne Primeur Poichiche non salé 500g,MAD,MyMarket
MYM-0002,Fancy Pistaches Grillées Salées Fancy 125g,fruits,55.15,Fancy Pistaches Grillées Salées Fancy 125g,MAD,MyMarket
MYM-0003,Fancy Pépites Blanches Fancy 150g,fruits,44.35,Fancy Pépites Blanches Fancy 150g,MAD,MyMarket
MYM-0004,00 MAD TTC En rupture de stock Primeur Chia blanche 500g,fruits,65.0,00 MAD TTC En rupture de stock Primeur Chia blanche 500g,MAD,MyMarket
MYM-0005,00 MAD TTC En rupture de stock Du Chef Noisette Décortiques Du Chef 1kg,fruits,232.0,00 MAD TTC En rupture de stock Du Chef Noisette Décortiques Du Chef 1kg,MAD,MyMarket
MYM-0006,Primeur Prune Impore 1kg,fruits,123.54,Primeur Prune Impore 1kg,MAD,MyMarket
MYM-0007,82 MAD TTC En rupture de stock Fancy Noix de Cajou Grillées et Salées Fancy 125g,fruits,46.75,82 MAD TTC En rupture de stock Fancy Noix de Cajou Grillées et Salées Fancy 125g,MAD,MyMarket
MYM-0008,Primeur Poire Conférence 1kg,fruits,50.28,Primeur Poire Conférence 1kg,MAD,MyMarket
MYM-0009,00 MAD TTC En rupture de stock Fancy Noix de Cajou Fumées Fancy 125g,fruits,53.95,00 MAD TTC En rupture de stock Fancy Noix de Cajou Fumées Fancy 125g,MAD,MyMarket
MYM-0010,Fancy Cacahuètes Enrobées Goût Pizza Fancy 120g,fruits,22.75,Fancy Cacahuètes Enrobées Goût Pizza Fancy 120g,MAD,MyMarket
MYM-0011,Fancy Cacahuètes Enrobées au Thym Fancy 120g,fruits,22.75,Fancy Cacahuètes Enrobées au Thym Fancy 120g,MAD,MyMarket
MYM-0012,Fancy Super Extra Mix Fancy 200g,fruits,55.15,Fancy Super Extra Mix Fancy 200g,MAD,MyMarket
MYM-0013,Fancy Pépites Noires Fancy 120g,fruits,22.75,Fancy Pépites Noires Fancy 120g,MAD,MyMarket
MYM-0014,Fancy Cacahuètes Enrobées Goût Barbecue Fancy 120g,fruits,22.75,Fancy Cacahuètes Enrobées Goût Barbecue Fancy 120g,MAD,MyMarket
MYM-0015,Fancy Cacahuètes Enrobées au Maïs Fancy 120g,fruits,22.75,Fancy Cacahuètes Enrobées au Maïs Fancy 120g,MAD,MyMarket
MYM-0016,Fancy Cacahuètes Enrobées au Fromage Fancy 120g,fruits,22.75,Fancy Cacahuètes Enrobées au Fromage Fancy 120g,MAD,MyMarket
MYM-0017,Fancy Cacahuètes enrobées au chili 120g Fancy,fruits,22.75,Fancy Cacahuètes enrobées au chili 120g Fancy,MAD,MyMarket
MYM-0001,Ain Atlas Eau Minérale Naturelle Ain Atlas 2x5L,boissons,25.0,Ain Atlas Eau Minérale Naturelle Ain Atlas 2x5L,MAD,MyMarket
MYM-0002,Sidi Ali Eau minéral naturelle Sidi Ali 12x50cl,boissons,34.99,Sidi Ali Eau minéral naturelle Sidi Ali 12x50cl,MAD,MyMarket
MYM-0003,Sidi Ali Eau minéral naturelle Sidi Ali 12x33cl,boissons,22.5,Sidi Ali Eau minéral naturelle Sidi Ali 12x33cl,MAD,MyMarket
MYM-0004,Ain Ifrane Eau Minérale Naturelle Ain lfrane 2x5L,boissons,25.0,Ain Ifrane Eau Minérale Naturelle Ain lfrane 2x5L,MAD,MyMarket
MYM-0005,00 MAD TTC En rupture de stock Oulmes Eau Minérale Naturellement Gazeuse Oulmes 12 x 33cl,boissons,54.5,00 MAD TTC En rupture de stock Oulmes Eau Minérale Naturellement Gazeuse Oulmes 12 x 33cl,MAD,MyMarket
MYM-0006,Oulmes Eau Minérale Naturellement Gazeuse Oulmes 6x1L,boissons,43.8,Oulmes Eau Minérale Naturellement Gazeuse Oulmes 6x1L,MAD,MyMarket
MYM-0007,cocacola Coca Cola Zéro 25 CL,boissons,4.9,cocacola Coca Cola Zéro 25 CL,MAD,MyMarket
MYM-0008,Sidi Ali Eau minéral naturelle Sidi Ali 4x2L,boissons,21.9,Sidi Ali Eau minéral naturelle Sidi Ali 4x2L,MAD,MyMarket
MYM-0009,cocacola Coca Cola Zéro 1l,boissons,8.5,cocacola Coca Cola Zéro 1l,MAD,MyMarket
MYM-0010,Ain Ifrane Eau Minérale Naturelle Ain Ifrane 12x50 cl,boissons,35.0,Ain Ifrane Eau Minérale Naturelle Ain Ifrane 12x50 cl,MAD,MyMarket
MYM-0011,cocacola Coca Cola Classique Canette 25cl,boissons,5.5,cocacola Coca Cola Classique Canette 25cl,MAD,MyMarket
MYM-0012,Oulmes Eau Minérale Naturellement Gazeuse Oulmes 12x50cl,boissons,61.8,Oulmes Eau Minérale Naturellement Gazeuse Oulmes 12x50cl,MAD,MyMarket
MYM-0013,cocacola Coca cola Zero 50CL,boissons,6.33,cocacola Coca cola Zero 50CL,MAD,MyMarket
MYM-0014,hawaii Hawaii Tropical 1l,boissons,10.5,hawaii Hawaii Tropical 1l,MAD,MyMarket
MYM-0015,Ain Atlas Eau Minérale Naturelle Ain Atlas 12 x 33 CL,boissons,25.0,Ain Atlas Eau Minérale Naturelle Ain Atlas 12 x 33 CL,MAD,MyMarket
MYM-0016,cocacola Coca cola 50CL,boissons,6.2,cocacola Coca cola 50CL,MAD,MyMarket
MYM-0017,Schweppes Schweppes Tonic Canette 33cl,boissons,8.6,Schweppes Schweppes Tonic Canette 33cl,MAD,MyMarket
MYM-0018,cocacola Coca Cola Original 1L,boissons,9.2,cocacola Coca Cola Original 1L,MAD,MyMarket
MYM-0019,Schweppes Schweppes Tonic 90cl,boissons,13.5,Schweppes Schweppes Tonic 90cl,MAD,MyMarket
MYM-0001,Ain Atlas Eau Minérale Naturelle Ain Atlas 2x5L,boissons,25.0,Ain Atlas Eau Minérale Naturelle Ain Atlas 2x5L,MAD,MyMarket
MYM-0002,Sidi Ali Eau minéral naturelle Sidi Ali 12x50cl,boissons,34.99,Sidi Ali Eau minéral naturelle Sidi Ali 12x50cl,MAD,MyMarket
MYM-0003,Sidi Ali Eau minéral naturelle Sidi Ali 12x33cl,boissons,22.5,Sidi Ali Eau minéral naturelle Sidi Ali 12x33cl,MAD,MyMarket
MYM-0004,Ain Ifrane Eau Minérale Naturelle Ain lfrane 2x5L,boissons,25.0,Ain Ifrane Eau Minérale Naturelle Ain lfrane 2x5L,MAD,MyMarket
MYM-0005,00 MAD TTC En rupture de stock Oulmes Eau Minérale Naturellement Gazeuse Oulmes 12 x 33cl,boissons,54.5,00 MAD TTC En rupture de stock Oulmes Eau Minérale Naturellement Gazeuse Oulmes 12 x 33cl,MAD,MyMarket
MYM-0006,Oulmes Eau Minérale Naturellement Gazeuse Oulmes 6x1L,boissons,43.8,Oulmes Eau Minérale Naturellement Gazeuse Oulmes 6x1L,MAD,MyMarket
MYM-0007,cocacola Coca Cola Zéro 25 CL,boissons,4.9,cocacola Coca Cola Zéro 25 CL,MAD,MyMarket
MYM-0008,Sidi Ali Eau minéral naturelle Sidi Ali 4x2L,boissons,21.9,Sidi Ali Eau minéral naturelle Sidi Ali 4x2L,MAD,MyMarket
MYM-0009,cocacola Coca Cola Zéro 1l,boissons,8.5,cocacola Coca Cola Zéro 1l,MAD,MyMarket
MYM-0010,Ain Ifrane Eau Minérale Naturelle Ain Ifrane 12x50 cl,boissons,35.0,Ain Ifrane Eau Minérale Naturelle Ain Ifrane 12x50 cl,MAD,MyMarket
MYM-0011,cocacola Coca Cola Classique Canette 25cl,boissons,5.5,cocacola Coca Cola Classique Canette 25cl,MAD,MyMarket
MYM-0012,Oulmes Eau Minérale Naturellement Gazeuse Oulmes 12x50cl,boissons,61.8,Oulmes Eau Minérale Naturellement Gazeuse Oulmes 12x50cl,MAD,MyMarket
MYM-0013,cocacola Coca cola Zero 50CL,boissons,6.33,cocacola Coca cola Zero 50CL,MAD,MyMarket
MYM-0014,hawaii Hawaii Tropical 1l,boissons,10.5,hawaii Hawaii Tropical 1l,MAD,MyMarket
MYM-0015,Ain Atlas Eau Minérale Naturelle Ain Atlas 12 x 33 CL,boissons,25.0,Ain Atlas Eau Minérale Naturelle Ain Atlas 12 x 33 CL,MAD,MyMarket
MYM-0016,cocacola Coca cola 50CL,boissons,6.2,cocacola Coca cola 50CL,MAD,MyMarket
MYM-0017,Schweppes Schweppes Tonic Canette 33cl,boissons,8.6,Schweppes Schweppes Tonic Canette 33cl,MAD,MyMarket
MYM-0018,cocacola Coca Cola Original 1L,boissons,9.2,cocacola Coca Cola Original 1L,MAD,MyMarket
MYM-0019,Schweppes Schweppes Tonic 90cl,boissons,13.5,Schweppes Schweppes Tonic 90cl,MAD,MyMarket
MYM-0001,de la plus récente à la plus ancienne POM'S Poms 1L,boissons,10.6,de la plus récente à la plus ancienne POM'S Poms 1L,MAD,MyMarket
MYM-0002,10 MAD TTC En rupture de stock RedBull Boisson Energétique Red Bull Canette 25cl,boissons,23.0,10 MAD TTC En rupture de stock RedBull Boisson Energétique Red Bull Canette 25cl,MAD,MyMarket
MYM-0003,50 MAD TTC En rupture de stock cocacola Schweppes citron 50CL,boissons,7.68,50 MAD TTC En rupture de stock cocacola Schweppes citron 50CL,MAD,MyMarket
MYM-0004,Sprite Sprite 50CL,boissons,6.0,Sprite Sprite 50CL,MAD,MyMarket
MYM-0005,cocacola Coca Cola Classique Canette 33cl,boissons,9.85,cocacola Coca Cola Classique Canette 33cl,MAD,MyMarket
MYM-0006,Orangina Orangina 50cl,boissons,7.34,Orangina Orangina 50cl,MAD,MyMarket
MYM-0007,Rani Pulpy Jus Orange Rani Pulpy 1L,boissons,13.2,Rani Pulpy Jus Orange Rani Pulpy 1L,MAD,MyMarket
MYM-0008,Orangina Orangina Canette 25cl,boissons,4.5,Orangina Orangina Canette 25cl,MAD,MyMarket
MYM-0009,cocacola Hawai Tropical 50CL,boissons,6.5,cocacola Hawai Tropical 50CL,MAD,MyMarket
MYM-0010,cocacola Poms 50 CL,boissons,7.68,cocacola Poms 50 CL,MAD,MyMarket
MYM-0011,cocacola Coca Cola Zéro Canette 33cl,boissons,7.2,cocacola Coca Cola Zéro Canette 33cl,MAD,MyMarket
MYM-0012,88 MAD TTC En rupture de stock Oulmes Eau Minérale Naturellement Gazeuse Oulmes Légère 6x1L,boissons,39.95,88 MAD TTC En rupture de stock Oulmes Eau Minérale Naturellement Gazeuse Oulmes Légère 6x1L,MAD,MyMarket
MYM-0013,Ain Atlas Eau Minérale Naturelle Ain Atlas 12x50cl,boissons,36.0,Ain Atlas Eau Minérale Naturelle Ain Atlas 12x50cl,MAD,MyMarket
MYM-0014,Sprite Boisson Gazeuse Sprite 1L,boissons,9.5,Sprite Boisson Gazeuse Sprite 1L,MAD,MyMarket
MYM-0015,cocacola Fanta orange 1L,boissons,8.4,cocacola Fanta orange 1L,MAD,MyMarket
MYM-0016,40 MAD TTC En rupture de stock Oulmes Eau Minérale Naturellement Gazeuse Oulmes 25CL Verre,boissons,4.5,40 MAD TTC En rupture de stock Oulmes Eau Minérale Naturellement Gazeuse Oulmes 25CL Verre,MAD,MyMarket
MYM-0001,Rauch Thé Glacé Pêche Rauch 1L,boissons,23.0,Rauch Thé Glacé Pêche Rauch 1L,MAD,MyMarket
MYM-0002,cocacola Schweppes Citron 1L,boissons,113.5,cocacola Schweppes Citron 1L,MAD,MyMarket
MYM-0003,Burn Boisson Energétique Burn Canette 25cl,boissons,12.48,Burn Boisson Energétique Burn Canette 25cl,MAD,MyMarket
MYM-0004,Lipton Lipton Ice Tea pêche 50cl,boissons,5.9,Lipton Lipton Ice Tea pêche 50cl,MAD,MyMarket
MYM-0005,Oulmes Eau Gazeuse Aromatisées Mojito Oulmes 25cl verre,boissons,7.9,Oulmes Eau Gazeuse Aromatisées Mojito Oulmes 25cl verre,MAD,MyMarket
MYM-0006,50 MAD TTC En rupture de stock Pepsi Eau de Table Aquafina 12 x 33cl,boissons,22.2,50 MAD TTC En rupture de stock Pepsi Eau de Table Aquafina 12 x 33cl,MAD,MyMarket
MYM-0007,Teisseire Sirop de Citron Teisseire 600ml,boissons,95.0,Teisseire Sirop de Citron Teisseire 600ml,MAD,MyMarket
MYM-0008,Oulmes Eau Minérale Naturellement Gazeuse Oulmes Légère 12x50cl,boissons,55.0,Oulmes Eau Minérale Naturellement Gazeuse Oulmes Légère 12x50cl,MAD,MyMarket
MYM-0009,Lipton Lipton Ice Tea Saveur Peche 330ml,boissons,8.05,Lipton Lipton Ice Tea Saveur Peche 330ml,MAD,MyMarket
MYM-0010,88 MAD TTC En rupture de stock Orangina Orangina Zéro 1L,boissons,10.77,88 MAD TTC En rupture de stock Orangina Orangina Zéro 1L,MAD,MyMarket
MYM-0011,50 MAD TTC En rupture de stock Teisseire Sirop de Menthe Teisseire 600ml,boissons,75.0,50 MAD TTC En rupture de stock Teisseire Sirop de Menthe Teisseire 600ml,MAD,MyMarket
MYM-0012,Pepsi Eau de Table Aquafina 12 x 50cl,boissons,29.95,Pepsi Eau de Table Aquafina 12 x 50cl,MAD,MyMarket
MYM-0013,Teisseire Sirop de Pêche Teisseire 600ml,boissons,95.4,Teisseire Sirop de Pêche Teisseire 600ml,MAD,MyMarket
MYM-0001,de la plus récente à la plus ancienne Bavaria Boisson Sans Alcool Premium Original Bavaria 33cl,boissons,29.4,de la plus récente à la plus ancienne Bavaria Boisson Sans Alcool Premium Original Bavaria 33cl,MAD,MyMarket
MYM-0002,Bavaria Boisson Sans Alcool Pomme Bavaria 33cl,boissons,29.4,Bavaria Boisson Sans Alcool Pomme Bavaria 33cl,MAD,MyMarket
MYM-0003,Bavaria Boisson Sans Alcool Fraise Bavaria 33cl,boissons,29.4,Bavaria Boisson Sans Alcool Fraise Bavaria 33cl,MAD,MyMarket
MYM-0004,Bavaria Boisson Sans Alcool Citron Bavaria 33cl,boissons,29.4,Bavaria Boisson Sans Alcool Citron Bavaria 33cl,MAD,MyMarket
MYM-0005,hawaii Hawai Tropical Canette 33cl,boissons,9.85,hawaii Hawai Tropical Canette 33cl,MAD,MyMarket
MYM-0006,ma Carte Cadeau MyMarket,boissons,300.0,ma Carte Cadeau MyMarket,MAD,MyMarket
MYM-0007,Chergui Yaourt Sport À Boire Protéiné 36g Mangue Chergui 450ml,boissons,23.99,Chergui Yaourt Sport À Boire Protéiné 36g Mangue Chergui 450ml,MAD,MyMarket
MYM-0008,50 MAD TTC En rupture de stock Teisseire Sirop de Fruit de la Passion Teisseire 600ml,boissons,96.0,50 MAD TTC En rupture de stock Teisseire Sirop de Fruit de la Passion Teisseire 600ml,MAD,MyMarket
MYM-0009,00 MAD TTC En rupture de stock Chergui Yaourt Sport À Boire Protéiné 36g Vanille Chergui 450ml,boissons,23.99,00 MAD TTC En rupture de stock Chergui Yaourt Sport À Boire Protéiné 36g Vanille Chergui 450ml,MAD,MyMarket
MYM-0010,cocacola Fanta Orange 50CL,boissons,6.6,cocacola Fanta Orange 50CL,MAD,MyMarket
MYM-0011,Bavaria Boisson Sans Alcool Pêche Bavaria 33cl,boissons,29.4,Bavaria Boisson Sans Alcool Pêche Bavaria 33cl,MAD,MyMarket
MYM-0012,Mondariz Eau Minéral Mondariz 50cl,boissons,4.3,Mondariz Eau Minéral Mondariz 50cl,MAD,MyMarket
MYM-0013,Sucre 600ml,boissons,95.85,Sucre 600ml,MAD,MyMarket
MYM-0001,Spring Home surgelées 500g,surgeles,70.0,Spring Home surgelées 500g,MAD,MyMarket
MYM-0002,40 MAD TTC En rupture de stock Glace GLACONS ALIMENTAIRE 1 KG,surgeles,10.2,40 MAD TTC En rupture de stock Glace GLACONS ALIMENTAIRE 1 KG,MAD,MyMarket
MYM-0003,King Génération Nuggets de Poulet Pané Surgelé King Génération 300 g,surgeles,45.95,King Génération Nuggets de Poulet Pané Surgelé King Génération 300 g,MAD,MyMarket
MYM-0004,King Génération Cordon Bleu de Poulet Surgelé King Génération 400 g,surgeles,57.45,King Génération Cordon Bleu de Poulet Surgelé King Génération 400 g,MAD,MyMarket
MYM-0005,King Génération Steak de Poulet Pané Surgelé King Génération 340 g,surgeles,48.0,King Génération Steak de Poulet Pané Surgelé King Génération 340 g,MAD,MyMarket
MYM-0006,Oetker 385 g,surgeles,63.2,Oetker 385 g,MAD,MyMarket
MYM-0007,Oetker 365 g,surgeles,63.2,Oetker 365 g,MAD,MyMarket
MYM-0008,Oetker 340 g,surgeles,63.2,Oetker 340 g,MAD,MyMarket
MYM-0009,Goldy PÂTE BRISÉE Surgelé Goldy 500g,surgeles,22.99,Goldy PÂTE BRISÉE Surgelé Goldy 500g,MAD,MyMarket
MYM-0010,95 MAD TTC En rupture de stock Magnum Bâtonnet de Glace Double Caramel Magnum 73 g,surgeles,20.7,95 MAD TTC En rupture de stock Magnum Bâtonnet de Glace Double Caramel Magnum 73 g,MAD,MyMarket
MYM-0011,Häagen-Dazs Pot de Glace Fromage Fraise Cake Häagen-Dazs 500ml,surgeles,117.0,Häagen-Dazs Pot de Glace Fromage Fraise Cake Häagen-Dazs 500ml,MAD,MyMarket
MYM-0012,Les Domaines Filet de Saumon Fumé Les Domaines 100g,surgeles,101.94,Les Domaines Filet de Saumon Fumé Les Domaines 100g,MAD,MyMarket
MYM-0013,Vossko Cordon Bleu de Poulet Pané Vossko Halal Surgelé 260 G,surgeles,32.34,Vossko Cordon Bleu de Poulet Pané Vossko Halal Surgelé 260 G,MAD,MyMarket
MYM-0014,Vossko Escalope De Poulet Pané Surgelè Halal Vossko Surgelè,surgeles,31.14,Vossko Escalope De Poulet Pané Surgelè Halal Vossko Surgelè,MAD,MyMarket
MYM-0015,Perdix Burger de Poulet Pane Perdix Surgelè 360 G,surgeles,37.23,Perdix Burger de Poulet Pane Perdix Surgelè 360 G,MAD,MyMarket
MYM-0001,Spring Home surgelées 500g,surgeles,70.0,Spring Home surgelées 500g,MAD,MyMarket
MYM-0002,40 MAD TTC En rupture de stock Glace GLACONS ALIMENTAIRE 1 KG,surgeles,10.2,40 MAD TTC En rupture de stock Glace GLACONS ALIMENTAIRE 1 KG,MAD,MyMarket
MYM-0003,King Génération Nuggets de Poulet Pané Surgelé King Génération 300 g,surgeles,45.95,King Génération Nuggets de Poulet Pané Surgelé King Génération 300 g,MAD,MyMarket
MYM-0004,King Génération Cordon Bleu de Poulet Surgelé King Génération 400 g,surgeles,57.45,King Génération Cordon Bleu de Poulet Surgelé King Génération 400 g,MAD,MyMarket
MYM-0005,King Génération Steak de Poulet Pané Surgelé King Génération 340 g,surgeles,48.0,King Génération Steak de Poulet Pané Surgelé King Génération 340 g,MAD,MyMarket
MYM-0006,Oetker 385 g,surgeles,63.2,Oetker 385 g,MAD,MyMarket
MYM-0007,Oetker 365 g,surgeles,63.2,Oetker 365 g,MAD,MyMarket
MYM-0008,Oetker 340 g,surgeles,63.2,Oetker 340 g,MAD,MyMarket
MYM-0009,Goldy PÂTE BRISÉE Surgelé Goldy 500g,surgeles,22.99,Goldy PÂTE BRISÉE Surgelé Goldy 500g,MAD,MyMarket
MYM-0010,95 MAD TTC En rupture de stock Magnum Bâtonnet de Glace Double Caramel Magnum 73 g,surgeles,20.7,95 MAD TTC En rupture de stock Magnum Bâtonnet de Glace Double Caramel Magnum 73 g,MAD,MyMarket
MYM-0011,Häagen-Dazs Pot de Glace Fromage Fraise Cake Häagen-Dazs 500ml,surgeles,117.0,Häagen-Dazs Pot de Glace Fromage Fraise Cake Häagen-Dazs 500ml,MAD,MyMarket
MYM-0012,Les Domaines Filet de Saumon Fumé Les Domaines 100g,surgeles,101.94,Les Domaines Filet de Saumon Fumé Les Domaines 100g,MAD,MyMarket
MYM-0013,Vossko Cordon Bleu de Poulet Pané Vossko Halal Surgelé 260 G,surgeles,32.34,Vossko Cordon Bleu de Poulet Pané Vossko Halal Surgelé 260 G,MAD,MyMarket
MYM-0014,Vossko Escalope De Poulet Pané Surgelè Halal Vossko Surgelè,surgeles,31.14,Vossko Escalope De Poulet Pané Surgelè Halal Vossko Surgelè,MAD,MyMarket
MYM-0015,Perdix Burger de Poulet Pane Perdix Surgelè 360 G,surgeles,37.23,Perdix Burger de Poulet Pane Perdix Surgelè 360 G,MAD,MyMarket
MYM-0001,40 MAD TTC En rupture de stock Le Poissonnier Filet De Panga Surgelé 800 g,surgeles,44.8,40 MAD TTC En rupture de stock Le Poissonnier Filet De Panga Surgelé 800 g,MAD,MyMarket
MYM-0002,Gourmet's Club Batonnet De Poisson Ail gourmet's 240 g,surgeles,39.54,Gourmet's Club Batonnet De Poisson Ail gourmet's 240 g,MAD,MyMarket
MYM-0003,94 MAD TTC En rupture de stock Goldy Pâte Sablée Surgelée Goldy 500G,surgeles,24.6,94 MAD TTC En rupture de stock Goldy Pâte Sablée Surgelée Goldy 500G,MAD,MyMarket
MYM-0004,54 MAD TTC En rupture de stock King Génération Escalope de Poulet Pané Surgelé King Génération 320 g,surgeles,44.45,54 MAD TTC En rupture de stock King Génération Escalope de Poulet Pané Surgelé King Génération 320 g,MAD,MyMarket
MYM-0005,Glace GLACONS ALIMENTAIRE 2KG,surgeles,19.5,Glace GLACONS ALIMENTAIRE 2KG,MAD,MyMarket
MYM-0006,94 MAD TTC En rupture de stock Toblerone BATONNETS X4 TOBLERONE 264G,surgeles,94.74,94 MAD TTC En rupture de stock Toblerone BATONNETS X4 TOBLERONE 264G,MAD,MyMarket
MYM-0007,94 MAD TTC En rupture de stock Seara 13 Pièces Chicken Nuggets Seara 300g,surgeles,56.34,94 MAD TTC En rupture de stock Seara 13 Pièces Chicken Nuggets Seara 300g,MAD,MyMarket
MYM-0008,Häagen-Dazs Bâtonnet de Glace aux Amandes et Chocolat Häagen-Dazs 70g,surgeles,28.0,Häagen-Dazs Bâtonnet de Glace aux Amandes et Chocolat Häagen-Dazs 70g,MAD,MyMarket
MYM-0009,Häagen-Dazs Bâtonnet de Glace aux Amandes et Vanille Häagen-Dazs 70g,surgeles,36.6,Häagen-Dazs Bâtonnet de Glace aux Amandes et Vanille Häagen-Dazs 70g,MAD,MyMarket
MYM-0010,Häagen-Dazs Bâtonnet de Glace au Caramel Beurre Salé Häagen-Dazs 70g,surgeles,28.0,Häagen-Dazs Bâtonnet de Glace au Caramel Beurre Salé Häagen-Dazs 70g,MAD,MyMarket
MYM-0011,Häagen-Dazs Bâtonnet de Glace au Macadamia Häagen-Dazs 70g,surgeles,28.0,Häagen-Dazs Bâtonnet de Glace au Macadamia Häagen-Dazs 70g,MAD,MyMarket
MYM-0012,Häagen-Dazs Pot de Glace au Chocolat Belge Häagen-Dazs 500ml,surgeles,117.0,Häagen-Dazs Pot de Glace au Chocolat Belge Häagen-Dazs 500ml,MAD,MyMarket
MYM-0001,de la plus récente à la plus ancienne Häagen-Dazs Pot de Glace au Macadamia Häagen-Dazs 500ml,surgeles,117.0,de la plus récente à la plus ancienne Häagen-Dazs Pot de Glace au Macadamia Häagen-Dazs 500ml,MAD,MyMarket
MYM-0002,Häagen-Dazs Pot de Glace au Cookies et Crème de Vanille Häagen-Dazs 500ml,surgeles,99.0,Häagen-Dazs Pot de Glace au Cookies et Crème de Vanille Häagen-Dazs 500ml,MAD,MyMarket
MYM-0003,Häagen-Dazs Mini Pot de Glace au Caramel au Beurre Salé Häagen-Dazs 100ml,surgeles,45.0,Häagen-Dazs Mini Pot de Glace au Caramel au Beurre Salé Häagen-Dazs 100ml,MAD,MyMarket
MYM-0004,Häagen-Dazs Mini Pot de Glace Chocolat Belge Häagen-Dazs 100ml,surgeles,45.0,Häagen-Dazs Mini Pot de Glace Chocolat Belge Häagen-Dazs 100ml,MAD,MyMarket
MYM-0005,Häagen-Dazs Mini Pots de Glace au Macadamia Häagen-Dazs 100ml,surgeles,45.0,Häagen-Dazs Mini Pots de Glace au Macadamia Häagen-Dazs 100ml,MAD,MyMarket
MYM-0006,Häagen-Dazs Mini Pot de Glace au Cookies et Crème de Vanille Häagen-Dazs 100ml,surgeles,45.0,Häagen-Dazs Mini Pot de Glace au Cookies et Crème de Vanille Häagen-Dazs 100ml,MAD,MyMarket
MYM-0007,Häagen-Dazs Pot de Glace au Caramel au Beurre Salé Häagen-Dazs 500ml,surgeles,117.0,Häagen-Dazs Pot de Glace au Caramel au Beurre Salé Häagen-Dazs 500ml,MAD,MyMarket
MYM-0001,de la plus récente à la plus ancienne Ayala Biscuits à la Cannelle Ayala 470g,epicerie-sucree,24.0,de la plus récente à la plus ancienne Ayala Biscuits à la Cannelle Ayala 470g,MAD,MyMarket
MYM-0002,Schär Biscuits salés croustillants Crackers Multicéréales Sans Gluten Schär 210g,epicerie-sucree,58.9,Schär Biscuits salés croustillants Crackers Multicéréales Sans Gluten Schär 210g,MAD,MyMarket
MYM-0003,Schär Biscuits salés Crackers Sans Gluten Schär 210g,epicerie-sucree,49.95,Schär Biscuits salés Crackers Sans Gluten Schär 210g,MAD,MyMarket
MYM-0004,Harvey 175g,epicerie-sucree,29.94,Harvey 175g,MAD,MyMarket
MYM-0005,Gavottes Crêpes Dentelle Chocolat Noir Gavottes 90g,epicerie-sucree,46.55,Gavottes Crêpes Dentelle Chocolat Noir Gavottes 90g,MAD,MyMarket
MYM-0006,Mc Vities 2 Biscuits Digestive Original McVities 33g,epicerie-sucree,2.2,Mc Vities 2 Biscuits Digestive Original McVities 33g,MAD,MyMarket
MYM-0007,Don Simon Nectar pina colada Don Simón 33,epicerie-sucree,8.0,Don Simon Nectar pina colada Don Simón 33,MAD,MyMarket
MYM-0008,Don Simon Jus orange Don Simon Disfruta 1L,epicerie-sucree,15.0,Don Simon Jus orange Don Simon Disfruta 1L,MAD,MyMarket
MYM-0009,Don Simon Jus ananas Don Simon Disfruta 1L,epicerie-sucree,15.0,Don Simon Jus ananas Don Simon Disfruta 1L,MAD,MyMarket
MYM-0010,Gullon Biscuits sans gluten Gullón 200g,epicerie-sucree,22.5,Gullon Biscuits sans gluten Gullón 200g,MAD,MyMarket
MYM-0011,Shortbread Gullón 175g,epicerie-sucree,18.2,Shortbread Gullón 175g,MAD,MyMarket
MYM-0012,Moins de Graisses Gullón Digestive 400g,epicerie-sucree,20.05,Moins de Graisses Gullón Digestive 400g,MAD,MyMarket
MYM-0013,Gullon Biscuits Maria sans gluten Gullon 380 g,epicerie-sucree,22.95,Gullon Biscuits Maria sans gluten Gullon 380 g,MAD,MyMarket
MYM-0014,Milklack Crème Croissant Milklack 250G,epicerie-sucree,9.0,Milklack Crème Croissant Milklack 250G,MAD,MyMarket
MYM-0015,Helior Lait noisette vegan Helior 1L,epicerie-sucree,29.9,Helior Lait noisette vegan Helior 1L,MAD,MyMarket
MYM-0016,Helior Lait de coco vegan Helior 1L,epicerie-sucree,29.9,Helior Lait de coco vegan Helior 1L,MAD,MyMarket
MYM-0017,Helior Lait amande vegan Helior 1L,epicerie-sucree,29.9,Helior Lait amande vegan Helior 1L,MAD,MyMarket
MYM-0018,SBOULA Levure Sèche Sboula 125g,epicerie-sucree,9.0,SBOULA Levure Sèche Sboula 125g,MAD,MyMarket
MYM-0019,Chocao Préparation en poudre pour boisson instantanée au cacao Chocao 100G,epicerie-sucree,4.95,Chocao Préparation en poudre pour boisson instantanée au cacao Chocao 100G,MAD,MyMarket
MYM-0020,El Baraka Confiture abricot El Baraka 37CL,epicerie-sucree,14.9,El Baraka Confiture abricot El Baraka 37CL,MAD,MyMarket
MYM-0021,Mayfine Fleur de Maïs en poudre Mayfine Idéal 180g,epicerie-sucree,7.9,Mayfine Fleur de Maïs en poudre Mayfine Idéal 180g,MAD,MyMarket
MYM-0022,Ideal Crème pâtissière en poudre vanille Idéal 200G,epicerie-sucree,7.9,Ideal Crème pâtissière en poudre vanille Idéal 200G,MAD,MyMarket
MYM-0023,El Baraka Confiture fraise El Baraka 37Cl,epicerie-sucree,19.95,El Baraka Confiture fraise El Baraka 37Cl,MAD,MyMarket
MYM-0024,Ideal Préparation en poudre pour raib Ideal 40g,epicerie-sucree,3.49,Ideal Préparation en poudre pour raib Ideal 40g,MAD,MyMarket
MYM-0001,de la plus récente à la plus ancienne Ayala Biscuits à la Cannelle Ayala 470g,epicerie-sucree,24.0,de la plus récente à la plus ancienne Ayala Biscuits à la Cannelle Ayala 470g,MAD,MyMarket
MYM-0002,Schär Biscuits salés croustillants Crackers Multicéréales Sans Gluten Schär 210g,epicerie-sucree,58.9,Schär Biscuits salés croustillants Crackers Multicéréales Sans Gluten Schär 210g,MAD,MyMarket
MYM-0003,Schär Biscuits salés Crackers Sans Gluten Schär 210g,epicerie-sucree,49.95,Schär Biscuits salés Crackers Sans Gluten Schär 210g,MAD,MyMarket
MYM-0004,Harvey 175g,epicerie-sucree,29.94,Harvey 175g,MAD,MyMarket
MYM-0005,Gavottes Crêpes Dentelle Chocolat Noir Gavottes 90g,epicerie-sucree,46.55,Gavottes Crêpes Dentelle Chocolat Noir Gavottes 90g,MAD,MyMarket
MYM-0006,Mc Vities 2 Biscuits Digestive Original McVities 33g,epicerie-sucree,2.2,Mc Vities 2 Biscuits Digestive Original McVities 33g,MAD,MyMarket
MYM-0007,Don Simon Nectar pina colada Don Simón 33,epicerie-sucree,8.0,Don Simon Nectar pina colada Don Simón 33,MAD,MyMarket
MYM-0008,Don Simon Jus orange Don Simon Disfruta 1L,epicerie-sucree,15.0,Don Simon Jus orange Don Simon Disfruta 1L,MAD,MyMarket
MYM-0009,Don Simon Jus ananas Don Simon Disfruta 1L,epicerie-sucree,15.0,Don Simon Jus ananas Don Simon Disfruta 1L,MAD,MyMarket
MYM-0010,Gullon Biscuits sans gluten Gullón 200g,epicerie-sucree,22.5,Gullon Biscuits sans gluten Gullón 200g,MAD,MyMarket
MYM-0011,Shortbread Gullón 175g,epicerie-sucree,18.2,Shortbread Gullón 175g,MAD,MyMarket
MYM-0012,Moins de Graisses Gullón Digestive 400g,epicerie-sucree,20.05,Moins de Graisses Gullón Digestive 400g,MAD,MyMarket
MYM-0013,Gullon Biscuits Maria sans gluten Gullon 380 g,epicerie-sucree,22.95,Gullon Biscuits Maria sans gluten Gullon 380 g,MAD,MyMarket
MYM-0014,Milklack Crème Croissant Milklack 250G,epicerie-sucree,9.0,Milklack Crème Croissant Milklack 250G,MAD,MyMarket
MYM-0015,Helior Lait noisette vegan Helior 1L,epicerie-sucree,29.9,Helior Lait noisette vegan Helior 1L,MAD,MyMarket
MYM-0016,Helior Lait de coco vegan Helior 1L,epicerie-sucree,29.9,Helior Lait de coco vegan Helior 1L,MAD,MyMarket
MYM-0017,Helior Lait amande vegan Helior 1L,epicerie-sucree,29.9,Helior Lait amande vegan Helior 1L,MAD,MyMarket
MYM-0018,SBOULA Levure Sèche Sboula 125g,epicerie-sucree,9.0,SBOULA Levure Sèche Sboula 125g,MAD,MyMarket
MYM-0019,Chocao Préparation en poudre pour boisson instantanée au cacao Chocao 100G,epicerie-sucree,4.95,Chocao Préparation en poudre pour boisson instantanée au cacao Chocao 100G,MAD,MyMarket
MYM-0020,El Baraka Confiture abricot El Baraka 37CL,epicerie-sucree,14.9,El Baraka Confiture abricot El Baraka 37CL,MAD,MyMarket
MYM-0021,Mayfine Fleur de Maïs en poudre Mayfine Idéal 180g,epicerie-sucree,7.9,Mayfine Fleur de Maïs en poudre Mayfine Idéal 180g,MAD,MyMarket
MYM-0022,Ideal Crème pâtissière en poudre vanille Idéal 200G,epicerie-sucree,7.9,Ideal Crème pâtissière en poudre vanille Idéal 200G,MAD,MyMarket
MYM-0023,El Baraka Confiture fraise El Baraka 37Cl,epicerie-sucree,19.95,El Baraka Confiture fraise El Baraka 37Cl,MAD,MyMarket
MYM-0024,Ideal Préparation en poudre pour raib Ideal 40g,epicerie-sucree,3.49,Ideal Préparation en poudre pour raib Ideal 40g,MAD,MyMarket
MYM-0001,de la plus récente à la plus ancienne Ideal Crème pâtissière citron Idéal 200G,epicerie-sucree,9.9,de la plus récente à la plus ancienne Ideal Crème pâtissière citron Idéal 200G,MAD,MyMarket
MYM-0002,Ideal Crème pâtissière chocolat Iéeal 200G,epicerie-sucree,9.9,Ideal Crème pâtissière chocolat Iéeal 200G,MAD,MyMarket
MYM-0003,Ideal 10 sachets Sucre vanille Ideal 75G,epicerie-sucree,5.5,Ideal 10 sachets Sucre vanille Ideal 75G,MAD,MyMarket
MYM-0004,Ideal 10 sachets Levure chimique Ideal 80g,epicerie-sucree,5.5,Ideal 10 sachets Levure chimique Ideal 80g,MAD,MyMarket
MYM-0005,Lotus Pate a Tartiner Creamy Biscoff Lotus 400g,epicerie-sucree,58.9,Lotus Pate a Tartiner Creamy Biscoff Lotus 400g,MAD,MyMarket
MYM-0006,Saint Louis Morceaux secables sucre de canne brun Saint Louis 1KG,epicerie-sucree,59.95,Saint Louis Morceaux secables sucre de canne brun Saint Louis 1KG,MAD,MyMarket
MYM-0007,Saint Louis Sucre de canne bec verseur cassonade roux Saint louis 650G,epicerie-sucree,47.9,Saint Louis Sucre de canne bec verseur cassonade roux Saint louis 650G,MAD,MyMarket
MYM-0008,Canderel Sucre en poudre flacon Canderel 40G,epicerie-sucree,49.9,Canderel Sucre en poudre flacon Canderel 40G,MAD,MyMarket
MYM-0009,St Dalfour Confiture peches sans sucre St Dalfour 284G,epicerie-sucree,53.9,St Dalfour Confiture peches sans sucre St Dalfour 284G,MAD,MyMarket
MYM-0010,St Dalfour Confiture de fraise sans sucre St Dalfour 284G,epicerie-sucree,53.9,St Dalfour Confiture de fraise sans sucre St Dalfour 284G,MAD,MyMarket
MYM-0011,Lago plaisir Gaufrettes Chocolat lait Lago Plaisir 38G,epicerie-sucree,8.5,Lago plaisir Gaufrettes Chocolat lait Lago Plaisir 38G,MAD,MyMarket
MYM-0012,50 MAD TTC En rupture de stock Gastone Lago Mini party gaufrettes bag coconut Gastone Lago 125G,epicerie-sucree,19.0,50 MAD TTC En rupture de stock Gastone Lago Mini party gaufrettes bag coconut Gastone Lago 125G,MAD,MyMarket
MYM-0013,Gastone Lago Mini party bag gaufrettes bag vanille Gastone Lago 125G,epicerie-sucree,19.0,Gastone Lago Mini party bag gaufrettes bag vanille Gastone Lago 125G,MAD,MyMarket
MYM-0014,Gastone Lago Mini party gaufrettes bag noisettes Gastone Lago 125G,epicerie-sucree,19.0,Gastone Lago Mini party gaufrettes bag noisettes Gastone Lago 125G,MAD,MyMarket
MYM-0015,Gastone Lago Mini party gaufrettes cacao bag Gastone Lago 125G,epicerie-sucree,19.0,Gastone Lago Mini party gaufrettes cacao bag Gastone Lago 125G,MAD,MyMarket
MYM-0016,Gastone Lago Mini party gaufrettes Sans Sucre noisettes bag Gastone Lago 125G,epicerie-sucree,20.0,Gastone Lago Mini party gaufrettes Sans Sucre noisettes bag Gastone Lago 125G,MAD,MyMarket
MYM-0017,Gastone Lago Mini party gaufrettes sans sucre cacao bag Gastone Lago 125G,epicerie-sucree,20.0,Gastone Lago Mini party gaufrettes sans sucre cacao bag Gastone Lago 125G,MAD,MyMarket
MYM-0018,La Mere Poulard Le palet pur beurre 125G La Mere Poulard,epicerie-sucree,23.9,La Mere Poulard Le palet pur beurre 125G La Mere Poulard,MAD,MyMarket
MYM-0019,La Mere Poulard Le sablé eclats de chocolat 125G La Mere Poulard,epicerie-sucree,23.9,La Mere Poulard Le sablé eclats de chocolat 125G La Mere Poulard,MAD,MyMarket
MYM-0001,salted caramel Bahlsen 5X28G,epicerie-sucree,32.9,salted caramel Bahlsen 5X28G,MAD,MyMarket
MYM-0002,lait Bahlsen 5X28G,epicerie-sucree,26.9,lait Bahlsen 5X28G,MAD,MyMarket
MYM-0003,chocolat Bahlsen 5X28G,epicerie-sucree,30.0,chocolat Bahlsen 5X28G,MAD,MyMarket
MYM-0004,Zine Thé Zine 200G,epicerie-sucree,23.16,Zine Thé Zine 200G,MAD,MyMarket
MYM-0005,Zine Thé Zine 500G,epicerie-sucree,57.6,Zine Thé Zine 500G,MAD,MyMarket
MYM-0006,Tiyay Thé Tiyay 41022 200G,epicerie-sucree,20.0,Tiyay Thé Tiyay 41022 200G,MAD,MyMarket
MYM-0007,Tiyay Thé Tiyay 41022 500G,epicerie-sucree,50.0,Tiyay Thé Tiyay 41022 500G,MAD,MyMarket
MYM-0008,Selham Thé Selham 100G,epicerie-sucree,5.5,Selham Thé Selham 100G,MAD,MyMarket
MYM-0009,Selham Thé Selham 200G,epicerie-sucree,9.9,Selham Thé Selham 200G,MAD,MyMarket
MYM-0010,Lmhrat Thé Lmhrat 143g,epicerie-sucree,5.6,Lmhrat Thé Lmhrat 143g,MAD,MyMarket
MYM-0011,Lmhrat Thé Lmahrat 80G,epicerie-sucree,3.9,Lmhrat Thé Lmahrat 80G,MAD,MyMarket
MYM-0012,Lhafla Thé Lhafla 100G,epicerie-sucree,9.36,Lhafla Thé Lhafla 100G,MAD,MyMarket
MYM-0013,Lhafla Thé Lhafla 200G,epicerie-sucree,9.0,Lhafla Thé Lhafla 200G,MAD,MyMarket
MYM-0014,Alouns Thé Alouns 200G,epicerie-sucree,14.5,Alouns Thé Alouns 200G,MAD,MyMarket
MYM-0015,Al Itkane Thé Al itkane 200G 10016,epicerie-sucree,15.5,Al Itkane Thé Al itkane 200G 10016,MAD,MyMarket
MYM-0016,Al Itkane Thé Al itkane 100G 10016,epicerie-sucree,8.9,Al Itkane Thé Al itkane 100G 10016,MAD,MyMarket
MYM-0017,Al Itkane Thé Al itkane 500G 10016,epicerie-sucree,44.9,Al Itkane Thé Al itkane 500G 10016,MAD,MyMarket
MYM-0018,Al Itkane Semoule Finot Al itkane 1KG,epicerie-sucree,11.0,Al Itkane Semoule Finot Al itkane 1KG,MAD,MyMarket
MYM-0019,Toblerone Barre de Chocolat au Lait Toblerone 100g,epicerie-sucree,30.4,Toblerone Barre de Chocolat au Lait Toblerone 100g,MAD,MyMarket
MYM-0020,Sedra Miel Sedra 200g,epicerie-sucree,8.0,Sedra Miel Sedra 200g,MAD,MyMarket
MYM-0021,Sedra Miel au Gingembre Sedra 250g,epicerie-sucree,15.0,Sedra Miel au Gingembre Sedra 250g,MAD,MyMarket
MYM-0022,Suchard Bonbons de Chocolat au Lait Suchard 127 g,epicerie-sucree,85.0,Suchard Bonbons de Chocolat au Lait Suchard 127 g,MAD,MyMarket
MYM-0023,Werther's Chocolat à la Crème de Caramel Werther's Original 153 g,epicerie-sucree,40.0,Werther's Chocolat à la Crème de Caramel Werther's Original 153 g,MAD,MyMarket
MYM-0001,00 MAD TTC En rupture de stock JACQUOT Chocolats De Noël Au Lait JACQUOT 250g,epicerie-sucree,70.0,00 MAD TTC En rupture de stock JACQUOT Chocolats De Noël Au Lait JACQUOT 250g,MAD,MyMarket
MYM-0002,Esprit De Fête Chocolats Truffes Fantaisie Esprit De Fête 250 g,epicerie-sucree,66.0,Esprit De Fête Chocolats Truffes Fantaisie Esprit De Fête 250 g,MAD,MyMarket
MYM-0003,Esprit De Fête Chocolats Boules Praliné Lait Esprit De Fête 182 g,epicerie-sucree,80.0,Esprit De Fête Chocolats Boules Praliné Lait Esprit De Fête 182 g,MAD,MyMarket
MYM-0004,Esprit De Fête Truffes Fantaisie Saveur Eclats de Fève de Cacao Esprit De Fête 250g,epicerie-sucree,65.0,Esprit De Fête Truffes Fantaisie Saveur Eclats de Fève de Cacao Esprit De Fête 250g,MAD,MyMarket
MYM-0005,Esprit De Fête Truffes Fantaisie Saveur Eclats de Caramel Esprit De Fête 250g,epicerie-sucree,70.0,Esprit De Fête Truffes Fantaisie Saveur Eclats de Caramel Esprit De Fête 250g,MAD,MyMarket
MYM-0006,Esprit De Fête Truffes Fantaisie Nature Esprit De Fête 250g,epicerie-sucree,65.0,Esprit De Fête Truffes Fantaisie Nature Esprit De Fête 250g,MAD,MyMarket
MYM-0007,lindt Chocolat assortiment Lindt Lindor 137 g,epicerie-sucree,152.0,lindt Chocolat assortiment Lindt Lindor 137 g,MAD,MyMarket
MYM-0008,lindt Chocolat au Lait Sélection Lindt Lindor 137 g,epicerie-sucree,152.0,lindt Chocolat au Lait Sélection Lindt Lindor 137 g,MAD,MyMarket
MYM-0009,Huesitos Biscuit Superchoc Huesitos 5X46g,epicerie-sucree,67.15,Huesitos Biscuit Superchoc Huesitos 5X46g,MAD,MyMarket
MYM-0010,20 MAD TTC En rupture de stock Huesitos Biscuit Mini Original Huesitos 270g,epicerie-sucree,79.05,20 MAD TTC En rupture de stock Huesitos Biscuit Mini Original Huesitos 270g,MAD,MyMarket
MYM-0011,Go On Barres Protéinées à la Noix de Coco Go On 50g,epicerie-sucree,24.85,Go On Barres Protéinées à la Noix de Coco Go On 50g,MAD,MyMarket
MYM-0012,Go On Barre Chocolatée Energy Chocolat Go On 50g,epicerie-sucree,14.35,Go On Barre Chocolatée Energy Chocolat Go On 50g,MAD,MyMarket
MYM-0013,Chocolat Extrem Excelo 5x36g,epicerie-sucree,11.7,Chocolat Extrem Excelo 5x36g,MAD,MyMarket
MYM-0014,Caramel Extrem Excelo 5x36g,epicerie-sucree,11.7,Caramel Extrem Excelo 5x36g,MAD,MyMarket
MYM-0015,Cacahuète Extrem Excelo 5x36g,epicerie-sucree,11.7,Cacahuète Extrem Excelo 5x36g,MAD,MyMarket
MYM-0016,Corny Barres Noisette Corny 6X25g,epicerie-sucree,38.25,Corny Barres Noisette Corny 6X25g,MAD,MyMarket
MYM-0017,Corny Barres Chocolat Coco Corny 6X25g,epicerie-sucree,38.25,Corny Barres Chocolat Coco Corny 6X25g,MAD,MyMarket
MYM-0001,de la plus récente à la plus ancienne Olla Sauce Pizza Tomate Olla 350g,epicerie-salee,8.9,de la plus récente à la plus ancienne Olla Sauce Pizza Tomate Olla 350g,MAD,MyMarket
MYM-0002,Ayala Champignons Tranchés Ayala 355g,epicerie-salee,16.95,Ayala Champignons Tranchés Ayala 355g,MAD,MyMarket
MYM-0003,Ayala Pâte de Coing Membrillo Ayala 400g,epicerie-salee,14.89,Ayala Pâte de Coing Membrillo Ayala 400g,MAD,MyMarket
MYM-0004,Ayala Petits Pois Réhydratés Ayala 400g,epicerie-salee,10.95,Ayala Petits Pois Réhydratés Ayala 400g,MAD,MyMarket
MYM-0005,Ayala Tacos de Poisson en Sauce Marine Ayala 72g,epicerie-salee,21.5,Ayala Tacos de Poisson en Sauce Marine Ayala 72g,MAD,MyMarket
MYM-0006,Ayala Tacos de Poisson à l’Huile de Tournesol Ayala 72g,epicerie-salee,21.5,Ayala Tacos de Poisson à l’Huile de Tournesol Ayala 72g,MAD,MyMarket
MYM-0007,Ayala Tacos de Poisson à l’Ail Ayala 72g,epicerie-salee,21.5,Ayala Tacos de Poisson à l’Ail Ayala 72g,MAD,MyMarket
MYM-0008,Ayala Pâté de Thon aux Morceaux de Thon Ayala 2x78g,epicerie-salee,26.5,Ayala Pâté de Thon aux Morceaux de Thon Ayala 2x78g,MAD,MyMarket
MYM-0009,Ayala Petits Calamars Farcis à l’Encre Ayala 72g,epicerie-salee,25.0,Ayala Petits Calamars Farcis à l’Encre Ayala 72g,MAD,MyMarket
MYM-0010,Ayala Chipirones Farcis en Sauce Américaine Ayala 72g,epicerie-salee,25.0,Ayala Chipirones Farcis en Sauce Américaine Ayala 72g,MAD,MyMarket
MYM-0011,Ayala Chipirones Farcis à l’Huile de Tournesol Ayala 72g,epicerie-salee,25.0,Ayala Chipirones Farcis à l’Huile de Tournesol Ayala 72g,MAD,MyMarket
MYM-0012,Ayala Pack de 3 petites boîtes Calamars en Sauce Américaine Ayala 3x55g,epicerie-salee,28.55,Ayala Pack de 3 petites boîtes Calamars en Sauce Américaine Ayala 3x55g,MAD,MyMarket
MYM-0013,Ayala Filets de Melva à l’Huile de Tournesol Ayala 85g,epicerie-salee,21.95,Ayala Filets de Melva à l’Huile de Tournesol Ayala 85g,MAD,MyMarket
MYM-0014,Ayala Filets de Maquereau à la Tomate Ayala 85g,epicerie-salee,17.5,Ayala Filets de Maquereau à la Tomate Ayala 85g,MAD,MyMarket
MYM-0015,Ayala Filets de Maquereau à l’Huile de Tournesol Ayala 85g,epicerie-salee,17.5,Ayala Filets de Maquereau à l’Huile de Tournesol Ayala 85g,MAD,MyMarket
MYM-0016,Ayala Maïs sucré Doux Extra Ayala 340g,epicerie-salee,13.1,Ayala Maïs sucré Doux Extra Ayala 340g,MAD,MyMarket
MYM-0017,Ayala Pâtes Spirales Végétales Ayala 500g,epicerie-salee,18.95,Ayala Pâtes Spirales Végétales Ayala 500g,MAD,MyMarket
MYM-0018,Ayala Pâtes Estrellitas Ayala 500g,epicerie-salee,15.95,Ayala Pâtes Estrellitas Ayala 500g,MAD,MyMarket
MYM-0019,Ayala Spaghetti Ayala 500g,epicerie-salee,14.5,Ayala Spaghetti Ayala 500g,MAD,MyMarket
MYM-0020,4 Épais Ayala 500g,epicerie-salee,15.95,4 Épais Ayala 500g,MAD,MyMarket
MYM-0021,Desly Feuilles Nori pour Sushi 100 unités Desly,epicerie-salee,259.0,Desly Feuilles Nori pour Sushi 100 unités Desly,MAD,MyMarket
MYM-0022,Schär Galettes souples Wraps Sans Gluten Schär 160g,epicerie-salee,69.9,Schär Galettes souples Wraps Sans Gluten Schär 160g,MAD,MyMarket
MYM-0023,Viska Feuilles Nori pour Sushi 5 unités Viska,epicerie-salee,29.9,Viska Feuilles Nori pour Sushi 5 unités Viska,MAD,MyMarket
MYM-0024,Schär Chips soufflée Curvies Paprika Sans Gluten Schär 170g,epicerie-salee,44.9,Schär Chips soufflée Curvies Paprika Sans Gluten Schär 170g,MAD,MyMarket
MYM-0001,de la plus récente à la plus ancienne Olla Sauce Pizza Tomate Olla 350g,epicerie-salee,8.9,de la plus récente à la plus ancienne Olla Sauce Pizza Tomate Olla 350g,MAD,MyMarket
MYM-0002,Ayala Champignons Tranchés Ayala 355g,epicerie-salee,16.95,Ayala Champignons Tranchés Ayala 355g,MAD,MyMarket
MYM-0003,Ayala Pâte de Coing Membrillo Ayala 400g,epicerie-salee,14.89,Ayala Pâte de Coing Membrillo Ayala 400g,MAD,MyMarket
MYM-0004,Ayala Petits Pois Réhydratés Ayala 400g,epicerie-salee,10.95,Ayala Petits Pois Réhydratés Ayala 400g,MAD,MyMarket
MYM-0005,Ayala Tacos de Poisson en Sauce Marine Ayala 72g,epicerie-salee,21.5,Ayala Tacos de Poisson en Sauce Marine Ayala 72g,MAD,MyMarket
MYM-0006,Ayala Tacos de Poisson à l’Huile de Tournesol Ayala 72g,epicerie-salee,21.5,Ayala Tacos de Poisson à l’Huile de Tournesol Ayala 72g,MAD,MyMarket
MYM-0007,Ayala Tacos de Poisson à l’Ail Ayala 72g,epicerie-salee,21.5,Ayala Tacos de Poisson à l’Ail Ayala 72g,MAD,MyMarket
MYM-0008,Ayala Pâté de Thon aux Morceaux de Thon Ayala 2x78g,epicerie-salee,26.5,Ayala Pâté de Thon aux Morceaux de Thon Ayala 2x78g,MAD,MyMarket
MYM-0009,Ayala Petits Calamars Farcis à l’Encre Ayala 72g,epicerie-salee,25.0,Ayala Petits Calamars Farcis à l’Encre Ayala 72g,MAD,MyMarket
MYM-0010,Ayala Chipirones Farcis en Sauce Américaine Ayala 72g,epicerie-salee,25.0,Ayala Chipirones Farcis en Sauce Américaine Ayala 72g,MAD,MyMarket
MYM-0011,Ayala Chipirones Farcis à l’Huile de Tournesol Ayala 72g,epicerie-salee,25.0,Ayala Chipirones Farcis à l’Huile de Tournesol Ayala 72g,MAD,MyMarket
MYM-0012,Ayala Pack de 3 petites boîtes Calamars en Sauce Américaine Ayala 3x55g,epicerie-salee,28.55,Ayala Pack de 3 petites boîtes Calamars en Sauce Américaine Ayala 3x55g,MAD,MyMarket
MYM-0013,Ayala Filets de Melva à l’Huile de Tournesol Ayala 85g,epicerie-salee,21.95,Ayala Filets de Melva à l’Huile de Tournesol Ayala 85g,MAD,MyMarket
MYM-0014,Ayala Filets de Maquereau à la Tomate Ayala 85g,epicerie-salee,17.5,Ayala Filets de Maquereau à la Tomate Ayala 85g,MAD,MyMarket
MYM-0015,Ayala Filets de Maquereau à l’Huile de Tournesol Ayala 85g,epicerie-salee,17.5,Ayala Filets de Maquereau à l’Huile de Tournesol Ayala 85g,MAD,MyMarket
MYM-0016,Ayala Maïs sucré Doux Extra Ayala 340g,epicerie-salee,13.1,Ayala Maïs sucré Doux Extra Ayala 340g,MAD,MyMarket
MYM-0017,Ayala Pâtes Spirales Végétales Ayala 500g,epicerie-salee,18.95,Ayala Pâtes Spirales Végétales Ayala 500g,MAD,MyMarket
MYM-0018,Ayala Pâtes Estrellitas Ayala 500g,epicerie-salee,15.95,Ayala Pâtes Estrellitas Ayala 500g,MAD,MyMarket
MYM-0019,Ayala Spaghetti Ayala 500g,epicerie-salee,14.5,Ayala Spaghetti Ayala 500g,MAD,MyMarket
MYM-0020,4 Épais Ayala 500g,epicerie-salee,15.95,4 Épais Ayala 500g,MAD,MyMarket
MYM-0021,Desly Feuilles Nori pour Sushi 100 unités Desly,epicerie-salee,259.0,Desly Feuilles Nori pour Sushi 100 unités Desly,MAD,MyMarket
MYM-0022,Schär Galettes souples Wraps Sans Gluten Schär 160g,epicerie-salee,69.9,Schär Galettes souples Wraps Sans Gluten Schär 160g,MAD,MyMarket
MYM-0023,Viska Feuilles Nori pour Sushi 5 unités Viska,epicerie-salee,29.9,Viska Feuilles Nori pour Sushi 5 unités Viska,MAD,MyMarket
MYM-0024,Schär Chips soufflée Curvies Paprika Sans Gluten Schär 170g,epicerie-salee,44.9,Schär Chips soufflée Curvies Paprika Sans Gluten Schär 170g,MAD,MyMarket
MYM-0001,de la plus récente à la plus ancienne Schär Curvies barbecue Sans Gluten Schär 170g,epicerie-salee,44.9,de la plus récente à la plus ancienne Schär Curvies barbecue Sans Gluten Schär 170g,MAD,MyMarket
MYM-0002,Bjorg Galettes de Riz Quinoa sans gluten Bjorg 130g,epicerie-salee,39.95,Bjorg Galettes de Riz Quinoa sans gluten Bjorg 130g,MAD,MyMarket
MYM-0003,Herr's chips soufflées Sang Gluten Curls Fromage Bleu Buffalo Herr's 113g,epicerie-salee,25.5,Herr's chips soufflées Sang Gluten Curls Fromage Bleu Buffalo Herr's 113g,MAD,MyMarket
MYM-0004,Lavazza Café Grain Espresso intensité 5 Oro Lavazza 1kg,epicerie-salee,390.0,Lavazza Café Grain Espresso intensité 5 Oro Lavazza 1kg,MAD,MyMarket
MYM-0005,Gullon Mini Crackers Gullon 350g,epicerie-salee,19.0,Gullon Mini Crackers Gullon 350g,MAD,MyMarket
MYM-0006,Gullon Mini fish Cracker Gullon 350g,epicerie-salee,19.0,Gullon Mini fish Cracker Gullon 350g,MAD,MyMarket
MYM-0007,Javana Flacon epices Ras el hanout Javana 35g,epicerie-salee,18.9,Javana Flacon epices Ras el hanout Javana 35g,MAD,MyMarket
MYM-0008,Javana Flacon epices curcuma Javana 35g,epicerie-salee,12.15,Javana Flacon epices curcuma Javana 35g,MAD,MyMarket
MYM-0009,Javana Flacon Basilic Javana 8g,epicerie-salee,9.95,Javana Flacon Basilic Javana 8g,MAD,MyMarket
MYM-0010,Javana Flacon epices Curry Javana 35g,epicerie-salee,15.55,Javana Flacon epices Curry Javana 35g,MAD,MyMarket
MYM-0011,Javana Flacon epices Assortiment shawerma Javana 35g,epicerie-salee,13.2,Javana Flacon epices Assortiment shawerma Javana 35g,MAD,MyMarket
MYM-0012,Javana Flacon epices Piment Doux Javana 35g,epicerie-salee,11.5,Javana Flacon epices Piment Doux Javana 35g,MAD,MyMarket
MYM-0013,Javana Flacon epices Poivre Noir Javana 35g,epicerie-salee,13.9,Javana Flacon epices Poivre Noir Javana 35g,MAD,MyMarket
MYM-0014,Arbella Conserve champignon Arbella 150G,epicerie-salee,5.5,Arbella Conserve champignon Arbella 150G,MAD,MyMarket
MYM-0015,Arbella Maïs Arbella 150G,epicerie-salee,5.2,Arbella Maïs Arbella 150G,MAD,MyMarket
MYM-0016,indomie Nouilles instantanées Pack Boeuf x4 Indomie,epicerie-salee,9.9,indomie Nouilles instantanées Pack Boeuf x4 Indomie,MAD,MyMarket
MYM-0017,aicha Double Concentré de tomate Aicha 105g,epicerie-salee,6.5,aicha Double Concentré de tomate Aicha 105g,MAD,MyMarket
MYM-0018,aicha Double Concentré de tomate Aicha 140g,epicerie-salee,7.3,aicha Double Concentré de tomate Aicha 140g,MAD,MyMarket
MYM-0019,aicha Double Concentré de tomate Aicha 850g,epicerie-salee,33.0,aicha Double Concentré de tomate Aicha 850g,MAD,MyMarket
MYM-0020,Suzana Thon à l’huile de tournesol Suzana 400G,epicerie-salee,35.0,Suzana Thon à l’huile de tournesol Suzana 400G,MAD,MyMarket
MYM-0021,Suzana Thon entier à l’huile de tournesol Suzana 800G,epicerie-salee,79.95,Suzana Thon entier à l’huile de tournesol Suzana 800G,MAD,MyMarket
MYM-0022,Mohajir Thon à l’huile végétale Al Mohajir 1 kg,epicerie-salee,75.0,Mohajir Thon à l’huile végétale Al Mohajir 1 kg,MAD,MyMarket
MYM-0001,de la plus récente à la plus ancienne Mohajir Thon entier à l’huile végétale Al Mohajir 80G,epicerie-salee,16.0,de la plus récente à la plus ancienne Mohajir Thon entier à l’huile végétale Al Mohajir 80G,MAD,MyMarket
MYM-0002,Tam Thon en morceaux à l'huile de tournesol Tam 74G,epicerie-salee,9.9,Tam Thon en morceaux à l'huile de tournesol Tam 74G,MAD,MyMarket
MYM-0003,Tam Thon à l’huile Tam 3x85g,epicerie-salee,35.0,Tam Thon à l’huile Tam 3x85g,MAD,MyMarket
MYM-0004,Tam Thon à l'huile Tam 125G,epicerie-salee,16.5,Tam Thon à l'huile Tam 125G,MAD,MyMarket
MYM-0005,Tam Thon à l’huile Tam 85g,epicerie-salee,12.0,Tam Thon à l’huile Tam 85g,MAD,MyMarket
MYM-0006,Tam Thon au naturel Tam 125G,epicerie-salee,16.5,Tam Thon au naturel Tam 125G,MAD,MyMarket
MYM-0007,Tam Thon à l'huile de tournesol Tam 1KG,epicerie-salee,95.0,Tam Thon à l'huile de tournesol Tam 1KG,MAD,MyMarket
MYM-0008,Tam Thon à l'huile Tam 165g,epicerie-salee,21.95,Tam Thon à l'huile Tam 165g,MAD,MyMarket
MYM-0009,Tam Thon entier à l'huile Tam 86g,epicerie-salee,9.9,Tam Thon entier à l'huile Tam 86g,MAD,MyMarket
MYM-0010,Tam 3 boites de Thon à l'huile de tournesol Tam 3x80g,epicerie-salee,28.9,Tam 3 boites de Thon à l'huile de tournesol Tam 3x80g,MAD,MyMarket
MYM-0011,Tam Filets de thon allongés à l'huile Tam 90G,epicerie-salee,17.6,Tam Filets de thon allongés à l'huile Tam 90G,MAD,MyMarket
MYM-0012,Sfassif Huile d'olive vierge courant Sfassif 1L,epicerie-salee,59.95,Sfassif Huile d'olive vierge courant Sfassif 1L,MAD,MyMarket
MYM-0013,extraction à froid Bouteille en verre Sfassif 25CL,epicerie-salee,39.95,extraction à froid Bouteille en verre Sfassif 25CL,MAD,MyMarket
MYM-0014,extraction à froid bouteille en verre Sfassif 50CL,epicerie-salee,75.9,extraction à froid bouteille en verre Sfassif 50CL,MAD,MyMarket
MYM-0015,SBOULA Levure Sèche Sboula 125g,epicerie-salee,9.0,SBOULA Levure Sèche Sboula 125g,MAD,MyMarket
MYM-0016,Ideal Sauce Béchamel au fromage Ideal 40G,epicerie-salee,5.9,Ideal Sauce Béchamel au fromage Ideal 40G,MAD,MyMarket
MYM-0017,Star Sauce pizza aux epices Star 37CL,epicerie-salee,10.0,Star Sauce pizza aux epices Star 37CL,MAD,MyMarket
MYM-0018,Star Sauce Piquante Star 200g,epicerie-salee,10.9,Star Sauce Piquante Star 200g,MAD,MyMarket
MYM-0019,Star Moutarde au miel Star 21CL,epicerie-salee,13.9,Star Moutarde au miel Star 21CL,MAD,MyMarket
MYM-0001,de la plus récente à la plus ancienne Star Sauce Vinaigrette salade original Star 50CL,epicerie-salee,17.5,de la plus récente à la plus ancienne Star Sauce Vinaigrette salade original Star 50CL,MAD,MyMarket
MYM-0002,Star Sauce vinaigrette salade au basilic Star 50Cl,epicerie-salee,17.95,Star Sauce vinaigrette salade au basilic Star 50Cl,MAD,MyMarket
MYM-0003,Ideal Potage Tomate Au Vermicelle Idéal 85g,epicerie-salee,7.9,Ideal Potage Tomate Au Vermicelle Idéal 85g,MAD,MyMarket
MYM-0004,Ideal Soupe de poisson Ideal 60g,epicerie-salee,7.9,Ideal Soupe de poisson Ideal 60g,MAD,MyMarket
MYM-0005,ideal Soupe Crème de Poulet Ideal 60g,epicerie-salee,7.9,ideal Soupe Crème de Poulet Ideal 60g,MAD,MyMarket
MYM-0006,Ideal Veloute de bolet sache Ideal 60g,epicerie-salee,7.9,Ideal Veloute de bolet sache Ideal 60g,MAD,MyMarket
MYM-0007,Ideal Soupe Marocaine Harira Ideal 135g,epicerie-salee,12.5,Ideal Soupe Marocaine Harira Ideal 135g,MAD,MyMarket
MYM-0008,Ideal Soupe de légumes marocaine Chorba Ideal 110G,epicerie-salee,13.0,Ideal Soupe de légumes marocaine Chorba Ideal 110G,MAD,MyMarket
MYM-0009,La Baleine Gros sel de mer boite verseuse La Baleine 600G,epicerie-salee,22.9,La Baleine Gros sel de mer boite verseuse La Baleine 600G,MAD,MyMarket
MYM-0010,La Baleine Sel de mer fin La Baleine 250G,epicerie-salee,16.9,La Baleine Sel de mer fin La Baleine 250G,MAD,MyMarket
MYM-0011,KÜHNE Sauce steak Kûhne 250ML,epicerie-salee,35.95,KÜHNE Sauce steak Kûhne 250ML,MAD,MyMarket
MYM-0012,KÜHNE Sauce Gralic Kûhne 205Ml,epicerie-salee,35.95,KÜHNE Sauce Gralic Kûhne 205Ml,MAD,MyMarket
MYM-0013,KÜHNE Cornichons doux Kûhne 180G,epicerie-salee,55.0,KÜHNE Cornichons doux Kûhne 180G,MAD,MyMarket
MYM-0014,Tipiak Quinoa decile Tipiak boite 2 sachet x 120G,epicerie-salee,45.95,Tipiak Quinoa decile Tipiak boite 2 sachet x 120G,MAD,MyMarket
MYM-0015,50 MAD TTC En rupture de stock Nawhal's Sauce Samourai Nawhal’s 950ml,epicerie-salee,69.9,50 MAD TTC En rupture de stock Nawhal's Sauce Samourai Nawhal’s 950ml,MAD,MyMarket
MYM-0016,Hala Huile Spécial Friture Hala Chef 2L,epicerie-salee,36.5,Hala Huile Spécial Friture Hala Chef 2L,MAD,MyMarket
MYM-0017,Hala Huile Spécial Friture Hala chef 1L,epicerie-salee,17.69,Hala Huile Spécial Friture Hala chef 1L,MAD,MyMarket
MYM-0018,tournesol Afia 5L,epicerie-salee,93.9,tournesol Afia 5L,MAD,MyMarket
MYM-0019,tournesol Afia 2L,epicerie-salee,46.9,tournesol Afia 2L,MAD,MyMarket
MYM-0020,Tournesol Afia 1L,epicerie-salee,30.2,Tournesol Afia 1L,MAD,MyMarket
MYM-0021,Afia Huile Végétal Afia 5L,epicerie-salee,83.3,Afia Huile Végétal Afia 5L,MAD,MyMarket
MYM-0022,Afia Huile Végétal Afia 4L,epicerie-salee,50.0,Afia Huile Végétal Afia 4L,MAD,MyMarket
MYM-0001,de la plus récente à la plus ancienne Ayala Boisson au Soja Calcium Ayala 1L,cremerie,22.0,de la plus récente à la plus ancienne Ayala Boisson au Soja Calcium Ayala 1L,MAD,MyMarket
MYM-0002,Milklack Crème Croissant Milklack 250G,cremerie,9.0,Milklack Crème Croissant Milklack 250G,MAD,MyMarket
MYM-0003,Ideal Sauce Béchamel au fromage Ideal 40G,cremerie,5.9,Ideal Sauce Béchamel au fromage Ideal 40G,MAD,MyMarket
MYM-0004,Al Itkane Thé Al itkane 200G 9371,cremerie,13.9,Al Itkane Thé Al itkane 200G 9371,MAD,MyMarket
MYM-0005,Al Itkane Thé Al itkane 500G 9371,cremerie,33.0,Al Itkane Thé Al itkane 500G 9371,MAD,MyMarket
MYM-0006,Quescrem Cream Cheese Kéfir Quescrem 150 g,cremerie,39.6,Quescrem Cream Cheese Kéfir Quescrem 150 g,MAD,MyMarket
MYM-0007,PASTORET Yaourt à boire Mangue Kéfir PASTORET 250g,cremerie,27.55,PASTORET Yaourt à boire Mangue Kéfir PASTORET 250g,MAD,MyMarket
MYM-0008,PASTORET Yaourt à boire Nature Kéfir PASTORET 250g,cremerie,21.55,PASTORET Yaourt à boire Nature Kéfir PASTORET 250g,MAD,MyMarket
MYM-0009,PASTORET Yaourt Kéfir Nature PASTORET 500g,cremerie,36.55,PASTORET Yaourt Kéfir Nature PASTORET 500g,MAD,MyMarket
MYM-0010,PASTORET Yaourt Bio Kéfir Doux Naturel PASTORET 500g,cremerie,44.35,PASTORET Yaourt Bio Kéfir Doux Naturel PASTORET 500g,MAD,MyMarket
MYM-0011,Reina Yaourt à boire Kéfir Nature Reina 600g,cremerie,35.95,Reina Yaourt à boire Kéfir Nature Reina 600g,MAD,MyMarket
MYM-0012,Reina Yaourt Kéfir Naturel Reina 500g,cremerie,33.55,Reina Yaourt Kéfir Naturel Reina 500g,MAD,MyMarket
MYM-0013,Chergui Yaourt Sport À Boire Protéiné 36g Vanille Chergui 450ml,cremerie,23.99,Chergui Yaourt Sport À Boire Protéiné 36g Vanille Chergui 450ml,MAD,MyMarket
MYM-0014,Chergui Yaourt Sport À Boire Protéiné 36g Mangue Chergui 450ml,cremerie,23.99,Chergui Yaourt Sport À Boire Protéiné 36g Mangue Chergui 450ml,MAD,MyMarket
MYM-0015,Chergui Yaourt Sport À Boire Protéiné 36g Banane Chergui 450ml,cremerie,23.99,Chergui Yaourt Sport À Boire Protéiné 36g Banane Chergui 450ml,MAD,MyMarket
MYM-0016,00 MAD TTC En rupture de stock Blue Diamond Boisson Almond Breeze Original Bio et Sans Gluten Blue Diamond 1L,cremerie,47.0,00 MAD TTC En rupture de stock Blue Diamond Boisson Almond Breeze Original Bio et Sans Gluten Blue Diamond 1L,MAD,MyMarket
MYM-0017,MG Pure New Zealand 500 g,cremerie,71.67,MG Pure New Zealand 500 g,MAD,MyMarket
MYM-0018,Magdor Margarine Tartine et Cuisson Magdor 500 g,cremerie,28.5,Magdor Margarine Tartine et Cuisson Magdor 500 g,MAD,MyMarket
MYM-0019,Magdor Margarine Tartine et Cuisson Magdor 250 g,cremerie,14.2,Magdor Margarine Tartine et Cuisson Magdor 250 g,MAD,MyMarket
MYM-0020,Atlas Margarine Pâtissière Atlas 500 g,cremerie,22.35,Atlas Margarine Pâtissière Atlas 500 g,MAD,MyMarket
MYM-0021,Ledda Margarine Pâtissière Ledda 500 g,cremerie,19.2,Ledda Margarine Pâtissière Ledda 500 g,MAD,MyMarket
MYM-0022,Ledda Margarine Pâtissière Ledda 250 g,cremerie,10.7,Ledda Margarine Pâtissière Ledda 250 g,MAD,MyMarket
MYM-0001,de la plus récente à la plus ancienne Ayala Boisson au Soja Calcium Ayala 1L,cremerie,22.0,de la plus récente à la plus ancienne Ayala Boisson au Soja Calcium Ayala 1L,MAD,MyMarket
MYM-0002,Milklack Crème Croissant Milklack 250G,cremerie,9.0,Milklack Crème Croissant Milklack 250G,MAD,MyMarket
MYM-0003,Ideal Sauce Béchamel au fromage Ideal 40G,cremerie,5.9,Ideal Sauce Béchamel au fromage Ideal 40G,MAD,MyMarket
MYM-0004,Al Itkane Thé Al itkane 200G 9371,cremerie,13.9,Al Itkane Thé Al itkane 200G 9371,MAD,MyMarket
MYM-0005,Al Itkane Thé Al itkane 500G 9371,cremerie,33.0,Al Itkane Thé Al itkane 500G 9371,MAD,MyMarket
MYM-0006,Quescrem Cream Cheese Kéfir Quescrem 150 g,cremerie,39.6,Quescrem Cream Cheese Kéfir Quescrem 150 g,MAD,MyMarket
MYM-0007,PASTORET Yaourt à boire Mangue Kéfir PASTORET 250g,cremerie,27.55,PASTORET Yaourt à boire Mangue Kéfir PASTORET 250g,MAD,MyMarket
MYM-0008,PASTORET Yaourt à boire Nature Kéfir PASTORET 250g,cremerie,21.55,PASTORET Yaourt à boire Nature Kéfir PASTORET 250g,MAD,MyMarket
MYM-0009,PASTORET Yaourt Kéfir Nature PASTORET 500g,cremerie,36.55,PASTORET Yaourt Kéfir Nature PASTORET 500g,MAD,MyMarket
MYM-0010,PASTORET Yaourt Bio Kéfir Doux Naturel PASTORET 500g,cremerie,44.35,PASTORET Yaourt Bio Kéfir Doux Naturel PASTORET 500g,MAD,MyMarket
MYM-0011,Reina Yaourt à boire Kéfir Nature Reina 600g,cremerie,35.95,Reina Yaourt à boire Kéfir Nature Reina 600g,MAD,MyMarket
MYM-0012,Reina Yaourt Kéfir Naturel Reina 500g,cremerie,33.55,Reina Yaourt Kéfir Naturel Reina 500g,MAD,MyMarket
MYM-0013,Chergui Yaourt Sport À Boire Protéiné 36g Vanille Chergui 450ml,cremerie,23.99,Chergui Yaourt Sport À Boire Protéiné 36g Vanille Chergui 450ml,MAD,MyMarket
MYM-0014,Chergui Yaourt Sport À Boire Protéiné 36g Mangue Chergui 450ml,cremerie,23.99,Chergui Yaourt Sport À Boire Protéiné 36g Mangue Chergui 450ml,MAD,MyMarket
MYM-0015,Chergui Yaourt Sport À Boire Protéiné 36g Banane Chergui 450ml,cremerie,23.99,Chergui Yaourt Sport À Boire Protéiné 36g Banane Chergui 450ml,MAD,MyMarket
MYM-0016,00 MAD TTC En rupture de stock Blue Diamond Boisson Almond Breeze Original Bio et Sans Gluten Blue Diamond 1L,cremerie,47.0,00 MAD TTC En rupture de stock Blue Diamond Boisson Almond Breeze Original Bio et Sans Gluten Blue Diamond 1L,MAD,MyMarket
MYM-0017,MG Pure New Zealand 500 g,cremerie,71.67,MG Pure New Zealand 500 g,MAD,MyMarket
MYM-0018,Magdor Margarine Tartine et Cuisson Magdor 500 g,cremerie,28.5,Magdor Margarine Tartine et Cuisson Magdor 500 g,MAD,MyMarket
MYM-0019,Magdor Margarine Tartine et Cuisson Magdor 250 g,cremerie,14.2,Magdor Margarine Tartine et Cuisson Magdor 250 g,MAD,MyMarket
MYM-0020,Atlas Margarine Pâtissière Atlas 500 g,cremerie,22.35,Atlas Margarine Pâtissière Atlas 500 g,MAD,MyMarket
MYM-0021,Ledda Margarine Pâtissière Ledda 500 g,cremerie,19.2,Ledda Margarine Pâtissière Ledda 500 g,MAD,MyMarket
MYM-0022,Ledda Margarine Pâtissière Ledda 250 g,cremerie,10.7,Ledda Margarine Pâtissière Ledda 250 g,MAD,MyMarket
MYM-0001,de la plus récente à la plus ancienne Chergui Lait Entier Frais Pasteurisé Chergui 450 ml,cremerie,6.75,de la plus récente à la plus ancienne Chergui Lait Entier Frais Pasteurisé Chergui 450 ml,MAD,MyMarket
MYM-0002,Chergui Lait Frais Sans Lactose à Conservation Prolongée Chergui 450 ml,cremerie,8.25,Chergui Lait Frais Sans Lactose à Conservation Prolongée Chergui 450 ml,MAD,MyMarket
MYM-0003,Chergui Lait Frais De Chèvre à Conservation Prolongée Chergui 450 ml,cremerie,12.0,Chergui Lait Frais De Chèvre à Conservation Prolongée Chergui 450 ml,MAD,MyMarket
MYM-0004,Le Berger Fromage Frais à tartiner à la crème Jobnaty 180 g,cremerie,19.75,Le Berger Fromage Frais à tartiner à la crème Jobnaty 180 g,MAD,MyMarket
MYM-0005,Le Berger Fromage à tartiner à la crème light Jobnaty 180 g,cremerie,19.1,Le Berger Fromage à tartiner à la crème light Jobnaty 180 g,MAD,MyMarket
MYM-0006,Le Berger Pack Ftoury Jben le Berger 2x 190 g,cremerie,30.68,Le Berger Pack Ftoury Jben le Berger 2x 190 g,MAD,MyMarket
MYM-0007,Le Berger Fromage Blanc Mini Ftoury 6 Portions le Berger 180g,cremerie,16.75,Le Berger Fromage Blanc Mini Ftoury 6 Portions le Berger 180g,MAD,MyMarket
MYM-0008,Le Berger Fromage Pizza Arôme Edam le Berger 200g,cremerie,21.48,Le Berger Fromage Pizza Arôme Edam le Berger 200g,MAD,MyMarket
MYM-0009,Le Berger Fromage râpé cheddar le Berger 150g,cremerie,23.18,Le Berger Fromage râpé cheddar le Berger 150g,MAD,MyMarket
MYM-0010,Beat Fromage Frais Régime Sans Sel Beat 200 g,cremerie,15.75,Beat Fromage Frais Régime Sans Sel Beat 200 g,MAD,MyMarket
MYM-0011,Le Berger Boule de Mozzarella Le Berger 100 g,cremerie,19.1,Le Berger Boule de Mozzarella Le Berger 100 g,MAD,MyMarket
MYM-0012,Centrale Danone Yaourt à Boire Max Vanille Danone 180 g,cremerie,4.72,Centrale Danone Yaourt à Boire Max Vanille Danone 180 g,MAD,MyMarket
MYM-0013,Centrale Danone Yaourt à Boire Max Fruits Rouges Danone 180 g,cremerie,4.72,Centrale Danone Yaourt à Boire Max Fruits Rouges Danone 180 g,MAD,MyMarket
MYM-0014,Del Pacha 10 Bâtonnets Surimi Saveur Crevette Del Pacha 200 g,cremerie,45.9,Del Pacha 10 Bâtonnets Surimi Saveur Crevette Del Pacha 200 g,MAD,MyMarket
MYM-0015,Del Pacha 10 Bâtonnets Surimi Saveur Crabe Del Pacha 200 g,cremerie,41.24,Del Pacha 10 Bâtonnets Surimi Saveur Crabe Del Pacha 200 g,MAD,MyMarket
MYM-0016,Jaouda Beurre Doux Pasteurisé Jaouda 500 g,cremerie,59.95,Jaouda Beurre Doux Pasteurisé Jaouda 500 g,MAD,MyMarket
MYM-0017,Centrale Danone Yaourt Brassé Nature Danone 480g,cremerie,14.4,Centrale Danone Yaourt Brassé Nature Danone 480g,MAD,MyMarket
MYM-0018,Centrale Danone Yaourt aux Fruits Rouges Fruix Danone 120g,cremerie,4.0,Centrale Danone Yaourt aux Fruits Rouges Fruix Danone 120g,MAD,MyMarket
MYM-0019,Centrale Danone Yaourt Brassé Vanille Danone 480g,cremerie,14.4,Centrale Danone Yaourt Brassé Vanille Danone 480g,MAD,MyMarket
MYM-0020,Carré Blanc Fromage Fondu Carré Blanc 8 Portions,cremerie,16.35,Carré Blanc Fromage Fondu Carré Blanc 8 Portions,MAD,MyMarket
MYM-0021,Chergui Crème Dessert Caramel Beurre Salé Chergui 140 g,cremerie,8.34,Chergui Crème Dessert Caramel Beurre Salé Chergui 140 g,MAD,MyMarket
MYM-0022,Chergui YAOURT BRASSÉ à la Tarte aux Pommes Chergui 4 pots de 110g,cremerie,14.34,Chergui YAOURT BRASSÉ à la Tarte aux Pommes Chergui 4 pots de 110g,MAD,MyMarket
MYM-0023,Chergui Yaourt Brassé Ananas Chergui 4 pots de 110g,cremerie,14.34,Chergui Yaourt Brassé Ananas Chergui 4 pots de 110g,MAD,MyMarket
MYM-0001,Vire 125 g,cremerie,10.2,Vire 125 g,MAD,MyMarket
MYM-0002,Vire 125 g,cremerie,10.3,Vire 125 g,MAD,MyMarket
MYM-0003,Vire 125 g,cremerie,14.5,Vire 125 g,MAD,MyMarket
MYM-0004,Vire 125 g,cremerie,16.75,Vire 125 g,MAD,MyMarket
MYM-0005,Vire 125 g,cremerie,10.75,Vire 125 g,MAD,MyMarket
MYM-0006,00 MAD TTC En rupture de stock Or Blanc Beurre doux en plaquette Or Blanc 200 g,cremerie,34.15,00 MAD TTC En rupture de stock Or Blanc Beurre doux en plaquette Or Blanc 200 g,MAD,MyMarket
MYM-0007,Gervais Beurre Frais Doux Gervais 200 g,cremerie,27.55,Gervais Beurre Frais Doux Gervais 200 g,MAD,MyMarket
MYM-0008,Jaouda Beurre Doux Pasteurisé Jaouda 200 g,cremerie,26.45,Jaouda Beurre Doux Pasteurisé Jaouda 200 g,MAD,MyMarket
MYM-0009,PAYSAN BRETON Beurre Moulé Demi-Sel aux Cristaux de Sel de Guérande Paysan Breton 250 g,cremerie,51.7,PAYSAN BRETON Beurre Moulé Demi-Sel aux Cristaux de Sel de Guérande Paysan Breton 250 g,MAD,MyMarket
MYM-0001,Vire 200 g,cremerie,43.8,Vire 200 g,MAD,MyMarket
MYM-0002,Reflets de France Roquefort au Lait Cru de Brebis AOP Reflets De France 150 g,cremerie,70.5,Reflets de France Roquefort au Lait Cru de Brebis AOP Reflets De France 150 g,MAD,MyMarket
MYM-0003,Reflets de France Fromage Mimolette Vieille Affinée 12 mois Reflets de France 200 g,cremerie,55.78,Reflets de France Fromage Mimolette Vieille Affinée 12 mois Reflets de France 200 g,MAD,MyMarket
MYM-0004,15 MAD TTC En rupture de stock Zanetti Fromage Italien Campana AOP Mozzarella Di Bufala Zanetti 125g,cremerie,63.25,15 MAD TTC En rupture de stock Zanetti Fromage Italien Campana AOP Mozzarella Di Bufala Zanetti 125g,MAD,MyMarket
MYM-0005,55 MAD TTC En rupture de stock Jaouda Lait UHT Entier Oméga 3 Jaouda 1L,cremerie,13.75,55 MAD TTC En rupture de stock Jaouda Lait UHT Entier Oméga 3 Jaouda 1L,MAD,MyMarket
MYM-0006,Diet Radisson Boisson de Riz aux Noisettes Bio et Sans Gluten Diet Radisson 1L,cremerie,45.5,Diet Radisson Boisson de Riz aux Noisettes Bio et Sans Gluten Diet Radisson 1L,MAD,MyMarket
MYM-0007,ufs Al Baño Maria Sans Gluten Reina 4 x 110 g,cremerie,27.55,ufs Al Baño Maria Sans Gluten Reina 4 x 110 g,MAD,MyMarket
MYM-0008,Reina Flan Caramel au Fromage Sans Gluten Reina 4 x 100 g,cremerie,30.0,Reina Flan Caramel au Fromage Sans Gluten Reina 4 x 100 g,MAD,MyMarket
MYM-0009,Sans Gluten Reina 4 x100 g,cremerie,32.15,Sans Gluten Reina 4 x100 g,MAD,MyMarket
MYM-0010,ufs EKILIBRIO Sans Gluten Ajouté Reina 4 x 100 g,cremerie,32.15,ufs EKILIBRIO Sans Gluten Ajouté Reina 4 x 100 g,MAD,MyMarket
MYM-0011,Reina Flan de Coco Sans Gluten Reina 4 x 100 g,cremerie,29.85,Reina Flan de Coco Sans Gluten Reina 4 x 100 g,MAD,MyMarket
MYM-0012,Halta Crème Cuisson Halta Cucina 200 ml,cremerie,11.5,Halta Crème Cuisson Halta Cucina 200 ml,MAD,MyMarket
MYM-0013,MG Gervais 200 ml,cremerie,17.2,MG Gervais 200 ml,MAD,MyMarket
MYM-0014,Jaouda Crème Cuisson Liquide Légère Jaouda 500 ml,cremerie,24.7,Jaouda Crème Cuisson Liquide Légère Jaouda 500 ml,MAD,MyMarket
MYM-0015,Meggle Crème Mascarpone Meggle 250 g,cremerie,31.0,Meggle Crème Mascarpone Meggle 250 g,MAD,MyMarket
MYM-0016,Meggle Crème Pâtisserie Fouettée Spray Meggle 250 ml,cremerie,23.95,Meggle Crème Pâtisserie Fouettée Spray Meggle 250 ml,MAD,MyMarket
MYM-0017,Cuisine Meggle 200 ml,cremerie,12.6,Cuisine Meggle 200 ml,MAD,MyMarket
MYM-0001,de la plus récente à la plus ancienne Ayala Boisson à l’Avoine Calcium Ayala 1L,petit-dejeuner,22.0,de la plus récente à la plus ancienne Ayala Boisson à l’Avoine Calcium Ayala 1L,MAD,MyMarket
MYM-0002,Ayala Café Moulu Intense Ayala 250g,petit-dejeuner,39.5,Ayala Café Moulu Intense Ayala 250g,MAD,MyMarket
MYM-0003,Ayala Café Moulu Mélange Ayala 250g,petit-dejeuner,39.5,Ayala Café Moulu Mélange Ayala 250g,MAD,MyMarket
MYM-0004,Ayala Boisson au Soja Calcium Ayala 1L,petit-dejeuner,22.0,Ayala Boisson au Soja Calcium Ayala 1L,MAD,MyMarket
MYM-0005,Ayala Confiture de Fraise Extra Ayala 410g,petit-dejeuner,22.69,Ayala Confiture de Fraise Extra Ayala 410g,MAD,MyMarket
MYM-0006,Sebaa Thé Vert en Grains Lion 4011 Ata Sebaa 500g,petit-dejeuner,61.95,Sebaa Thé Vert en Grains Lion 4011 Ata Sebaa 500g,MAD,MyMarket
MYM-0007,Sebaa Thé vert de chine Lion 4011 Atay Sebaa 100g,petit-dejeuner,11.7,Sebaa Thé vert de chine Lion 4011 Atay Sebaa 100g,MAD,MyMarket
MYM-0008,Chakour Thé vert de chine extra-fin Chakour 100g,petit-dejeuner,11.5,Chakour Thé vert de chine extra-fin Chakour 100g,MAD,MyMarket
MYM-0009,Chakour Thé vert de chine extra fin gunpowder Chakour 500g,petit-dejeuner,54.0,Chakour Thé vert de chine extra fin gunpowder Chakour 500g,MAD,MyMarket
MYM-0010,Bjorg Galettes 4 Céréales Sans Gluten pauvre en sel Bjorg 130g,petit-dejeuner,36.0,Bjorg Galettes 4 Céréales Sans Gluten pauvre en sel Bjorg 130g,MAD,MyMarket
MYM-0011,Lavazza Café Grain Espresso intensité 5 Oro Lavazza 1kg,petit-dejeuner,390.0,Lavazza Café Grain Espresso intensité 5 Oro Lavazza 1kg,MAD,MyMarket
MYM-0012,10 Asta 200g,petit-dejeuner,17.5,10 Asta 200g,MAD,MyMarket
MYM-0013,Samar Café Moulu Intense et équilibré classic Samar 90g,petit-dejeuner,19.0,Samar Café Moulu Intense et équilibré classic Samar 90g,MAD,MyMarket
MYM-0014,LION Thé Lion 4011 - Atay Sebaa 4011 200g,petit-dejeuner,20.9,LION Thé Lion 4011 - Atay Sebaa 4011 200g,MAD,MyMarket
MYM-0015,Arabica intensité 9 Segafredo,petit-dejeuner,36.95,Arabica intensité 9 Segafredo,MAD,MyMarket
MYM-0016,Segafredo 10 capsules Café Compatible Machine Nespresso aluminum Ristretto intensité 11 Segafredo,petit-dejeuner,36.95,Segafredo 10 capsules Café Compatible Machine Nespresso aluminum Ristretto intensité 11 Segafredo,MAD,MyMarket
MYM-0017,95 MAD TTC En rupture de stock Segafredo 10 capsules Café Compatible Machine Nespresso aluminum espresso Classico intensité 10 Segafredo,petit-dejeuner,36.95,95 MAD TTC En rupture de stock Segafredo 10 capsules Café Compatible Machine Nespresso aluminum espresso Classico intensité 10 Segafredo,MAD,MyMarket
MYM-0018,Arabica intensité 8 Segafredo,petit-dejeuner,36.95,Arabica intensité 8 Segafredo,MAD,MyMarket
MYM-0019,Samar Café moulu Samar classic 90G,petit-dejeuner,18.0,Samar Café moulu Samar classic 90G,MAD,MyMarket
MYM-0020,Asta Café tonic Asta 100G,petit-dejeuner,16.0,Asta Café tonic Asta 100G,MAD,MyMarket
MYM-0021,Nescafé Nescafé classic 90G,petit-dejeuner,17.0,Nescafé Nescafé classic 90G,MAD,MyMarket
MYM-0022,Helior Lait noisette vegan Helior 1L,petit-dejeuner,29.9,Helior Lait noisette vegan Helior 1L,MAD,MyMarket
MYM-0001,de la plus récente à la plus ancienne Ayala Boisson à l’Avoine Calcium Ayala 1L,petit-dejeuner,22.0,de la plus récente à la plus ancienne Ayala Boisson à l’Avoine Calcium Ayala 1L,MAD,MyMarket
MYM-0002,Ayala Café Moulu Intense Ayala 250g,petit-dejeuner,39.5,Ayala Café Moulu Intense Ayala 250g,MAD,MyMarket
MYM-0003,Ayala Café Moulu Mélange Ayala 250g,petit-dejeuner,39.5,Ayala Café Moulu Mélange Ayala 250g,MAD,MyMarket
MYM-0004,Ayala Boisson au Soja Calcium Ayala 1L,petit-dejeuner,22.0,Ayala Boisson au Soja Calcium Ayala 1L,MAD,MyMarket
MYM-0005,Ayala Confiture de Fraise Extra Ayala 410g,petit-dejeuner,22.69,Ayala Confiture de Fraise Extra Ayala 410g,MAD,MyMarket
MYM-0006,Sebaa Thé Vert en Grains Lion 4011 Ata Sebaa 500g,petit-dejeuner,61.95,Sebaa Thé Vert en Grains Lion 4011 Ata Sebaa 500g,MAD,MyMarket
MYM-0007,Sebaa Thé vert de chine Lion 4011 Atay Sebaa 100g,petit-dejeuner,11.7,Sebaa Thé vert de chine Lion 4011 Atay Sebaa 100g,MAD,MyMarket
MYM-0008,Chakour Thé vert de chine extra-fin Chakour 100g,petit-dejeuner,11.5,Chakour Thé vert de chine extra-fin Chakour 100g,MAD,MyMarket
MYM-0009,Chakour Thé vert de chine extra fin gunpowder Chakour 500g,petit-dejeuner,54.0,Chakour Thé vert de chine extra fin gunpowder Chakour 500g,MAD,MyMarket
MYM-0010,Bjorg Galettes 4 Céréales Sans Gluten pauvre en sel Bjorg 130g,petit-dejeuner,36.0,Bjorg Galettes 4 Céréales Sans Gluten pauvre en sel Bjorg 130g,MAD,MyMarket
MYM-0011,Lavazza Café Grain Espresso intensité 5 Oro Lavazza 1kg,petit-dejeuner,390.0,Lavazza Café Grain Espresso intensité 5 Oro Lavazza 1kg,MAD,MyMarket
MYM-0012,10 Asta 200g,petit-dejeuner,17.5,10 Asta 200g,MAD,MyMarket
MYM-0013,Samar Café Moulu Intense et équilibré classic Samar 90g,petit-dejeuner,19.0,Samar Café Moulu Intense et équilibré classic Samar 90g,MAD,MyMarket
MYM-0014,LION Thé Lion 4011 - Atay Sebaa 4011 200g,petit-dejeuner,20.9,LION Thé Lion 4011 - Atay Sebaa 4011 200g,MAD,MyMarket
MYM-0015,Arabica intensité 9 Segafredo,petit-dejeuner,36.95,Arabica intensité 9 Segafredo,MAD,MyMarket
MYM-0016,Segafredo 10 capsules Café Compatible Machine Nespresso aluminum Ristretto intensité 11 Segafredo,petit-dejeuner,36.95,Segafredo 10 capsules Café Compatible Machine Nespresso aluminum Ristretto intensité 11 Segafredo,MAD,MyMarket
MYM-0017,95 MAD TTC En rupture de stock Segafredo 10 capsules Café Compatible Machine Nespresso aluminum espresso Classico intensité 10 Segafredo,petit-dejeuner,36.95,95 MAD TTC En rupture de stock Segafredo 10 capsules Café Compatible Machine Nespresso aluminum espresso Classico intensité 10 Segafredo,MAD,MyMarket
MYM-0018,Arabica intensité 8 Segafredo,petit-dejeuner,36.95,Arabica intensité 8 Segafredo,MAD,MyMarket
MYM-0019,Samar Café moulu Samar classic 90G,petit-dejeuner,18.0,Samar Café moulu Samar classic 90G,MAD,MyMarket
MYM-0020,Asta Café tonic Asta 100G,petit-dejeuner,16.0,Asta Café tonic Asta 100G,MAD,MyMarket
MYM-0021,Nescafé Nescafé classic 90G,petit-dejeuner,17.0,Nescafé Nescafé classic 90G,MAD,MyMarket
MYM-0022,Helior Lait noisette vegan Helior 1L,petit-dejeuner,29.9,Helior Lait noisette vegan Helior 1L,MAD,MyMarket
MYM-0001,de la plus récente à la plus ancienne Helior Lait de coco vegan Helior 1L,petit-dejeuner,29.9,de la plus récente à la plus ancienne Helior Lait de coco vegan Helior 1L,MAD,MyMarket
MYM-0002,Helior Lait amande vengan sans sucre Helior 1L,petit-dejeuner,29.9,Helior Lait amande vengan sans sucre Helior 1L,MAD,MyMarket
MYM-0003,Helior Lait amande vegan Helior 1L,petit-dejeuner,29.9,Helior Lait amande vegan Helior 1L,MAD,MyMarket
MYM-0004,Foody Flocons d'avoine sans gluten Foody 500G,petit-dejeuner,12.7,Foody Flocons d'avoine sans gluten Foody 500G,MAD,MyMarket
MYM-0005,Chakour Thé vert de chine extra-fin Chakour 200g,petit-dejeuner,21.0,Chakour Thé vert de chine extra-fin Chakour 200g,MAD,MyMarket
MYM-0006,Chocao Préparation en poudre pour boisson instantanée au cacao Chocao 100G,petit-dejeuner,4.95,Chocao Préparation en poudre pour boisson instantanée au cacao Chocao 100G,MAD,MyMarket
MYM-0007,El Baraka Confiture orange El Baraka 430g,petit-dejeuner,14.9,El Baraka Confiture orange El Baraka 430g,MAD,MyMarket
MYM-0008,El Baraka Confiture abricot El Baraka 37CL,petit-dejeuner,14.9,El Baraka Confiture abricot El Baraka 37CL,MAD,MyMarket
MYM-0009,El Baraka Confiture fraise El Baraka 37Cl,petit-dejeuner,19.95,El Baraka Confiture fraise El Baraka 37Cl,MAD,MyMarket
MYM-0010,Schär Pain Multigrain Schär 250g,petit-dejeuner,35.0,Schär Pain Multigrain Schär 250g,MAD,MyMarket
MYM-0011,Lotus Pate a Tartiner Creamy Biscoff Lotus 400g,petit-dejeuner,58.9,Lotus Pate a Tartiner Creamy Biscoff Lotus 400g,MAD,MyMarket
MYM-0012,Saint Louis Morceaux secables sucre de canne brun Saint Louis 1KG,petit-dejeuner,59.95,Saint Louis Morceaux secables sucre de canne brun Saint Louis 1KG,MAD,MyMarket
MYM-0013,Saint Louis Sucre de canne bec verseur cassonade roux Saint louis 650G,petit-dejeuner,47.9,Saint Louis Sucre de canne bec verseur cassonade roux Saint louis 650G,MAD,MyMarket
MYM-0014,Canderel Sucre en poudre flacon Canderel 40G,petit-dejeuner,49.9,Canderel Sucre en poudre flacon Canderel 40G,MAD,MyMarket
MYM-0015,St Dalfour Confiture peches d'or sans sucre mini pot St Dalfour 28G,petit-dejeuner,9.5,St Dalfour Confiture peches d'or sans sucre mini pot St Dalfour 28G,MAD,MyMarket
MYM-0016,St Dalfour Confiture quatre fruits sans sucre mini pot 28G,petit-dejeuner,9.5,St Dalfour Confiture quatre fruits sans sucre mini pot 28G,MAD,MyMarket
MYM-0017,St Dalfour Confiture abricots sans sucre mini pot St Dalfour 28G,petit-dejeuner,9.5,St Dalfour Confiture abricots sans sucre mini pot St Dalfour 28G,MAD,MyMarket
MYM-0018,St Dalfour Confiture fraises sans sucre mini pot St Dalfour 28G,petit-dejeuner,9.5,St Dalfour Confiture fraises sans sucre mini pot St Dalfour 28G,MAD,MyMarket
MYM-0019,fruits de la passion ss 284G,petit-dejeuner,53.9,fruits de la passion ss 284G,MAD,MyMarket
MYM-0020,myrtilles sans sucre 284G,petit-dejeuner,53.9,myrtilles sans sucre 284G,MAD,MyMarket
MYM-0021,St Dalfour Confiture mures sauvages sans sucre St Dalfour 284G,petit-dejeuner,53.9,St Dalfour Confiture mures sauvages sans sucre St Dalfour 284G,MAD,MyMarket
MYM-0022,St Dalfour Confiture cerises noires sans sucre St Dalfour 284G,petit-dejeuner,53.9,St Dalfour Confiture cerises noires sans sucre St Dalfour 284G,MAD,MyMarket
MYM-0001,de la plus récente à la plus ancienne St Dalfour Confiture peches sans sucre St Dalfour 284G,petit-dejeuner,53.9,de la plus récente à la plus ancienne St Dalfour Confiture peches sans sucre St Dalfour 284G,MAD,MyMarket
MYM-0002,St Dalfour Confiture quatre fruits sans sucre St Dalfour 284G,petit-dejeuner,53.9,St Dalfour Confiture quatre fruits sans sucre St Dalfour 284G,MAD,MyMarket
MYM-0003,St Dalfour Confiture de fraise sans sucre St Dalfour 284G,petit-dejeuner,53.9,St Dalfour Confiture de fraise sans sucre St Dalfour 284G,MAD,MyMarket
MYM-0004,Zine Thé Zine 200G,petit-dejeuner,23.16,Zine Thé Zine 200G,MAD,MyMarket
MYM-0005,Zine Thé Zine 500G,petit-dejeuner,57.6,Zine Thé Zine 500G,MAD,MyMarket
MYM-0006,Tiyay Thé Tiyay 41022 200G,petit-dejeuner,20.0,Tiyay Thé Tiyay 41022 200G,MAD,MyMarket
MYM-0007,Tiyay Thé Tiyay 41022 500G,petit-dejeuner,50.0,Tiyay Thé Tiyay 41022 500G,MAD,MyMarket
MYM-0008,Selham Thé Selham 100G,petit-dejeuner,5.5,Selham Thé Selham 100G,MAD,MyMarket
MYM-0009,Selham Thé Selham 200G,petit-dejeuner,9.9,Selham Thé Selham 200G,MAD,MyMarket
MYM-0010,Lmhrat Thé Lmhrat 143g,petit-dejeuner,5.6,Lmhrat Thé Lmhrat 143g,MAD,MyMarket
MYM-0011,Lmhrat Thé Lmahrat 80G,petit-dejeuner,3.9,Lmhrat Thé Lmahrat 80G,MAD,MyMarket
MYM-0012,Lhafla Thé Lhafla 100G,petit-dejeuner,9.36,Lhafla Thé Lhafla 100G,MAD,MyMarket
MYM-0013,Lhafla Thé Lhafla 200G,petit-dejeuner,9.0,Lhafla Thé Lhafla 200G,MAD,MyMarket
MYM-0014,Alouns Thé Alouns 200G,petit-dejeuner,14.5,Alouns Thé Alouns 200G,MAD,MyMarket
MYM-0015,Al Itkane Thé Al itkane 200G 10016,petit-dejeuner,15.5,Al Itkane Thé Al itkane 200G 10016,MAD,MyMarket
MYM-0016,Al Itkane Thé Al itkane 100G 10016,petit-dejeuner,8.9,Al Itkane Thé Al itkane 100G 10016,MAD,MyMarket
MYM-0017,Al Itkane Thé Al itkane 500G 10016,petit-dejeuner,44.9,Al Itkane Thé Al itkane 500G 10016,MAD,MyMarket
MYM-0018,Al Itkane Thé Al itkane 200G 9371,petit-dejeuner,13.9,Al Itkane Thé Al itkane 200G 9371,MAD,MyMarket
MYM-0019,Sedra Miel Sedra 200g,petit-dejeuner,8.0,Sedra Miel Sedra 200g,MAD,MyMarket
MYM-0020,Lavazza 16 capsules Espresso Décaféiné Crémeux Dek intensité 7 Lavazza a Modo Mio,petit-dejeuner,105.0,Lavazza 16 capsules Espresso Décaféiné Crémeux Dek intensité 7 Lavazza a Modo Mio,MAD,MyMarket
MYM-0021,Lavazza 16 capsules Café Crema E Gusto Expresso intensité 12 Lavazza a Modo Mio,petit-dejeuner,105.0,Lavazza 16 capsules Café Crema E Gusto Expresso intensité 12 Lavazza a Modo Mio,MAD,MyMarket
MYM-0022,Lavazza 16 capsules Café ORO NERO intensité 9 Lavazza a Modo Mio,petit-dejeuner,105.0,Lavazza 16 capsules Café ORO NERO intensité 9 Lavazza a Modo Mio,MAD,MyMarket
MYM-0023,Lavazza 16 capsules Café Lungo Dolce intensité 6 Lavazza a Modo Mio,petit-dejeuner,105.0,Lavazza 16 capsules Café Lungo Dolce intensité 6 Lavazza a Modo Mio,MAD,MyMarket
MYM-0001,de la plus récente à la plus ancienne Lavazza 16 capsules Café ORO intensité 8 Lavazza a Modo Mio,petit-dejeuner,105.0,de la plus récente à la plus ancienne Lavazza 16 capsules Café ORO intensité 8 Lavazza a Modo Mio,MAD,MyMarket
MYM-0002,00 MAD TTC En rupture de stock Dolce Gusto 30 Capsules Cappuccino Dolce Gusto,petit-dejeuner,150.0,00 MAD TTC En rupture de stock Dolce Gusto 30 Capsules Cappuccino Dolce Gusto,MAD,MyMarket
MYM-0003,Dolce Gusto 30 Capsules Latte Macchiato Caramel Dolce Gusto,petit-dejeuner,150.0,Dolce Gusto 30 Capsules Latte Macchiato Caramel Dolce Gusto,MAD,MyMarket
MYM-0004,Lavazza 10 Capsules Café ROSSA Notes de Chocolat intensité 10 Lavazza Compatible machine NESPRESSO,petit-dejeuner,48.0,Lavazza 10 Capsules Café ROSSA Notes de Chocolat intensité 10 Lavazza Compatible machine NESPRESSO,MAD,MyMarket
MYM-0005,Lavazza 10 capsules Café Oro intensité 8 Lavazza Compatible machine NESPRESSO,petit-dejeuner,48.0,Lavazza 10 capsules Café Oro intensité 8 Lavazza Compatible machine NESPRESSO,MAD,MyMarket
MYM-0006,Lavazza 10 capsules Café Crema e Gusto intensité 12 Lavazza Compatible machine NESPRESSO,petit-dejeuner,48.0,Lavazza 10 capsules Café Crema e Gusto intensité 12 Lavazza Compatible machine NESPRESSO,MAD,MyMarket
MYM-0007,Lavazza 10 capsules Café Espresso Décaféiné intensité 7 Lavazza Compatible machine NESPRESSO,petit-dejeuner,48.0,Lavazza 10 capsules Café Espresso Décaféiné intensité 7 Lavazza Compatible machine NESPRESSO,MAD,MyMarket
MYM-0008,U Café moulu Tradition Robusta U 250 g,petit-dejeuner,42.0,U Café moulu Tradition Robusta U 250 g,MAD,MyMarket
MYM-0009,U Café moulu Décaféiné Robusta U 250 g,petit-dejeuner,42.0,U Café moulu Décaféiné Robusta U 250 g,MAD,MyMarket
MYM-0010,CHICCO D'ORO Café moulu Tradition CHICCO D'ORO 250 g,petit-dejeuner,54.0,CHICCO D'ORO Café moulu Tradition CHICCO D'ORO 250 g,MAD,MyMarket
MYM-0011,Lollo Caffè Café moulu Nero Crema Lollo Caffè 250g,petit-dejeuner,54.0,Lollo Caffè Café moulu Nero Crema Lollo Caffè 250g,MAD,MyMarket
MYM-0012,Lavazza Café Moulu Suerte Lavazza 250 g,petit-dejeuner,54.0,Lavazza Café Moulu Suerte Lavazza 250 g,MAD,MyMarket
MYM-0013,Lavazza 16 capsules Café Espresso PASSIONALE intensité 11 Lavazza a Modo Mio,petit-dejeuner,105.0,Lavazza 16 capsules Café Espresso PASSIONALE intensité 11 Lavazza a Modo Mio,MAD,MyMarket
MYM-0001,de la plus récente à la plus ancienne Amanhecer Mini Toasts Complets de trigo Amanhecer 120g,pains-et-patisserie,17.95,de la plus récente à la plus ancienne Amanhecer Mini Toasts Complets de trigo Amanhecer 120g,MAD,MyMarket
MYM-0002,Amanhecer Mini Toasts de trigo Amanhecer 120g,pains-et-patisserie,17.2,Amanhecer Mini Toasts de trigo Amanhecer 120g,MAD,MyMarket
MYM-0003,Chabrior 100 Biscottes nature Mai Pack de 830g Chabrior,pains-et-patisserie,71.95,Chabrior 100 Biscottes nature Mai Pack de 830g Chabrior,MAD,MyMarket
MYM-0004,Chabrior 36 Biscottes sans sel paquet de 300g,pains-et-patisserie,29.95,Chabrior 36 Biscottes sans sel paquet de 300g,MAD,MyMarket
MYM-0005,Chabrior Petits pains grillés au blé complet 225g Chabrior,pains-et-patisserie,22.75,Chabrior Petits pains grillés au blé complet 225g Chabrior,MAD,MyMarket
MYM-0006,90 MAD TTC En rupture de stock Pagen Pain Suédois Krisprolls Blé Doré Pagen 225 g,pains-et-patisserie,52.5,90 MAD TTC En rupture de stock Pagen Pain Suédois Krisprolls Blé Doré Pagen 225 g,MAD,MyMarket
MYM-0007,Pagen Pain Suédois Krisprolls Wholegrain Complet Sans Sucre Ajouté Pagen 225 g,pains-et-patisserie,52.5,Pagen Pain Suédois Krisprolls Wholegrain Complet Sans Sucre Ajouté Pagen 225 g,MAD,MyMarket
MYM-0008,Pagen Pain Suédois Krisprolls Wholegrain Complet Pagen 225 g,pains-et-patisserie,52.5,Pagen Pain Suédois Krisprolls Wholegrain Complet Pagen 225 g,MAD,MyMarket
MYM-0009,Chef du Pain 3 Pâtes de Pizza Ronde Nature Chef du Pain 420g,pains-et-patisserie,20.34,Chef du Pain 3 Pâtes de Pizza Ronde Nature Chef du Pain 420g,MAD,MyMarket
MYM-0010,Chef du Pain 7 Pains Chawarma Nature Chef du Pain 273 g,pains-et-patisserie,10.54,Chef du Pain 7 Pains Chawarma Nature Chef du Pain 273 g,MAD,MyMarket
MYM-0011,Chef du Pain 7 Pains Chawarma Complet Chef du Pain 273 g,pains-et-patisserie,10.54,Chef du Pain 7 Pains Chawarma Complet Chef du Pain 273 g,MAD,MyMarket
MYM-0012,40 MAD TTC En rupture de stock Jessy's Panko Bread Crumbs Jessy's 200 g,pains-et-patisserie,19.0,40 MAD TTC En rupture de stock Jessy's Panko Bread Crumbs Jessy's 200 g,MAD,MyMarket
MYM-0013,Sucre ajouté Bimbo 6 unités,pains-et-patisserie,42.5,Sucre ajouté Bimbo 6 unités,MAD,MyMarket
MYM-0014,La Boulangère 4 Baguettes Viennoises Nature La Boulangère 340g,pains-et-patisserie,42.5,La Boulangère 4 Baguettes Viennoises Nature La Boulangère 340g,MAD,MyMarket
MYM-0015,00 MAD TTC Options El Barakate Chebakia Aux Amandes 1Kg,pains-et-patisserie,120.0,00 MAD TTC Options El Barakate Chebakia Aux Amandes 1Kg,MAD,MyMarket
MYM-0016,00 MAD TTC En rupture de stock Mon Boulanger Baguette Parisienne,pains-et-patisserie,3.2,00 MAD TTC En rupture de stock Mon Boulanger Baguette Parisienne,MAD,MyMarket
MYM-0001,de la plus récente à la plus ancienne Amanhecer Mini Toasts Complets de trigo Amanhecer 120g,pains-et-patisserie,17.95,de la plus récente à la plus ancienne Amanhecer Mini Toasts Complets de trigo Amanhecer 120g,MAD,MyMarket
MYM-0002,Amanhecer Mini Toasts de trigo Amanhecer 120g,pains-et-patisserie,17.2,Amanhecer Mini Toasts de trigo Amanhecer 120g,MAD,MyMarket
MYM-0003,Chabrior 100 Biscottes nature Mai Pack de 830g Chabrior,pains-et-patisserie,71.95,Chabrior 100 Biscottes nature Mai Pack de 830g Chabrior,MAD,MyMarket
MYM-0004,Chabrior 36 Biscottes sans sel paquet de 300g,pains-et-patisserie,29.95,Chabrior 36 Biscottes sans sel paquet de 300g,MAD,MyMarket
MYM-0005,Chabrior Petits pains grillés au blé complet 225g Chabrior,pains-et-patisserie,22.75,Chabrior Petits pains grillés au blé complet 225g Chabrior,MAD,MyMarket
MYM-0006,90 MAD TTC En rupture de stock Pagen Pain Suédois Krisprolls Blé Doré Pagen 225 g,pains-et-patisserie,52.5,90 MAD TTC En rupture de stock Pagen Pain Suédois Krisprolls Blé Doré Pagen 225 g,MAD,MyMarket
MYM-0007,Pagen Pain Suédois Krisprolls Wholegrain Complet Sans Sucre Ajouté Pagen 225 g,pains-et-patisserie,52.5,Pagen Pain Suédois Krisprolls Wholegrain Complet Sans Sucre Ajouté Pagen 225 g,MAD,MyMarket
MYM-0008,Pagen Pain Suédois Krisprolls Wholegrain Complet Pagen 225 g,pains-et-patisserie,52.5,Pagen Pain Suédois Krisprolls Wholegrain Complet Pagen 225 g,MAD,MyMarket
MYM-0009,Chef du Pain 3 Pâtes de Pizza Ronde Nature Chef du Pain 420g,pains-et-patisserie,20.34,Chef du Pain 3 Pâtes de Pizza Ronde Nature Chef du Pain 420g,MAD,MyMarket
MYM-0010,Chef du Pain 7 Pains Chawarma Nature Chef du Pain 273 g,pains-et-patisserie,10.54,Chef du Pain 7 Pains Chawarma Nature Chef du Pain 273 g,MAD,MyMarket
MYM-0011,Chef du Pain 7 Pains Chawarma Complet Chef du Pain 273 g,pains-et-patisserie,10.54,Chef du Pain 7 Pains Chawarma Complet Chef du Pain 273 g,MAD,MyMarket
MYM-0012,40 MAD TTC En rupture de stock Jessy's Panko Bread Crumbs Jessy's 200 g,pains-et-patisserie,19.0,40 MAD TTC En rupture de stock Jessy's Panko Bread Crumbs Jessy's 200 g,MAD,MyMarket
MYM-0013,Sucre ajouté Bimbo 6 unités,pains-et-patisserie,42.5,Sucre ajouté Bimbo 6 unités,MAD,MyMarket
MYM-0014,La Boulangère 4 Baguettes Viennoises Nature La Boulangère 340g,pains-et-patisserie,42.5,La Boulangère 4 Baguettes Viennoises Nature La Boulangère 340g,MAD,MyMarket
MYM-0015,00 MAD TTC Options El Barakate Chebakia Aux Amandes 1Kg,pains-et-patisserie,120.0,00 MAD TTC Options El Barakate Chebakia Aux Amandes 1Kg,MAD,MyMarket
MYM-0016,00 MAD TTC En rupture de stock Mon Boulanger Baguette Parisienne,pains-et-patisserie,3.2,00 MAD TTC En rupture de stock Mon Boulanger Baguette Parisienne,MAD,MyMarket
MYM-0001,de la plus récente à la plus ancienne Mon Boulanger Baguette aux Olives,pains-et-patisserie,5.9,de la plus récente à la plus ancienne Mon Boulanger Baguette aux Olives,MAD,MyMarket
MYM-0002,Mon Boulanger Baguette aux céréales,pains-et-patisserie,6.0,Mon Boulanger Baguette aux céréales,MAD,MyMarket
MYM-0003,Mon Boulanger Baguette au Sésame,pains-et-patisserie,4.49,Mon Boulanger Baguette au Sésame,MAD,MyMarket
MYM-0004,Mon Boulanger Baguette au pavot,pains-et-patisserie,6.0,Mon Boulanger Baguette au pavot,MAD,MyMarket
MYM-0005,Mon Boulanger Baguette à la semoule,pains-et-patisserie,4.2,Mon Boulanger Baguette à la semoule,MAD,MyMarket
MYM-0006,94 MAD TTC En rupture de stock Bimbo 6 Pains Tacos Original Bimbo 240 g,pains-et-patisserie,24.0,94 MAD TTC En rupture de stock Bimbo 6 Pains Tacos Original Bimbo 240 g,MAD,MyMarket
MYM-0007,Bimbo 4 Pains Burger Sans Sésame 220g,pains-et-patisserie,16.05,Bimbo 4 Pains Burger Sans Sésame 220g,MAD,MyMarket
MYM-0008,Bimbo 4 Pain Maxi Burger Bimbo 300g,pains-et-patisserie,19.5,Bimbo 4 Pain Maxi Burger Bimbo 300g,MAD,MyMarket
MYM-0009,Du Chef Pack Fruits Secs 4 Produits,pains-et-patisserie,459.0,Du Chef Pack Fruits Secs 4 Produits,MAD,MyMarket
MYM-0010,Mission Wraps 6 Pains Tortillas Blé Complet 25cm Wraps Mission 420 g,pains-et-patisserie,33.79,Mission Wraps 6 Pains Tortillas Blé Complet 25cm Wraps Mission 420 g,MAD,MyMarket
MYM-0011,Assylor Pain de mie complet Maxi Assylor 480g,pains-et-patisserie,17.55,Assylor Pain de mie complet Maxi Assylor 480g,MAD,MyMarket
MYM-0012,Assylor Pain de mie nature Maxi Assylor 480g,pains-et-patisserie,20.35,Assylor Pain de mie nature Maxi Assylor 480g,MAD,MyMarket
MYM-0013,Assylor Pate a Pizza Assylor 10 Pieces,pains-et-patisserie,14.25,Assylor Pate a Pizza Assylor 10 Pieces,MAD,MyMarket
MYM-0014,60 MAD TTC En rupture de stock Assylor Pain Mega Sandwich 3 Pieces,pains-et-patisserie,12.0,60 MAD TTC En rupture de stock Assylor Pain Mega Sandwich 3 Pieces,MAD,MyMarket
MYM-0015,Assylor Pain Saucisse Assylor 4 Pieces,pains-et-patisserie,10.8,Assylor Pain Saucisse Assylor 4 Pieces,MAD,MyMarket
MYM-0016,Assylor Pain Hamburger Geant Assylor 4 Pieces,pains-et-patisserie,12.24,Assylor Pain Hamburger Geant Assylor 4 Pieces,MAD,MyMarket
MYM-0017,Assylor Pain Charwarma libanais et Sandwich Sans Conservateur Assylor,pains-et-patisserie,9.38,Assylor Pain Charwarma libanais et Sandwich Sans Conservateur Assylor,MAD,MyMarket
MYM-0018,Jacquet Baguettine Briochée jacquet 300 g,pains-et-patisserie,64.8,Jacquet Baguettine Briochée jacquet 300 g,MAD,MyMarket
MYM-0019,Jacquet Brioché pur beurre jacquet 250 g,pains-et-patisserie,59.88,Jacquet Brioché pur beurre jacquet 250 g,MAD,MyMarket
MYM-0020,Jacquet Baguettine Blé tendre 24 Tranches Jacquet 300 g,pains-et-patisserie,64.8,Jacquet Baguettine Blé tendre 24 Tranches Jacquet 300 g,MAD,MyMarket
MYM-0021,Schär Levure Déshydratée Sans Gluten Schär 2 x 10g,pains-et-patisserie,15.6,Schär Levure Déshydratée Sans Gluten Schär 2 x 10g,MAD,MyMarket
MYM-0001,85 MAD TTC En rupture de stock Bimbo Pain de Mie Nature Délicieusement Frais Bimbo 400g,pains-et-patisserie,25.0,85 MAD TTC En rupture de stock Bimbo Pain de Mie Nature Délicieusement Frais Bimbo 400g,MAD,MyMarket
MYM-0002,Bimbo 4 Pain Burger Bimbo 220g,pains-et-patisserie,16.05,Bimbo 4 Pain Burger Bimbo 220g,MAD,MyMarket
MYM-0003,Bimbo 12 Mini Pizza Nature Bimbo 192g,pains-et-patisserie,14.1,Bimbo 12 Mini Pizza Nature Bimbo 192g,MAD,MyMarket
MYM-0004,Bimbo 7 Pain Chawarma Nature Bimbo 270g,pains-et-patisserie,11.5,Bimbo 7 Pain Chawarma Nature Bimbo 270g,MAD,MyMarket
MYM-0005,Bimbo 3 Pizza Pate Ronde Nature Bimbo 420 g,pains-et-patisserie,22.8,Bimbo 3 Pizza Pate Ronde Nature Bimbo 420 g,MAD,MyMarket
MYM-0006,Bimbo 3 Pizza Pate Ronde Saveur Oignon et Ail Bimbo 420g,pains-et-patisserie,25.0,Bimbo 3 Pizza Pate Ronde Saveur Oignon et Ail Bimbo 420g,MAD,MyMarket
MYM-0007,54 MAD TTC En rupture de stock Bimbo Pain de Mie Complet Source de Fibre et Minéraux Bimbo 430g,pains-et-patisserie,23.54,54 MAD TTC En rupture de stock Bimbo Pain de Mie Complet Source de Fibre et Minéraux Bimbo 430g,MAD,MyMarket
MYM-0008,Bimbo 5 Pains Chawarma Complet Source de Fibre Bimbo 192g,pains-et-patisserie,11.5,Bimbo 5 Pains Chawarma Complet Source de Fibre Bimbo 192g,MAD,MyMarket
MYM-0009,55 MAD TTC En rupture de stock Bimbo 12 Mini Pizza Saveur Oignon et Ail Bimbo 420 g,pains-et-patisserie,14.9,55 MAD TTC En rupture de stock Bimbo 12 Mini Pizza Saveur Oignon et Ail Bimbo 420 g,MAD,MyMarket
MYM-0010,84 MAD TTC En rupture de stock Bimbo Tostado Blanco Bimbo 270 g,pains-et-patisserie,34.74,84 MAD TTC En rupture de stock Bimbo Tostado Blanco Bimbo 270 g,MAD,MyMarket
MYM-0001,de la plus récente à la plus ancienne Schär Galettes souples Wraps Sans Gluten Schär 160g,sans-gluten,69.9,de la plus récente à la plus ancienne Schär Galettes souples Wraps Sans Gluten Schär 160g,MAD,MyMarket
MYM-0002,Schär Biscuits salés croustillants Crackers Multicéréales Sans Gluten Schär 210g,sans-gluten,58.9,Schär Biscuits salés croustillants Crackers Multicéréales Sans Gluten Schär 210g,MAD,MyMarket
MYM-0003,Schär Biscuits salés Crackers Sans Gluten Schär 210g,sans-gluten,49.95,Schär Biscuits salés Crackers Sans Gluten Schär 210g,MAD,MyMarket
MYM-0004,Schär Chips soufflée Curvies Paprika Sans Gluten Schär 170g,sans-gluten,44.9,Schär Chips soufflée Curvies Paprika Sans Gluten Schär 170g,MAD,MyMarket
MYM-0005,Schär Curvies barbecue Sans Gluten Schär 170g,sans-gluten,44.9,Schär Curvies barbecue Sans Gluten Schär 170g,MAD,MyMarket
MYM-0006,Bjorg Galettes de Riz Quinoa sans gluten Bjorg 130g,sans-gluten,39.95,Bjorg Galettes de Riz Quinoa sans gluten Bjorg 130g,MAD,MyMarket
MYM-0007,Bjorg Galettes 4 Céréales Sans Gluten pauvre en sel Bjorg 130g,sans-gluten,36.0,Bjorg Galettes 4 Céréales Sans Gluten pauvre en sel Bjorg 130g,MAD,MyMarket
MYM-0008,Herr's chips soufflées Sang Gluten Curls Fromage Bleu Buffalo Herr's 113g,sans-gluten,25.5,Herr's chips soufflées Sang Gluten Curls Fromage Bleu Buffalo Herr's 113g,MAD,MyMarket
MYM-0009,Gullon Biscuits sans gluten Gullón 200g,sans-gluten,22.5,Gullon Biscuits sans gluten Gullón 200g,MAD,MyMarket
MYM-0010,Moins de Graisses Gullón Digestive 400g,sans-gluten,20.05,Moins de Graisses Gullón Digestive 400g,MAD,MyMarket
MYM-0011,Gullon Biscuits Maria sans gluten Gullon 380 g,sans-gluten,22.95,Gullon Biscuits Maria sans gluten Gullon 380 g,MAD,MyMarket
MYM-0012,Schär Pain Multigrain Schär 250g,sans-gluten,35.0,Schär Pain Multigrain Schär 250g,MAD,MyMarket
MYM-0013,Schär Farine pour pain rustique aux graines de lin et au sarrasin Mix IT Schär 1kg,sans-gluten,73.0,Schär Farine pour pain rustique aux graines de lin et au sarrasin Mix IT Schär 1kg,MAD,MyMarket
MYM-0014,90 MAD TTC En rupture de stock Zéro Bonbons Sans Suce Espresso Café Zéro 32 g,sans-gluten,10.9,90 MAD TTC En rupture de stock Zéro Bonbons Sans Suce Espresso Café Zéro 32 g,MAD,MyMarket
MYM-0015,Zanuy Tortilla Chips de Maïs Salées Nachos Sans Gluten Zanuy 200 g,sans-gluten,26.75,Zanuy Tortilla Chips de Maïs Salées Nachos Sans Gluten Zanuy 200 g,MAD,MyMarket
MYM-0016,Zanuy Tortilla Chips de Maïs Nachos' Mexican Sans Gluten Zanuy 200 g,sans-gluten,26.75,Zanuy Tortilla Chips de Maïs Nachos' Mexican Sans Gluten Zanuy 200 g,MAD,MyMarket
MYM-0017,Zanuy Tortilla Chips de Maïs Nachos Fromage Sans Gluten Zanuy 200 g,sans-gluten,26.75,Zanuy Tortilla Chips de Maïs Nachos Fromage Sans Gluten Zanuy 200 g,MAD,MyMarket
MYM-0018,00 MAD TTC En rupture de stock Blue Diamond Boisson Almond Breeze Original Bio et Sans Gluten Blue Diamond 1L,sans-gluten,47.0,00 MAD TTC En rupture de stock Blue Diamond Boisson Almond Breeze Original Bio et Sans Gluten Blue Diamond 1L,MAD,MyMarket
MYM-0001,de la plus récente à la plus ancienne Schär Galettes souples Wraps Sans Gluten Schär 160g,sans-gluten,69.9,de la plus récente à la plus ancienne Schär Galettes souples Wraps Sans Gluten Schär 160g,MAD,MyMarket
MYM-0002,Schär Biscuits salés croustillants Crackers Multicéréales Sans Gluten Schär 210g,sans-gluten,58.9,Schär Biscuits salés croustillants Crackers Multicéréales Sans Gluten Schär 210g,MAD,MyMarket
MYM-0003,Schär Biscuits salés Crackers Sans Gluten Schär 210g,sans-gluten,49.95,Schär Biscuits salés Crackers Sans Gluten Schär 210g,MAD,MyMarket
MYM-0004,Schär Chips soufflée Curvies Paprika Sans Gluten Schär 170g,sans-gluten,44.9,Schär Chips soufflée Curvies Paprika Sans Gluten Schär 170g,MAD,MyMarket
MYM-0005,Schär Curvies barbecue Sans Gluten Schär 170g,sans-gluten,44.9,Schär Curvies barbecue Sans Gluten Schär 170g,MAD,MyMarket
MYM-0006,Bjorg Galettes de Riz Quinoa sans gluten Bjorg 130g,sans-gluten,39.95,Bjorg Galettes de Riz Quinoa sans gluten Bjorg 130g,MAD,MyMarket
MYM-0007,Bjorg Galettes 4 Céréales Sans Gluten pauvre en sel Bjorg 130g,sans-gluten,36.0,Bjorg Galettes 4 Céréales Sans Gluten pauvre en sel Bjorg 130g,MAD,MyMarket
MYM-0008,Herr's chips soufflées Sang Gluten Curls Fromage Bleu Buffalo Herr's 113g,sans-gluten,25.5,Herr's chips soufflées Sang Gluten Curls Fromage Bleu Buffalo Herr's 113g,MAD,MyMarket
MYM-0009,Gullon Biscuits sans gluten Gullón 200g,sans-gluten,22.5,Gullon Biscuits sans gluten Gullón 200g,MAD,MyMarket
MYM-0010,Moins de Graisses Gullón Digestive 400g,sans-gluten,20.05,Moins de Graisses Gullón Digestive 400g,MAD,MyMarket
MYM-0011,Gullon Biscuits Maria sans gluten Gullon 380 g,sans-gluten,22.95,Gullon Biscuits Maria sans gluten Gullon 380 g,MAD,MyMarket
MYM-0012,Schär Pain Multigrain Schär 250g,sans-gluten,35.0,Schär Pain Multigrain Schär 250g,MAD,MyMarket
MYM-0013,Schär Farine pour pain rustique aux graines de lin et au sarrasin Mix IT Schär 1kg,sans-gluten,73.0,Schär Farine pour pain rustique aux graines de lin et au sarrasin Mix IT Schär 1kg,MAD,MyMarket
MYM-0014,90 MAD TTC En rupture de stock Zéro Bonbons Sans Suce Espresso Café Zéro 32 g,sans-gluten,10.9,90 MAD TTC En rupture de stock Zéro Bonbons Sans Suce Espresso Café Zéro 32 g,MAD,MyMarket
MYM-0015,Zanuy Tortilla Chips de Maïs Salées Nachos Sans Gluten Zanuy 200 g,sans-gluten,26.75,Zanuy Tortilla Chips de Maïs Salées Nachos Sans Gluten Zanuy 200 g,MAD,MyMarket
MYM-0016,Zanuy Tortilla Chips de Maïs Nachos' Mexican Sans Gluten Zanuy 200 g,sans-gluten,26.75,Zanuy Tortilla Chips de Maïs Nachos' Mexican Sans Gluten Zanuy 200 g,MAD,MyMarket
MYM-0017,Zanuy Tortilla Chips de Maïs Nachos Fromage Sans Gluten Zanuy 200 g,sans-gluten,26.75,Zanuy Tortilla Chips de Maïs Nachos Fromage Sans Gluten Zanuy 200 g,MAD,MyMarket
MYM-0018,00 MAD TTC En rupture de stock Blue Diamond Boisson Almond Breeze Original Bio et Sans Gluten Blue Diamond 1L,sans-gluten,47.0,00 MAD TTC En rupture de stock Blue Diamond Boisson Almond Breeze Original Bio et Sans Gluten Blue Diamond 1L,MAD,MyMarket
MYM-0001,00 MAD TTC En rupture de stock Lutti Bonbons Bicolores à la Menthe Sans Gluten Lutti 250 g,sans-gluten,63.5,00 MAD TTC En rupture de stock Lutti Bonbons Bicolores à la Menthe Sans Gluten Lutti 250 g,MAD,MyMarket
MYM-0002,28 La Molisana 400 g,sans-gluten,58.5,28 La Molisana 400 g,MAD,MyMarket
MYM-0003,15 La Molisana 400 g,sans-gluten,58.5,15 La Molisana 400 g,MAD,MyMarket
MYM-0004,70 MAD TTC En rupture de stock Diet Radisson Boisson de Riz aux Noisettes Bio et Sans Gluten Diet Radisson 1L,sans-gluten,45.5,70 MAD TTC En rupture de stock Diet Radisson Boisson de Riz aux Noisettes Bio et Sans Gluten Diet Radisson 1L,MAD,MyMarket
MYM-0005,ufs Al Baño Maria Sans Gluten Reina 4 x 110 g,sans-gluten,27.55,ufs Al Baño Maria Sans Gluten Reina 4 x 110 g,MAD,MyMarket
MYM-0006,Reina Flan Caramel au Fromage Sans Gluten Reina 4 x 100 g,sans-gluten,30.0,Reina Flan Caramel au Fromage Sans Gluten Reina 4 x 100 g,MAD,MyMarket
MYM-0007,Sans Gluten Reina 4 x100 g,sans-gluten,32.15,Sans Gluten Reina 4 x100 g,MAD,MyMarket
MYM-0008,ufs EKILIBRIO Sans Gluten Ajouté Reina 4 x 100 g,sans-gluten,32.15,ufs EKILIBRIO Sans Gluten Ajouté Reina 4 x 100 g,MAD,MyMarket
MYM-0009,Reina Flan de Coco Sans Gluten Reina 4 x 100 g,sans-gluten,29.85,Reina Flan de Coco Sans Gluten Reina 4 x 100 g,MAD,MyMarket
MYM-0001,de la plus récente à la plus ancienne Sojasun Dessert Végétal au Soja Fermentée Saveur Figue Sans Gluten Sojasun 4x100g,sans-gluten,43.65,de la plus récente à la plus ancienne Sojasun Dessert Végétal au Soja Fermentée Saveur Figue Sans Gluten Sojasun 4x100g,MAD,MyMarket
MYM-0002,Sojasun Dessert Végétal au Soja Fermentée Saveur Framboise et Fruit de Passion Sans Gluten Sojasun 4x100g,sans-gluten,43.7,Sojasun Dessert Végétal au Soja Fermentée Saveur Framboise et Fruit de Passion Sans Gluten Sojasun 4x100g,MAD,MyMarket
MYM-0003,Sojasun Dessert Végétal au Soja Fermentée Saveur Cerise Sans Gluten Sojasun 4x100g,sans-gluten,43.7,Sojasun Dessert Végétal au Soja Fermentée Saveur Cerise Sans Gluten Sojasun 4x100g,MAD,MyMarket
MYM-0004,Sojasun Dessert Végétal au Soja Fermentée et à la Mangue Sans Gluten Sojasun 4x100 g,sans-gluten,41.95,Sojasun Dessert Végétal au Soja Fermentée et à la Mangue Sans Gluten Sojasun 4x100 g,MAD,MyMarket
MYM-0005,Sojasun Dessert Végétal au Soja Fermentée et Citron Sans Gluten Sojasun 4x100 g,sans-gluten,41.35,Sojasun Dessert Végétal au Soja Fermentée et Citron Sans Gluten Sojasun 4x100 g,MAD,MyMarket
MYM-0006,Sojasun Dessert Végétal au Soja Noisette et Amande Sans Gluten Sojasun 4x100 g,sans-gluten,43.65,Sojasun Dessert Végétal au Soja Noisette et Amande Sans Gluten Sojasun 4x100 g,MAD,MyMarket
MYM-0007,Sojasun Dessert Végétal à la Vanille Sans Gluten Sojasun 4x100g,sans-gluten,43.7,Sojasun Dessert Végétal à la Vanille Sans Gluten Sojasun 4x100g,MAD,MyMarket
MYM-0008,Sojasun Dessert Végétal aux Myrtilles Sans Gluten Sojasun 4x100g,sans-gluten,41.35,Sojasun Dessert Végétal aux Myrtilles Sans Gluten Sojasun 4x100g,MAD,MyMarket
MYM-0009,Sojasun Dessert Végétal au Chocolat Sans Gluten Sojasun 4x100g,sans-gluten,43.7,Sojasun Dessert Végétal au Chocolat Sans Gluten Sojasun 4x100g,MAD,MyMarket
MYM-0010,KE Maïs Grillés au Fromage Sans Gluten KE 100g,sans-gluten,12.07,KE Maïs Grillés au Fromage Sans Gluten KE 100g,MAD,MyMarket
MYM-0011,KE Maïs Grillés Barbecue Sans Gluten Original KE 100g,sans-gluten,12.07,KE Maïs Grillés Barbecue Sans Gluten Original KE 100g,MAD,MyMarket
MYM-0012,KE Maïs Grillés Salés Sans Gluten Original KE 100g,sans-gluten,12.05,KE Maïs Grillés Salés Sans Gluten Original KE 100g,MAD,MyMarket
MYM-0013,KE Graines de Tournesol XXL au Sel Sans Gluten KE 80g,sans-gluten,12.07,KE Graines de Tournesol XXL au Sel Sans Gluten KE 80g,MAD,MyMarket
MYM-0014,KE Graines de Tournesol Salées Sans Gluten KE 100g,sans-gluten,12.07,KE Graines de Tournesol Salées Sans Gluten KE 100g,MAD,MyMarket
MYM-0015,60 MAD TTC En rupture de stock PASCUAL Yaourt Greek Sucré Vanille Sans Gluten Pascual 4x125g,sans-gluten,30.0,60 MAD TTC En rupture de stock PASCUAL Yaourt Greek Sucré Vanille Sans Gluten Pascual 4x125g,MAD,MyMarket
MYM-0016,00 MAD TTC En rupture de stock PASCUAL Yaourt Crémeux au Pêche et au Fruit de Passion Sans Gluten Pascual 4x125g,sans-gluten,30.0,00 MAD TTC En rupture de stock PASCUAL Yaourt Crémeux au Pêche et au Fruit de Passion Sans Gluten Pascual 4x125g,MAD,MyMarket
MYM-0017,PASCUAL Yaourt Crémeux Fraise Sans Gluten Pascual 4x125g,sans-gluten,30.0,PASCUAL Yaourt Crémeux Fraise Sans Gluten Pascual 4x125g,MAD,MyMarket
MYM-0018,Mangue Sans Gluten Pascual 4x125g,sans-gluten,30.0,Mangue Sans Gluten Pascual 4x125g,MAD,MyMarket
MYM-0019,PASCUAL Natillas Crème Dessert Vanille Sans Gluten Pascual 4x125g,sans-gluten,30.0,PASCUAL Natillas Crème Dessert Vanille Sans Gluten Pascual 4x125g,MAD,MyMarket
MYM-0020,65 MAD TTC En rupture de stock Zéro Bonbons Sans Sucre Eucalyptus Zéro 32 g,sans-gluten,11.25,65 MAD TTC En rupture de stock Zéro Bonbons Sans Sucre Eucalyptus Zéro 32 g,MAD,MyMarket
MYM-0021,Chia Rice Up 120g,sans-gluten,18.9,Chia Rice Up 120g,MAD,MyMarket
MYM-0001,65 MAD TTC En rupture de stock Scotti Riso Riz Carnaroli aux Fruits de Mer Sans Gluten Scotti Risotto 210 g,sans-gluten,41.65,65 MAD TTC En rupture de stock Scotti Riso Riz Carnaroli aux Fruits de Mer Sans Gluten Scotti Risotto 210 g,MAD,MyMarket
MYM-0002,Sans Gluten Sottolestelle 1Kg,sans-gluten,114.0,Sans Gluten Sottolestelle 1Kg,MAD,MyMarket
MYM-0001,50g Gratuit,bebe,29.95,50g Gratuit,MAD,MyMarket
MYM-0002,Nestlé Nestle Cerelac 50G,bebe,6.5,Nestlé Nestle Cerelac 50G,MAD,MyMarket
MYM-0003,Pom’Potes Gourde de Pomme Nature Sans Sucres Ajoutés Pom’Potes 90g,bebe,11.4,Pom’Potes Gourde de Pomme Nature Sans Sucres Ajoutés Pom’Potes 90g,MAD,MyMarket
MYM-0004,Pom’Potes Gourde de 5 Fruits Exotiques Sans Sucres Ajoutés Pom’Potes 90g,bebe,9.55,Pom’Potes Gourde de 5 Fruits Exotiques Sans Sucres Ajoutés Pom’Potes 90g,MAD,MyMarket
MYM-0005,Carotte et Mangue Cerelac dès 6 Mois,bebe,13.15,Carotte et Mangue Cerelac dès 6 Mois,MAD,MyMarket
MYM-0006,Orange et Biscuit Cerelac dès 6 Mois,bebe,13.15,Orange et Biscuit Cerelac dès 6 Mois,MAD,MyMarket
MYM-0007,Nestlé Gourde Purée de Fruits Pomme et Banane Cerelac dès 6 Mois,bebe,13.15,Nestlé Gourde Purée de Fruits Pomme et Banane Cerelac dès 6 Mois,MAD,MyMarket
MYM-0008,Pomme et Avoine Cerelac dès 6 Mois,bebe,13.15,Pomme et Avoine Cerelac dès 6 Mois,MAD,MyMarket
MYM-0009,Raisin et Orange Cerelac dès 6 Mois,bebe,13.14,Raisin et Orange Cerelac dès 6 Mois,MAD,MyMarket
MYM-0010,Poire et Orange Cerelac dès 6 Mois,bebe,13.15,Poire et Orange Cerelac dès 6 Mois,MAD,MyMarket
MYM-0001,50g Gratuit,bebe,29.95,50g Gratuit,MAD,MyMarket
MYM-0002,Nestlé Nestle Cerelac 50G,bebe,6.5,Nestlé Nestle Cerelac 50G,MAD,MyMarket
MYM-0003,Pom’Potes Gourde de Pomme Nature Sans Sucres Ajoutés Pom’Potes 90g,bebe,11.4,Pom’Potes Gourde de Pomme Nature Sans Sucres Ajoutés Pom’Potes 90g,MAD,MyMarket
MYM-0004,Pom’Potes Gourde de 5 Fruits Exotiques Sans Sucres Ajoutés Pom’Potes 90g,bebe,9.55,Pom’Potes Gourde de 5 Fruits Exotiques Sans Sucres Ajoutés Pom’Potes 90g,MAD,MyMarket
MYM-0005,Carotte et Mangue Cerelac dès 6 Mois,bebe,13.15,Carotte et Mangue Cerelac dès 6 Mois,MAD,MyMarket
MYM-0006,Orange et Biscuit Cerelac dès 6 Mois,bebe,13.15,Orange et Biscuit Cerelac dès 6 Mois,MAD,MyMarket
MYM-0007,Nestlé Gourde Purée de Fruits Pomme et Banane Cerelac dès 6 Mois,bebe,13.15,Nestlé Gourde Purée de Fruits Pomme et Banane Cerelac dès 6 Mois,MAD,MyMarket
MYM-0008,Pomme et Avoine Cerelac dès 6 Mois,bebe,13.15,Pomme et Avoine Cerelac dès 6 Mois,MAD,MyMarket
MYM-0009,Raisin et Orange Cerelac dès 6 Mois,bebe,13.14,Raisin et Orange Cerelac dès 6 Mois,MAD,MyMarket
MYM-0010,Poire et Orange Cerelac dès 6 Mois,bebe,13.15,Poire et Orange Cerelac dès 6 Mois,MAD,MyMarket
MYM-0001,64 MAD TTC En rupture de stock Pampers 56 Lingettes Sensitives Pampers,bebe,30.15,64 MAD TTC En rupture de stock Pampers 56 Lingettes Sensitives Pampers,MAD,MyMarket
MYM-0002,00 MAD TTC En rupture de stock Vaseline Gelée Protectrice Douce Pour Bébé Vaseline 250 ml,bebe,51.55,00 MAD TTC En rupture de stock Vaseline Gelée Protectrice Douce Pour Bébé Vaseline 250 ml,MAD,MyMarket
MYM-0003,Nan Lait de croissance Optipro 3 Nan 400g,bebe,100.0,Nan Lait de croissance Optipro 3 Nan 400g,MAD,MyMarket
MYM-0001,00 MAD TTC En rupture de stock HYDRA COTON TIGE BEBE HYDRA 80P,bebe,11.0,00 MAD TTC En rupture de stock HYDRA COTON TIGE BEBE HYDRA 80P,MAD,MyMarket
MYM-0002,Andros Compote Fruit Me Up Pomme Banane Andros 90g,bebe,14.5,Andros Compote Fruit Me Up Pomme Banane Andros 90g,MAD,MyMarket
MYM-0003,Andros Compote Fruit Me Up Pomme Poire Andros 90g,bebe,14.5,Andros Compote Fruit Me Up Pomme Poire Andros 90g,MAD,MyMarket
MYM-0004,Andros Compote Fruit Me Up Pomme Nature Andros 90g,bebe,14.5,Andros Compote Fruit Me Up Pomme Nature Andros 90g,MAD,MyMarket
MYM-0005,Blédina Céréales Saveur Biscuitée et Lait Blédina 250G,bebe,41.4,Blédina Céréales Saveur Biscuitée et Lait Blédina 250G,MAD,MyMarket
MYM-0006,Blédina Céréales Lactés Au Miel Et Lait Blédina 250 G,bebe,41.1,Blédina Céréales Lactés Au Miel Et Lait Blédina 250 G,MAD,MyMarket
MYM-0007,Carottes VitaMeal 200g,bebe,24.55,Carottes VitaMeal 200g,MAD,MyMarket
MYM-0008,Nestlé Cerelac Infantiles Au Miel Nestlé 250 G,bebe,34.9,Nestlé Cerelac Infantiles Au Miel Nestlé 250 G,MAD,MyMarket
MYM-0009,Septona Coton Tige Baby Septona,bebe,14.34,Septona Coton Tige Baby Septona,MAD,MyMarket
MYM-0010,Johnson's Coton Tige Baby Johnson's,bebe,21.18,Johnson's Coton Tige Baby Johnson's,MAD,MyMarket
MYM-0011,14 MAD TTC En rupture de stock Johnson's Shampoing Gold Baby Johnson's 500 ml,bebe,58.74,14 MAD TTC En rupture de stock Johnson's Shampoing Gold Baby Johnson's 500 ml,MAD,MyMarket
MYM-0012,Johnson's Shampoing Gold Baby Johnson's 300 ml,bebe,35.4,Johnson's Shampoing Gold Baby Johnson's 300 ml,MAD,MyMarket
MYM-0013,08 MAD TTC En rupture de stock Johnson's Power baby Johnson's 200g,bebe,35.94,08 MAD TTC En rupture de stock Johnson's Power baby Johnson's 200g,MAD,MyMarket
MYM-0001,94 MAD TTC En rupture de stock Johnson's Bain Moussant Baby Johnson's 500ml,bebe,67.44,94 MAD TTC En rupture de stock Johnson's Bain Moussant Baby Johnson's 500ml,MAD,MyMarket
MYM-0002,94 MAD TTC En rupture de stock Johnson's Bain Moussant Baby Johnson 200 ml,bebe,41.95,94 MAD TTC En rupture de stock Johnson's Bain Moussant Baby Johnson 200 ml,MAD,MyMarket
MYM-0003,Molfix Couche Bebe Comfort 56 pieces T4 max 7 -14 Kg Molfix,bebe,108.56,Molfix Couche Bebe Comfort 56 pieces T4 max 7 -14 Kg Molfix,MAD,MyMarket
MYM-0004,Molfix Couche Bebe Confort 68 pieces T3 4-9Kg Molfix,bebe,109.0,Molfix Couche Bebe Confort 68 pieces T3 4-9Kg Molfix,MAD,MyMarket
MYM-0005,Molfix Couche BeBe Comfort 80 pieces T2 3-6 Kg Molfix,bebe,92.34,Molfix Couche BeBe Comfort 80 pieces T2 3-6 Kg Molfix,MAD,MyMarket
MYM-0006,Molfix Couche Bébé Confort 40 pieces 4 maxi 7-14 Kg Molfix,bebe,70.2,Molfix Couche Bébé Confort 40 pieces 4 maxi 7-14 Kg Molfix,MAD,MyMarket
MYM-0007,37 MAD TTC En rupture de stock vitameal Petit Pot Dessert Pomme Miel Sans Gluten ni Lactose Vitameal Baby 130g,bebe,18.37,37 MAD TTC En rupture de stock vitameal Petit Pot Dessert Pomme Miel Sans Gluten ni Lactose Vitameal Baby 130g,MAD,MyMarket
MYM-0008,37 MAD TTC En rupture de stock vitafruit Dessert Fruit Pomme Fraise Gourde Sans Gluten VitaFruit 80 g,bebe,8.3,37 MAD TTC En rupture de stock vitafruit Dessert Fruit Pomme Fraise Gourde Sans Gluten VitaFruit 80 g,MAD,MyMarket
MYM-0001,uf Chapo 600g,hygiene-et-beaute,9.9,uf Chapo 600g,MAD,MyMarket
MYM-0002,DOUSSY Savon à mains Liquide parfum Marine Doussy 400g,hygiene-et-beaute,9.9,DOUSSY Savon à mains Liquide parfum Marine Doussy 400g,MAD,MyMarket
MYM-0003,DOUSSY Savon à mains Liquide parfum Mangue Doussy 400g,hygiene-et-beaute,9.9,DOUSSY Savon à mains Liquide parfum Mangue Doussy 400g,MAD,MyMarket
MYM-0004,DOUSSY Savon à mains Liquide parfum Lavande Doussy 400g,hygiene-et-beaute,9.9,DOUSSY Savon à mains Liquide parfum Lavande Doussy 400g,MAD,MyMarket
MYM-0005,DOUSSY Savon à mains Liquide parfum Amande Doussy 400g,hygiene-et-beaute,9.9,DOUSSY Savon à mains Liquide parfum Amande Doussy 400g,MAD,MyMarket
MYM-0006,chapo Savon à Mains Marine Chapo 300g,hygiene-et-beaute,5.95,chapo Savon à Mains Marine Chapo 300g,MAD,MyMarket
MYM-0007,chapo Savon à Mains Mangue Chapo 300g,hygiene-et-beaute,5.95,chapo Savon à Mains Mangue Chapo 300g,MAD,MyMarket
MYM-0008,chapo Savon à Mains Fraise Chapo 300g,hygiene-et-beaute,5.95,chapo Savon à Mains Fraise Chapo 300g,MAD,MyMarket
MYM-0009,chapo Savon à Mains Citron Chapo 300g,hygiene-et-beaute,5.95,chapo Savon à Mains Citron Chapo 300g,MAD,MyMarket
MYM-0010,chapo Savon à Mains Amande Chapo 300g,hygiene-et-beaute,5.95,chapo Savon à Mains Amande Chapo 300g,MAD,MyMarket
MYM-0011,Taous Savon à la AUTHENTIQUE hydrate et rafraîchit TAOUS 4x120g,hygiene-et-beaute,24.0,Taous Savon à la AUTHENTIQUE hydrate et rafraîchit TAOUS 4x120g,MAD,MyMarket
MYM-0012,Taous Savon à la lavande hydrate et rafraîchit TAOUS 4x120g,hygiene-et-beaute,24.0,Taous Savon à la lavande hydrate et rafraîchit TAOUS 4x120g,MAD,MyMarket
MYM-0013,Taous Savon liquide citron TAOUS 470ml,hygiene-et-beaute,18.5,Taous Savon liquide citron TAOUS 470ml,MAD,MyMarket
MYM-0014,Taous Savon liquide lavande TAOUS 470ml,hygiene-et-beaute,18.5,Taous Savon liquide lavande TAOUS 470ml,MAD,MyMarket
MYM-0015,50 MAD TTC En rupture de stock Corine de Farme 25 Lingettes Démaquillante Au lait Micellaire Corine de farme,hygiene-et-beaute,34.0,50 MAD TTC En rupture de stock Corine de Farme 25 Lingettes Démaquillante Au lait Micellaire Corine de farme,MAD,MyMarket
MYM-0016,Giorgi Gel titanium Giorgi 165Ml,hygiene-et-beaute,41.95,Giorgi Gel titanium Giorgi 165Ml,MAD,MyMarket
MYM-0017,Giorgi Gel extrema Giorgi 165Ml,hygiene-et-beaute,41.95,Giorgi Gel extrema Giorgi 165Ml,MAD,MyMarket
MYM-0018,Giorgi Gel fixateur ultra wet Giorgi 165Ml,hygiene-et-beaute,36.5,Giorgi Gel fixateur ultra wet Giorgi 165Ml,MAD,MyMarket
MYM-0019,Giorgi Gel fixateur extra fort Giorgi 165Ml,hygiene-et-beaute,36.5,Giorgi Gel fixateur extra fort Giorgi 165Ml,MAD,MyMarket
MYM-0020,Nixi Papier mouchoir Nixi 300,hygiene-et-beaute,5.5,Nixi Papier mouchoir Nixi 300,MAD,MyMarket
MYM-0021,MIA 9 Serviettes hygiénique Rose maxi L Mia,hygiene-et-beaute,10.0,MIA 9 Serviettes hygiénique Rose maxi L Mia,MAD,MyMarket
MYM-0022,MIA 8 Serviette hygiénique Blue Maxi XL Mia,hygiene-et-beaute,10.0,MIA 8 Serviette hygiénique Blue Maxi XL Mia,MAD,MyMarket
MYM-0023,Azzul Savon mains liquide au lait d'amande douce 500 ML AZZUL,hygiene-et-beaute,11.9,Azzul Savon mains liquide au lait d'amande douce 500 ML AZZUL,MAD,MyMarket
MYM-0001,uf Chapo 600g,hygiene-et-beaute,9.9,uf Chapo 600g,MAD,MyMarket
MYM-0002,DOUSSY Savon à mains Liquide parfum Marine Doussy 400g,hygiene-et-beaute,9.9,DOUSSY Savon à mains Liquide parfum Marine Doussy 400g,MAD,MyMarket
MYM-0003,DOUSSY Savon à mains Liquide parfum Mangue Doussy 400g,hygiene-et-beaute,9.9,DOUSSY Savon à mains Liquide parfum Mangue Doussy 400g,MAD,MyMarket
MYM-0004,DOUSSY Savon à mains Liquide parfum Lavande Doussy 400g,hygiene-et-beaute,9.9,DOUSSY Savon à mains Liquide parfum Lavande Doussy 400g,MAD,MyMarket
MYM-0005,DOUSSY Savon à mains Liquide parfum Amande Doussy 400g,hygiene-et-beaute,9.9,DOUSSY Savon à mains Liquide parfum Amande Doussy 400g,MAD,MyMarket
MYM-0006,chapo Savon à Mains Marine Chapo 300g,hygiene-et-beaute,5.95,chapo Savon à Mains Marine Chapo 300g,MAD,MyMarket
MYM-0007,chapo Savon à Mains Mangue Chapo 300g,hygiene-et-beaute,5.95,chapo Savon à Mains Mangue Chapo 300g,MAD,MyMarket
MYM-0008,chapo Savon à Mains Fraise Chapo 300g,hygiene-et-beaute,5.95,chapo Savon à Mains Fraise Chapo 300g,MAD,MyMarket
MYM-0009,chapo Savon à Mains Citron Chapo 300g,hygiene-et-beaute,5.95,chapo Savon à Mains Citron Chapo 300g,MAD,MyMarket
MYM-0010,chapo Savon à Mains Amande Chapo 300g,hygiene-et-beaute,5.95,chapo Savon à Mains Amande Chapo 300g,MAD,MyMarket
MYM-0011,Taous Savon à la AUTHENTIQUE hydrate et rafraîchit TAOUS 4x120g,hygiene-et-beaute,24.0,Taous Savon à la AUTHENTIQUE hydrate et rafraîchit TAOUS 4x120g,MAD,MyMarket
MYM-0012,Taous Savon à la lavande hydrate et rafraîchit TAOUS 4x120g,hygiene-et-beaute,24.0,Taous Savon à la lavande hydrate et rafraîchit TAOUS 4x120g,MAD,MyMarket
MYM-0013,Taous Savon liquide citron TAOUS 470ml,hygiene-et-beaute,18.5,Taous Savon liquide citron TAOUS 470ml,MAD,MyMarket
MYM-0014,Taous Savon liquide lavande TAOUS 470ml,hygiene-et-beaute,18.5,Taous Savon liquide lavande TAOUS 470ml,MAD,MyMarket
MYM-0015,50 MAD TTC En rupture de stock Corine de Farme 25 Lingettes Démaquillante Au lait Micellaire Corine de farme,hygiene-et-beaute,34.0,50 MAD TTC En rupture de stock Corine de Farme 25 Lingettes Démaquillante Au lait Micellaire Corine de farme,MAD,MyMarket
MYM-0016,Giorgi Gel titanium Giorgi 165Ml,hygiene-et-beaute,41.95,Giorgi Gel titanium Giorgi 165Ml,MAD,MyMarket
MYM-0017,Giorgi Gel extrema Giorgi 165Ml,hygiene-et-beaute,41.95,Giorgi Gel extrema Giorgi 165Ml,MAD,MyMarket
MYM-0018,Giorgi Gel fixateur ultra wet Giorgi 165Ml,hygiene-et-beaute,36.5,Giorgi Gel fixateur ultra wet Giorgi 165Ml,MAD,MyMarket
MYM-0019,Giorgi Gel fixateur extra fort Giorgi 165Ml,hygiene-et-beaute,36.5,Giorgi Gel fixateur extra fort Giorgi 165Ml,MAD,MyMarket
MYM-0020,Nixi Papier mouchoir Nixi 300,hygiene-et-beaute,5.5,Nixi Papier mouchoir Nixi 300,MAD,MyMarket
MYM-0021,MIA 9 Serviettes hygiénique Rose maxi L Mia,hygiene-et-beaute,10.0,MIA 9 Serviettes hygiénique Rose maxi L Mia,MAD,MyMarket
MYM-0022,MIA 8 Serviette hygiénique Blue Maxi XL Mia,hygiene-et-beaute,10.0,MIA 8 Serviette hygiénique Blue Maxi XL Mia,MAD,MyMarket
MYM-0023,Azzul Savon mains liquide au lait d'amande douce 500 ML AZZUL,hygiene-et-beaute,11.9,Azzul Savon mains liquide au lait d'amande douce 500 ML AZZUL,MAD,MyMarket
MYM-0001,de la plus récente à la plus ancienne Azzul Savon mains liquide parfumé fleur d'oranger 500 ML AZZUL,hygiene-et-beaute,11.9,de la plus récente à la plus ancienne Azzul Savon mains liquide parfumé fleur d'oranger 500 ML AZZUL,MAD,MyMarket
MYM-0002,Azzul Savon mains liquide parfumé lavande 500 ML AZZUL,hygiene-et-beaute,11.9,Azzul Savon mains liquide parfumé lavande 500 ML AZZUL,MAD,MyMarket
MYM-0003,Azzul Savon mains liquide parfumé citron 500 ML AZZUL,hygiene-et-beaute,11.9,Azzul Savon mains liquide parfumé citron 500 ML AZZUL,MAD,MyMarket
MYM-0004,Azzul Savon mains liquide au lait d'amande douce 300 ML AZZUL,hygiene-et-beaute,6.0,Azzul Savon mains liquide au lait d'amande douce 300 ML AZZUL,MAD,MyMarket
MYM-0005,Azzul Savon mains liquide parfumé fleur d'oranger 300 ML AZZUL,hygiene-et-beaute,6.0,Azzul Savon mains liquide parfumé fleur d'oranger 300 ML AZZUL,MAD,MyMarket
MYM-0006,Azzul Savon mains liquide parfumé lavande 300 ML AZZUL,hygiene-et-beaute,6.0,Azzul Savon mains liquide parfumé lavande 300 ML AZZUL,MAD,MyMarket
MYM-0007,Azzul Savon mains liquide parfumé citron 300 ML AZZUL,hygiene-et-beaute,6.0,Azzul Savon mains liquide parfumé citron 300 ML AZZUL,MAD,MyMarket
MYM-0008,Garnier Crème Sans Rinçage à l'Eau de Riz et à l'Amidon Ultra Doux 200ml,hygiene-et-beaute,57.0,Garnier Crème Sans Rinçage à l'Eau de Riz et à l'Amidon Ultra Doux 200ml,MAD,MyMarket
MYM-0009,Garnier Après-Shampoing à l'Eau de Riz et à l'Amidon Ultra Doux 200ml,hygiene-et-beaute,48.0,Garnier Après-Shampoing à l'Eau de Riz et à l'Amidon Ultra Doux 200ml,MAD,MyMarket
MYM-0010,Garnier Après-Shampoing à l'Eau de Riz et à l'Amidon Ultra Doux 360ml,hygiene-et-beaute,69.0,Garnier Après-Shampoing à l'Eau de Riz et à l'Amidon Ultra Doux 360ml,MAD,MyMarket
MYM-0011,Garnier Masque Remède à l'Eau de Riz et à l'Amidon Ultra Doux 340ml,hygiene-et-beaute,89.4,Garnier Masque Remède à l'Eau de Riz et à l'Amidon Ultra Doux 340ml,MAD,MyMarket
MYM-0012,Garnier Shampoing à l'Eau de Riz et à l'Amidon Ultra Doux 600ml,hygiene-et-beaute,78.5,Garnier Shampoing à l'Eau de Riz et à l'Amidon Ultra Doux 600ml,MAD,MyMarket
MYM-0013,Garnier Shampoing à l'Eau de Riz et à l'Amidon Ultra Doux 400ml,hygiene-et-beaute,53.95,Garnier Shampoing à l'Eau de Riz et à l'Amidon Ultra Doux 400ml,MAD,MyMarket
MYM-0014,Garnier Shampoing à l'Eau de Riz et à l'Amidon Ultra Doux 200ml,hygiene-et-beaute,31.0,Garnier Shampoing à l'Eau de Riz et à l'Amidon Ultra Doux 200ml,MAD,MyMarket
MYM-0015,Sulfate Dove 450ml,hygiene-et-beaute,63.55,Sulfate Dove 450ml,MAD,MyMarket
MYM-0016,Dove Gel douche Glowing Care de Nature Dove 225 ml,hygiene-et-beaute,39.55,Dove Gel douche Glowing Care de Nature Dove 225 ml,MAD,MyMarket
MYM-0017,Extrait d’amande Dove Restoring 225 ml,hygiene-et-beaute,39.55,Extrait d’amande Dove Restoring 225 ml,MAD,MyMarket
MYM-0018,Dove Déodorant Antiperspirant Stick Invisible Dry 50ml,hygiene-et-beaute,33.5,Dove Déodorant Antiperspirant Stick Invisible Dry 50ml,MAD,MyMarket
MYM-0019,Dove Déodorant Antiperspirant Stick Powder Soft 50ml,hygiene-et-beaute,33.5,Dove Déodorant Antiperspirant Stick Powder Soft 50ml,MAD,MyMarket
MYM-0020,Dove Déodorant Antiperspirant Stick Original 50ml,hygiene-et-beaute,33.5,Dove Déodorant Antiperspirant Stick Original 50ml,MAD,MyMarket
MYM-0021,Ultra Compact 25 Lingettes Démaquillantes Waterproof Make-up Cceanser Ultra Compact,hygiene-et-beaute,29.95,Ultra Compact 25 Lingettes Démaquillantes Waterproof Make-up Cceanser Ultra Compact,MAD,MyMarket
MYM-0022,Ultra Compact 25 Lingettes Démaquillantes Micellar Make-Up Cleanser Ultra Compact,hygiene-et-beaute,13.95,Ultra Compact 25 Lingettes Démaquillantes Micellar Make-Up Cleanser Ultra Compact,MAD,MyMarket
MYM-0023,Abriflex Premium 15 Serviettes Hygiéniques de Maternité Abena Premium,hygiene-et-beaute,60.0,Abriflex Premium 15 Serviettes Hygiéniques de Maternité Abena Premium,MAD,MyMarket
MYM-0001,00 MAD TTC En rupture de stock Abriflex Premium 26 Couches Adulte en Scratch Abri Forme Taille L1 Abena,hygiene-et-beaute,220.0,00 MAD TTC En rupture de stock Abriflex Premium 26 Couches Adulte en Scratch Abri Forme Taille L1 Abena,MAD,MyMarket
MYM-0002,Abriflex Premium 22 Couches Adulte en Scratch Abri Forme Taille M3 Abena,hygiene-et-beaute,205.0,Abriflex Premium 22 Couches Adulte en Scratch Abri Forme Taille M3 Abena,MAD,MyMarket
MYM-0003,Abriflex Premium 24 Couches Adulte en Scratch Abri Forme Taille M2 Abena,hygiene-et-beaute,200.0,Abriflex Premium 24 Couches Adulte en Scratch Abri Forme Taille M2 Abena,MAD,MyMarket
MYM-0004,Abriflex Premium 15 Couches Adulte en Scratch Abri Forme Taille M2,hygiene-et-beaute,180.0,Abriflex Premium 15 Couches Adulte en Scratch Abri Forme Taille M2,MAD,MyMarket
MYM-0005,Abriflex Premium 32 Couches Junior en Scratch Abri Forme Taille XS2,hygiene-et-beaute,240.0,Abriflex Premium 32 Couches Junior en Scratch Abri Forme Taille XS2,MAD,MyMarket
MYM-0006,Abriflex Premium 12 Couches adulte en Scratch Abena Slip Taille XL4,hygiene-et-beaute,230.0,Abriflex Premium 12 Couches adulte en Scratch Abena Slip Taille XL4,MAD,MyMarket
MYM-0007,Abriflex Premium 18 Couches adulte en Scratch Abena Slip Taille L4,hygiene-et-beaute,289.0,Abriflex Premium 18 Couches adulte en Scratch Abena Slip Taille L4,MAD,MyMarket
MYM-0008,Abriflex Premium 21 Couches adulte en Scratch Abena Slip Taille M-L4,hygiene-et-beaute,269.0,Abriflex Premium 21 Couches adulte en Scratch Abena Slip Taille M-L4,MAD,MyMarket
MYM-0009,Abriflex Premium 23 Couches adulte en Scratch Abena Slip Taille M3,hygiene-et-beaute,230.0,Abriflex Premium 23 Couches adulte en Scratch Abena Slip Taille M3,MAD,MyMarket
MYM-0010,Abriflex Premium 10 Couches adulte en Scratch Abena Slip Taille L1,hygiene-et-beaute,99.0,Abriflex Premium 10 Couches adulte en Scratch Abena Slip Taille L1,MAD,MyMarket
MYM-0011,Abriflex Premium 10 Couches adulte en Scratch Abena Slip Taille M1,hygiene-et-beaute,89.0,Abriflex Premium 10 Couches adulte en Scratch Abena Slip Taille M1,MAD,MyMarket
MYM-0012,Abriflex Premium 26 Couches adulte en Scratch Abena Slip Taille M1,hygiene-et-beaute,225.0,Abriflex Premium 26 Couches adulte en Scratch Abena Slip Taille M1,MAD,MyMarket
MYM-0013,Abriflex Premium 20 Couches adulte en Scratch Delta Forme Taille L2,hygiene-et-beaute,240.0,Abriflex Premium 20 Couches adulte en Scratch Delta Forme Taille L2,MAD,MyMarket
MYM-0014,Abriflex Premium 20 Couches adulte en Scratch Delta Forme Taille L1,hygiene-et-beaute,220.0,Abriflex Premium 20 Couches adulte en Scratch Delta Forme Taille L1,MAD,MyMarket
MYM-0015,Abriflex Premium 15 Couches adulte en Scratch Delta Forme Taille M3,hygiene-et-beaute,290.0,Abriflex Premium 15 Couches adulte en Scratch Delta Forme Taille M3,MAD,MyMarket
MYM-0016,Abriflex Premium 20 Couches adulte en Scratch Delta Forme Taille M1,hygiene-et-beaute,200.0,Abriflex Premium 20 Couches adulte en Scratch Delta Forme Taille M1,MAD,MyMarket
MYM-0001,keratin queen keratine queen moi turizing protein brazilian shampoo 800ML,hygiene-et-beaute,110.0,keratin queen keratine queen moi turizing protein brazilian shampoo 800ML,MAD,MyMarket
MYM-0002,00 MAD TTC En rupture de stock Narta Anti-Transpirant Impeccable Narta 200ml,hygiene-et-beaute,46.8,00 MAD TTC En rupture de stock Narta Anti-Transpirant Impeccable Narta 200ml,MAD,MyMarket
MYM-0003,Narta Anti-Transpirant Protection 5 Narta 200ml,hygiene-et-beaute,46.8,Narta Anti-Transpirant Protection 5 Narta 200ml,MAD,MyMarket
MYM-0004,Narta Anti-Transpirant Fraîcheur Florale 24h Narta 200ml,hygiene-et-beaute,46.8,Narta Anti-Transpirant Fraîcheur Florale 24h Narta 200ml,MAD,MyMarket
MYM-0005,Narta Anti-Transpirant Anti-Irritation 48h Peau Parfaite Narta 200ml,hygiene-et-beaute,46.8,Narta Anti-Transpirant Anti-Irritation 48h Peau Parfaite Narta 200ml,MAD,MyMarket
MYM-0006,Narta Anti-Transpirant Invisible Anti-Trace Blanche Narta 200ml,hygiene-et-beaute,46.8,Narta Anti-Transpirant Invisible Anti-Trace Blanche Narta 200ml,MAD,MyMarket
MYM-0007,LABELL 70 Cotons Maxi Ovales Duo Démaquiller LABELL,hygiene-et-beaute,19.15,LABELL 70 Cotons Maxi Ovales Duo Démaquiller LABELL,MAD,MyMarket
MYM-0008,LABELL 110 Disques à Démaquiller Duo LABELL,hygiene-et-beaute,14.35,LABELL 110 Disques à Démaquiller Duo LABELL,MAD,MyMarket
MYM-0009,Coton Fibres Naturelles BYPHASSE,hygiene-et-beaute,34.2,Coton Fibres Naturelles BYPHASSE,MAD,MyMarket
MYM-0010,SENSEA 80 Disque à Démaquiller SENSEA,hygiene-et-beaute,13.8,SENSEA 80 Disque à Démaquiller SENSEA,MAD,MyMarket
MYM-0011,SENSEA 120 Disque à Démaquiller SENSEA,hygiene-et-beaute,21.55,SENSEA 120 Disque à Démaquiller SENSEA,MAD,MyMarket
MYM-0012,SENSEA 40 Coton Carré à Démaquiller SENSEA,hygiene-et-beaute,19.14,SENSEA 40 Coton Carré à Démaquiller SENSEA,MAD,MyMarket
MYM-0013,CLEANIC 80 Cotons Disques Pure Effect à Démaquiller CLEANIC,hygiene-et-beaute,19.2,CLEANIC 80 Cotons Disques Pure Effect à Démaquiller CLEANIC,MAD,MyMarket
MYM-0014,Gillette 4 Cartouches Remplaçables Gillette Mach3 Turbo,hygiene-et-beaute,151.5,Gillette 4 Cartouches Remplaçables Gillette Mach3 Turbo,MAD,MyMarket
MYM-0015,Taous Savon Liquide à l'Aloe Vera Taous 470 ml,hygiene-et-beaute,21.54,Taous Savon Liquide à l'Aloe Vera Taous 470 ml,MAD,MyMarket
MYM-0016,Taous Savon Liquide Au Citron Taous 470 ml,hygiene-et-beaute,21.54,Taous Savon Liquide Au Citron Taous 470 ml,MAD,MyMarket
MYM-0017,Le Petit Marseillais Crème Mousse Extra Doux à la Fleur d'Oranger Bio Le Petit Marseillais 300 ml,hygiene-et-beaute,49.2,Le Petit Marseillais Crème Mousse Extra Doux à la Fleur d'Oranger Bio Le Petit Marseillais 300 ml,MAD,MyMarket
MYM-0018,Le Petit Marseillais Lait Crème Mousse au Lait à Mains Extra Doux Le Petit Marseillais 300 ml,hygiene-et-beaute,49.2,Le Petit Marseillais Lait Crème Mousse au Lait à Mains Extra Doux Le Petit Marseillais 300 ml,MAD,MyMarket
MYM-0019,Romarin Le Petit Marseillais 250 ml,hygiene-et-beaute,47.15,Romarin Le Petit Marseillais 250 ml,MAD,MyMarket
MYM-0020,Le Petit Marseillais Gel Douche Bio Rose Sauvage Le Petit Marseillais 250 ml,hygiene-et-beaute,52.75,Le Petit Marseillais Gel Douche Bio Rose Sauvage Le Petit Marseillais 250 ml,MAD,MyMarket
MYM-0001,Econet Déboucheur efficace Econet 1L,entretien-et-maison,35.0,Econet Déboucheur efficace Econet 1L,MAD,MyMarket
MYM-0002,doussy Nettoyant Sol Opaq Oud Doussy 3L,entretien-et-maison,39.95,doussy Nettoyant Sol Opaq Oud Doussy 3L,MAD,MyMarket
MYM-0003,DOUSSY Nettoyant Sol Opaq Marine Doussy 3L,entretien-et-maison,39.95,DOUSSY Nettoyant Sol Opaq Marine Doussy 3L,MAD,MyMarket
MYM-0004,doussy Nettoyant Sol Opaq Lavande Doussy 3L,entretien-et-maison,39.95,doussy Nettoyant Sol Opaq Lavande Doussy 3L,MAD,MyMarket
MYM-0005,DOUSSY Nettoyant Sol Opaq Oud Doussy 1L,entretien-et-maison,12.5,DOUSSY Nettoyant Sol Opaq Oud Doussy 1L,MAD,MyMarket
MYM-0006,DOUSSY Nettoyant Sol Opaq fraicheur Marine Doussy 1L,entretien-et-maison,12.5,DOUSSY Nettoyant Sol Opaq fraicheur Marine Doussy 1L,MAD,MyMarket
MYM-0007,DOUSSY Nettoyant Sol Opaq Lavande Doussy 1L,entretien-et-maison,12.5,DOUSSY Nettoyant Sol Opaq Lavande Doussy 1L,MAD,MyMarket
MYM-0008,DOUSSY Nettoyant Sol Opaq Citron Doussy 1L,entretien-et-maison,12.5,DOUSSY Nettoyant Sol Opaq Citron Doussy 1L,MAD,MyMarket
MYM-0009,Happy Day Air freshener Parfum Fraîcheur fleur d'orange Happy Day 400 ml,entretien-et-maison,25.0,Happy Day Air freshener Parfum Fraîcheur fleur d'orange Happy Day 400 ml,MAD,MyMarket
MYM-0010,Happy Day Air freshener Parfum Fraîcheur fruit rouge Happy Day 400 ml,entretien-et-maison,25.0,Happy Day Air freshener Parfum Fraîcheur fruit rouge Happy Day 400 ml,MAD,MyMarket
MYM-0011,Happy Day Air freshener Parfum Fraîcheur Vanille Happy Day 400 ml,entretien-et-maison,25.0,Happy Day Air freshener Parfum Fraîcheur Vanille Happy Day 400 ml,MAD,MyMarket
MYM-0012,Happy Day Air freshener Parfum d’Ambiance Anti-tabac Happy Day 400ml,entretien-et-maison,25.0,Happy Day Air freshener Parfum d’Ambiance Anti-tabac Happy Day 400ml,MAD,MyMarket
MYM-0013,DOUSSY Gel WC Marine Doussy 750ml,entretien-et-maison,21.95,DOUSSY Gel WC Marine Doussy 750ml,MAD,MyMarket
MYM-0014,DOUSSY Nettoyant Vitres Pistolet Doussy 750 ml,entretien-et-maison,17.9,DOUSSY Nettoyant Vitres Pistolet Doussy 750 ml,MAD,MyMarket
MYM-0015,DOUSSY Liquide Lave-Vaisselle Concentré Citron Doussy 750 ml,entretien-et-maison,8.9,DOUSSY Liquide Lave-Vaisselle Concentré Citron Doussy 750 ml,MAD,MyMarket
MYM-0016,DOUSSY Détergent Lave-Vaisselle Citron Jaline ultra dégraissant brillance maximale Doussy 1250g,entretien-et-maison,16.8,DOUSSY Détergent Lave-Vaisselle Citron Jaline ultra dégraissant brillance maximale Doussy 1250g,MAD,MyMarket
MYM-0017,DOUSSY Détergent Lave-Vaisselle Savon de Marseille ultra dégraissant brillance maximale Doussy 1250g,entretien-et-maison,16.8,DOUSSY Détergent Lave-Vaisselle Savon de Marseille ultra dégraissant brillance maximale Doussy 1250g,MAD,MyMarket
MYM-0018,DOUSSY Détergent Lave-Vaisselle Lavande ultra dégraissant brillance maximale Doussy 1250g,entretien-et-maison,16.95,DOUSSY Détergent Lave-Vaisselle Lavande ultra dégraissant brillance maximale Doussy 1250g,MAD,MyMarket
MYM-0019,DOUSSY Détergent Lave-Vaisselle Citron ultra dégraissant brillance maximal Doussy 1250g,entretien-et-maison,16.95,DOUSSY Détergent Lave-Vaisselle Citron ultra dégraissant brillance maximal Doussy 1250g,MAD,MyMarket
MYM-0020,DOUSSY Détergent Lave-Vaisselle Lavande ultra dégraissant brillance maximal Doussy 3kg,entretien-et-maison,41.0,DOUSSY Détergent Lave-Vaisselle Lavande ultra dégraissant brillance maximal Doussy 3kg,MAD,MyMarket
MYM-0001,Econet Déboucheur efficace Econet 1L,entretien-et-maison,35.0,Econet Déboucheur efficace Econet 1L,MAD,MyMarket
MYM-0002,doussy Nettoyant Sol Opaq Oud Doussy 3L,entretien-et-maison,39.95,doussy Nettoyant Sol Opaq Oud Doussy 3L,MAD,MyMarket
MYM-0003,DOUSSY Nettoyant Sol Opaq Marine Doussy 3L,entretien-et-maison,39.95,DOUSSY Nettoyant Sol Opaq Marine Doussy 3L,MAD,MyMarket
MYM-0004,doussy Nettoyant Sol Opaq Lavande Doussy 3L,entretien-et-maison,39.95,doussy Nettoyant Sol Opaq Lavande Doussy 3L,MAD,MyMarket
MYM-0005,DOUSSY Nettoyant Sol Opaq Oud Doussy 1L,entretien-et-maison,12.5,DOUSSY Nettoyant Sol Opaq Oud Doussy 1L,MAD,MyMarket
MYM-0006,DOUSSY Nettoyant Sol Opaq fraicheur Marine Doussy 1L,entretien-et-maison,12.5,DOUSSY Nettoyant Sol Opaq fraicheur Marine Doussy 1L,MAD,MyMarket
MYM-0007,DOUSSY Nettoyant Sol Opaq Lavande Doussy 1L,entretien-et-maison,12.5,DOUSSY Nettoyant Sol Opaq Lavande Doussy 1L,MAD,MyMarket
MYM-0008,DOUSSY Nettoyant Sol Opaq Citron Doussy 1L,entretien-et-maison,12.5,DOUSSY Nettoyant Sol Opaq Citron Doussy 1L,MAD,MyMarket
MYM-0009,Happy Day Air freshener Parfum Fraîcheur fleur d'orange Happy Day 400 ml,entretien-et-maison,25.0,Happy Day Air freshener Parfum Fraîcheur fleur d'orange Happy Day 400 ml,MAD,MyMarket
MYM-0010,Happy Day Air freshener Parfum Fraîcheur fruit rouge Happy Day 400 ml,entretien-et-maison,25.0,Happy Day Air freshener Parfum Fraîcheur fruit rouge Happy Day 400 ml,MAD,MyMarket
MYM-0011,Happy Day Air freshener Parfum Fraîcheur Vanille Happy Day 400 ml,entretien-et-maison,25.0,Happy Day Air freshener Parfum Fraîcheur Vanille Happy Day 400 ml,MAD,MyMarket
MYM-0012,Happy Day Air freshener Parfum d’Ambiance Anti-tabac Happy Day 400ml,entretien-et-maison,25.0,Happy Day Air freshener Parfum d’Ambiance Anti-tabac Happy Day 400ml,MAD,MyMarket
MYM-0013,DOUSSY Gel WC Marine Doussy 750ml,entretien-et-maison,21.95,DOUSSY Gel WC Marine Doussy 750ml,MAD,MyMarket
MYM-0014,DOUSSY Nettoyant Vitres Pistolet Doussy 750 ml,entretien-et-maison,17.9,DOUSSY Nettoyant Vitres Pistolet Doussy 750 ml,MAD,MyMarket
MYM-0015,DOUSSY Liquide Lave-Vaisselle Concentré Citron Doussy 750 ml,entretien-et-maison,8.9,DOUSSY Liquide Lave-Vaisselle Concentré Citron Doussy 750 ml,MAD,MyMarket
MYM-0016,DOUSSY Détergent Lave-Vaisselle Citron Jaline ultra dégraissant brillance maximale Doussy 1250g,entretien-et-maison,16.8,DOUSSY Détergent Lave-Vaisselle Citron Jaline ultra dégraissant brillance maximale Doussy 1250g,MAD,MyMarket
MYM-0017,DOUSSY Détergent Lave-Vaisselle Savon de Marseille ultra dégraissant brillance maximale Doussy 1250g,entretien-et-maison,16.8,DOUSSY Détergent Lave-Vaisselle Savon de Marseille ultra dégraissant brillance maximale Doussy 1250g,MAD,MyMarket
MYM-0018,DOUSSY Détergent Lave-Vaisselle Lavande ultra dégraissant brillance maximale Doussy 1250g,entretien-et-maison,16.95,DOUSSY Détergent Lave-Vaisselle Lavande ultra dégraissant brillance maximale Doussy 1250g,MAD,MyMarket
MYM-0019,DOUSSY Détergent Lave-Vaisselle Citron ultra dégraissant brillance maximal Doussy 1250g,entretien-et-maison,16.95,DOUSSY Détergent Lave-Vaisselle Citron ultra dégraissant brillance maximal Doussy 1250g,MAD,MyMarket
MYM-0020,DOUSSY Détergent Lave-Vaisselle Lavande ultra dégraissant brillance maximal Doussy 3kg,entretien-et-maison,41.0,DOUSSY Détergent Lave-Vaisselle Lavande ultra dégraissant brillance maximal Doussy 3kg,MAD,MyMarket
MYM-0001,de la plus récente à la plus ancienne DOUSSY Détergent Lave-Vaisselle ultra dégraissant brillance maximal Citron Doussy 3kg,entretien-et-maison,41.0,de la plus récente à la plus ancienne DOUSSY Détergent Lave-Vaisselle ultra dégraissant brillance maximal Citron Doussy 3kg,MAD,MyMarket
MYM-0002,DOUSSY Détergent Liquide Doussy Savons de marseille 1L,entretien-et-maison,22.5,DOUSSY Détergent Liquide Doussy Savons de marseille 1L,MAD,MyMarket
MYM-0003,DOUSSY Dégraissant Pistolet Doussy 750 ml,entretien-et-maison,20.5,DOUSSY Dégraissant Pistolet Doussy 750 ml,MAD,MyMarket
MYM-0004,DOUSSY Adoucissant Pétales de Rose 1L,entretien-et-maison,19.95,DOUSSY Adoucissant Pétales de Rose 1L,MAD,MyMarket
MYM-0005,DOUSSY Adoucissant Lavande Doussy 1L,entretien-et-maison,19.95,DOUSSY Adoucissant Lavande Doussy 1L,MAD,MyMarket
MYM-0006,DOUSSY Adoucissant Doussy Fil Naturelle 1L,entretien-et-maison,19.95,DOUSSY Adoucissant Doussy Fil Naturelle 1L,MAD,MyMarket
MYM-0007,DOUSSY Savon de Marseille Miel Doussy 125G X 4,entretien-et-maison,25.5,DOUSSY Savon de Marseille Miel Doussy 125G X 4,MAD,MyMarket
MYM-0008,DOUSSY Savon de Marseille Fleur d'Oranger Doussy 125G X 4,entretien-et-maison,25.5,DOUSSY Savon de Marseille Fleur d'Oranger Doussy 125G X 4,MAD,MyMarket
MYM-0009,DOUSSY Savon de Marseille Glycérine Doussy 125G X 4,entretien-et-maison,25.5,DOUSSY Savon de Marseille Glycérine Doussy 125G X 4,MAD,MyMarket
MYM-0010,DOUSSY Savon de Marseille Huile d'Olive Doussy 125G X 4,entretien-et-maison,25.5,DOUSSY Savon de Marseille Huile d'Olive Doussy 125G X 4,MAD,MyMarket
MYM-0011,DOUSSY Savon de Marseille Lavande Doussy 125G X 4,entretien-et-maison,25.5,DOUSSY Savon de Marseille Lavande Doussy 125G X 4,MAD,MyMarket
MYM-0012,Mio Eau de Javel Regulier Mio 5L,entretien-et-maison,18.0,Mio Eau de Javel Regulier Mio 5L,MAD,MyMarket
MYM-0013,Econet 30 Pastilles lave vaisselle Econet 600G 2 en 1,entretien-et-maison,42.0,Econet 30 Pastilles lave vaisselle Econet 600G 2 en 1,MAD,MyMarket
MYM-0014,Yak Brillette cirage incolore Yak,entretien-et-maison,27.0,Yak Brillette cirage incolore Yak,MAD,MyMarket
MYM-0015,Parex Spirale métallique x 6 PAREX,entretien-et-maison,25.5,Parex Spirale métallique x 6 PAREX,MAD,MyMarket
MYM-0016,Parex Eponge Magic Parex - 1 unité,entretien-et-maison,12.5,Parex Eponge Magic Parex - 1 unité,MAD,MyMarket
MYM-0017,lot de 2 pièces,entretien-et-maison,18.0,lot de 2 pièces,MAD,MyMarket
MYM-0018,lot de 2 pièces,entretien-et-maison,7.9,lot de 2 pièces,MAD,MyMarket
MYM-0019,épaisse Parex,entretien-et-maison,9.0,épaisse Parex,MAD,MyMarket
MYM-0020,Splash Nettoyant parquets Splash 750ML,entretien-et-maison,34.0,Splash Nettoyant parquets Splash 750ML,MAD,MyMarket
MYM-0021,Coco Insette 300ML,entretien-et-maison,18.95,Coco Insette 300ML,MAD,MyMarket
MYM-0022,Insette Air Freshener Fresh Linen Insette 300ml,entretien-et-maison,18.95,Insette Air Freshener Fresh Linen Insette 300ml,MAD,MyMarket
MYM-0023,Insette Air Freshener Wild Berries Insette 300ml,entretien-et-maison,18.95,Insette Air Freshener Wild Berries Insette 300ml,MAD,MyMarket
MYM-0001,de la plus récente à la plus ancienne Sanytol Désinfectant linge Sanytol 1L,entretien-et-maison,66.95,de la plus récente à la plus ancienne Sanytol Désinfectant linge Sanytol 1L,MAD,MyMarket
MYM-0002,Econet Bicarbonate Econet 1KG,entretien-et-maison,36.5,Econet Bicarbonate Econet 1KG,MAD,MyMarket
MYM-0003,Econet Gel lave vaisselle Econet 1L,entretien-et-maison,95.0,Econet Gel lave vaisselle Econet 1L,MAD,MyMarket
MYM-0004,Econet Sel pour lave vaisselle Econet 1KG,entretien-et-maison,24.0,Econet Sel pour lave vaisselle Econet 1KG,MAD,MyMarket
MYM-0005,Econet Déboucheur Econet 250G,entretien-et-maison,18.9,Econet Déboucheur Econet 250G,MAD,MyMarket
MYM-0006,Econet Gel Liquide lessive Econet 3L,entretien-et-maison,59.9,Econet Gel Liquide lessive Econet 3L,MAD,MyMarket
MYM-0007,WC NET Gel Crystal Citrus Fresh WC NET 750 ML,entretien-et-maison,29.95,WC NET Gel Crystal Citrus Fresh WC NET 750 ML,MAD,MyMarket
MYM-0008,WC NET Gel WC Crystal Eaux Fraîches WC NET 750ML,entretien-et-maison,31.95,WC NET Gel WC Crystal Eaux Fraîches WC NET 750ML,MAD,MyMarket
MYM-0009,WC NET Gel WC Intense Ocean WC Net 750ml,entretien-et-maison,29.9,WC NET Gel WC Intense Ocean WC Net 750ml,MAD,MyMarket
MYM-0010,WC NET Gel intense moutain Wc Net 750ML,entretien-et-maison,29.9,WC NET Gel intense moutain Wc Net 750ML,MAD,MyMarket
MYM-0011,WC NET 4 Bloc solide citron WC Net 4x34GR,entretien-et-maison,46.0,WC NET 4 Bloc solide citron WC Net 4x34GR,MAD,MyMarket
MYM-0012,WC NET 4 Bloc solide ocean fresh WC Net 4x34GR,entretien-et-maison,46.0,WC NET 4 Bloc solide ocean fresh WC Net 4x34GR,MAD,MyMarket
MYM-0013,Zen ZEN-Liquide détergent Savon Marseille 5L,entretien-et-maison,78.0,Zen ZEN-Liquide détergent Savon Marseille 5L,MAD,MyMarket
MYM-0014,Zen ZEN -Liquide détergent Savon Lavande 5L,entretien-et-maison,78.0,Zen ZEN -Liquide détergent Savon Lavande 5L,MAD,MyMarket
MYM-0015,Zen ZEN- Liquide détergent Océanique 5L,entretien-et-maison,78.0,Zen ZEN- Liquide détergent Océanique 5L,MAD,MyMarket
MYM-0001,Exet Eau de javel lavande EXET 1L,entretien-et-maison,5.9,Exet Eau de javel lavande EXET 1L,MAD,MyMarket
MYM-0002,Exet Lave vitre EXET 250ML,entretien-et-maison,9.0,Exet Lave vitre EXET 250ML,MAD,MyMarket
MYM-0003,Exet Liquide vaisselle aloe vera Exet 750ML,entretien-et-maison,9.95,Exet Liquide vaisselle aloe vera Exet 750ML,MAD,MyMarket
MYM-0004,Exet Liquide vaisselle lavande EXET 750ML,entretien-et-maison,9.95,Exet Liquide vaisselle lavande EXET 750ML,MAD,MyMarket
MYM-0005,Exet Liquide vaisselle agrumes Exet 750ML,entretien-et-maison,9.95,Exet Liquide vaisselle agrumes Exet 750ML,MAD,MyMarket
MYM-0006,Exet Liquide vaisselle citron Exet 750ML,entretien-et-maison,9.95,Exet Liquide vaisselle citron Exet 750ML,MAD,MyMarket
MYM-0007,Exet Lave vitre Exet 500ML,entretien-et-maison,13.9,Exet Lave vitre Exet 500ML,MAD,MyMarket
MYM-0008,Exet Nettoyant sol maison fleur d'oranger EXET 1L,entretien-et-maison,11.9,Exet Nettoyant sol maison fleur d'oranger EXET 1L,MAD,MyMarket
MYM-0009,Exet Nettoyant sol maison brise de mer Exet 1L,entretien-et-maison,11.2,Exet Nettoyant sol maison brise de mer Exet 1L,MAD,MyMarket
MYM-0010,Exet Nettoyant sol maison oud EXET 1L,entretien-et-maison,11.2,Exet Nettoyant sol maison oud EXET 1L,MAD,MyMarket
MYM-0011,Azzul Nettoyant Vitres 1000 ML AZZUL,entretien-et-maison,22.95,Azzul Nettoyant Vitres 1000 ML AZZUL,MAD,MyMarket
MYM-0012,Azzul Air Freshner parfumé citron 400 ML AZZUL,entretien-et-maison,13.2,Azzul Air Freshner parfumé citron 400 ML AZZUL,MAD,MyMarket
MYM-0013,Azzul Air Freshner parfumé lavande 400 ML AZZUL,entretien-et-maison,14.5,Azzul Air Freshner parfumé lavande 400 ML AZZUL,MAD,MyMarket
MYM-0014,Azzul Air Freshner parfumé Jasmin 400 ML AZZUL,entretien-et-maison,13.2,Azzul Air Freshner parfumé Jasmin 400 ML AZZUL,MAD,MyMarket
MYM-0015,Azzul Air Freshner parfumé vanille 400 ML AZZUL,entretien-et-maison,14.5,Azzul Air Freshner parfumé vanille 400 ML AZZUL,MAD,MyMarket
MYM-0001,de la plus récente à la plus ancienne Friskies Croquettes pour chat au poulet avec des légumes Purina Friskies 300g,animaux,21.0,de la plus récente à la plus ancienne Friskies Croquettes pour chat au poulet avec des légumes Purina Friskies 300g,MAD,MyMarket
MYM-0002,bpeuf Whiskas 4x85g,animaux,28.0,bpeuf Whiskas 4x85g,MAD,MyMarket
MYM-0003,uf et poulet en sauce pour chatons WHISKAS Junior 4x85g,animaux,28.0,uf et poulet en sauce pour chatons WHISKAS Junior 4x85g,MAD,MyMarket
MYM-0004,PURINA FELIX Patée pour chat à la viande fantastic Purina Felix 4x85g,animaux,25.5,PURINA FELIX Patée pour chat à la viande fantastic Purina Felix 4x85g,MAD,MyMarket
MYM-0005,PURINA FELIX Pâtée pour chat au morceaux effilochés savoureux au poisson Purina Felix 4x85g,animaux,25.5,PURINA FELIX Pâtée pour chat au morceaux effilochés savoureux au poisson Purina Felix 4x85g,MAD,MyMarket
MYM-0006,PURINA FELIX Patée pour chat Fantastic Duo Purina Felix 4x85g,animaux,25.5,PURINA FELIX Patée pour chat Fantastic Duo Purina Felix 4x85g,MAD,MyMarket
MYM-0007,PURINA FELIX Patée pour chat Fantastiques Lamb Purina Felix 4x85g,animaux,25.5,PURINA FELIX Patée pour chat Fantastiques Lamb Purina Felix 4x85g,MAD,MyMarket
MYM-0008,PURINA FELIX Pâtée pour chat fantastique fish Purina Felix 4x85,animaux,25.5,PURINA FELIX Pâtée pour chat fantastique fish Purina Felix 4x85,MAD,MyMarket
MYM-0009,PURINA FELIX Pâtée spéciale pour petits chats fantastique junior Purina Felix 4x85,animaux,25.5,PURINA FELIX Pâtée spéciale pour petits chats fantastique junior Purina Felix 4x85,MAD,MyMarket
MYM-0010,Avenal Pâté pour chat Poulet Avenal Cat 100g,animaux,5.5,Avenal Pâté pour chat Poulet Avenal Cat 100g,MAD,MyMarket
MYM-0011,Avenal Pâté pour chat au thon Avenalcat 100g,animaux,4.9,Avenal Pâté pour chat au thon Avenalcat 100g,MAD,MyMarket
MYM-0012,Avenal Pâté pour chat Boeuf Avenal 100g,animaux,4.9,Avenal Pâté pour chat Boeuf Avenal 100g,MAD,MyMarket
MYM-0013,Royalpet Pâté pour chien Poulet Royalpet 100g,animaux,5.5,Royalpet Pâté pour chien Poulet Royalpet 100g,MAD,MyMarket
MYM-0014,Royalpet Pâté pour chien Boeuf Royalpet 100g,animaux,5.5,Royalpet Pâté pour chien Boeuf Royalpet 100g,MAD,MyMarket
MYM-0015,Cattos Pâté Liver Cattos 100g,animaux,4.9,Cattos Pâté Liver Cattos 100g,MAD,MyMarket
MYM-0016,Cattos Pâté Poulet Cattos 100g,animaux,4.9,Cattos Pâté Poulet Cattos 100g,MAD,MyMarket
MYM-0017,Cattos Pâté Boeuf Cattos 100g,animaux,4.9,Cattos Pâté Boeuf Cattos 100g,MAD,MyMarket
MYM-0018,barquette Dorty 100 g,animaux,5.0,barquette Dorty 100 g,MAD,MyMarket
MYM-0019,Dorty Paté pour chats et volailles Dorty barquette 100 g,animaux,5.0,Dorty Paté pour chats et volailles Dorty barquette 100 g,MAD,MyMarket
MYM-0020,Pedigree 7 Bâtonnets Dentastix à Mâcher pour Chien 5 à 10kg Pedigree 110g,animaux,33.0,Pedigree 7 Bâtonnets Dentastix à Mâcher pour Chien 5 à 10kg Pedigree 110g,MAD,MyMarket
MYM-0021,Catisfaction Catisfactions Pack,animaux,63.0,Catisfaction Catisfactions Pack,MAD,MyMarket
MYM-0022,PURINA 5 Bâtonnets à Mâcher Contre le Tartre pour Chien Dentalife Purina Small 115g,animaux,57.34,PURINA 5 Bâtonnets à Mâcher Contre le Tartre pour Chien Dentalife Purina Small 115g,MAD,MyMarket
MYM-0023,Citycat Litière Agglomérant pour chats City Cat - 5kg,animaux,39.0,Citycat Litière Agglomérant pour chats City Cat - 5kg,MAD,MyMarket
MYM-0001,de la plus récente à la plus ancienne Friskies Croquettes pour chat au poulet avec des légumes Purina Friskies 300g,animaux,21.0,de la plus récente à la plus ancienne Friskies Croquettes pour chat au poulet avec des légumes Purina Friskies 300g,MAD,MyMarket
MYM-0002,bpeuf Whiskas 4x85g,animaux,28.0,bpeuf Whiskas 4x85g,MAD,MyMarket
MYM-0003,uf et poulet en sauce pour chatons WHISKAS Junior 4x85g,animaux,28.0,uf et poulet en sauce pour chatons WHISKAS Junior 4x85g,MAD,MyMarket
MYM-0004,PURINA FELIX Patée pour chat à la viande fantastic Purina Felix 4x85g,animaux,25.5,PURINA FELIX Patée pour chat à la viande fantastic Purina Felix 4x85g,MAD,MyMarket
MYM-0005,PURINA FELIX Pâtée pour chat au morceaux effilochés savoureux au poisson Purina Felix 4x85g,animaux,25.5,PURINA FELIX Pâtée pour chat au morceaux effilochés savoureux au poisson Purina Felix 4x85g,MAD,MyMarket
MYM-0006,PURINA FELIX Patée pour chat Fantastic Duo Purina Felix 4x85g,animaux,25.5,PURINA FELIX Patée pour chat Fantastic Duo Purina Felix 4x85g,MAD,MyMarket
MYM-0007,PURINA FELIX Patée pour chat Fantastiques Lamb Purina Felix 4x85g,animaux,25.5,PURINA FELIX Patée pour chat Fantastiques Lamb Purina Felix 4x85g,MAD,MyMarket
MYM-0008,PURINA FELIX Pâtée pour chat fantastique fish Purina Felix 4x85,animaux,25.5,PURINA FELIX Pâtée pour chat fantastique fish Purina Felix 4x85,MAD,MyMarket
MYM-0009,PURINA FELIX Pâtée spéciale pour petits chats fantastique junior Purina Felix 4x85,animaux,25.5,PURINA FELIX Pâtée spéciale pour petits chats fantastique junior Purina Felix 4x85,MAD,MyMarket
MYM-0010,Avenal Pâté pour chat Poulet Avenal Cat 100g,animaux,5.5,Avenal Pâté pour chat Poulet Avenal Cat 100g,MAD,MyMarket
MYM-0011,Avenal Pâté pour chat au thon Avenalcat 100g,animaux,4.9,Avenal Pâté pour chat au thon Avenalcat 100g,MAD,MyMarket
MYM-0012,Avenal Pâté pour chat Boeuf Avenal 100g,animaux,4.9,Avenal Pâté pour chat Boeuf Avenal 100g,MAD,MyMarket
MYM-0013,Royalpet Pâté pour chien Poulet Royalpet 100g,animaux,5.5,Royalpet Pâté pour chien Poulet Royalpet 100g,MAD,MyMarket
MYM-0014,Royalpet Pâté pour chien Boeuf Royalpet 100g,animaux,5.5,Royalpet Pâté pour chien Boeuf Royalpet 100g,MAD,MyMarket
MYM-0015,Cattos Pâté Liver Cattos 100g,animaux,4.9,Cattos Pâté Liver Cattos 100g,MAD,MyMarket
MYM-0016,Cattos Pâté Poulet Cattos 100g,animaux,4.9,Cattos Pâté Poulet Cattos 100g,MAD,MyMarket
MYM-0017,Cattos Pâté Boeuf Cattos 100g,animaux,4.9,Cattos Pâté Boeuf Cattos 100g,MAD,MyMarket
MYM-0018,barquette Dorty 100 g,animaux,5.0,barquette Dorty 100 g,MAD,MyMarket
MYM-0019,Dorty Paté pour chats et volailles Dorty barquette 100 g,animaux,5.0,Dorty Paté pour chats et volailles Dorty barquette 100 g,MAD,MyMarket
MYM-0020,Pedigree 7 Bâtonnets Dentastix à Mâcher pour Chien 5 à 10kg Pedigree 110g,animaux,33.0,Pedigree 7 Bâtonnets Dentastix à Mâcher pour Chien 5 à 10kg Pedigree 110g,MAD,MyMarket
MYM-0021,Catisfaction Catisfactions Pack,animaux,63.0,Catisfaction Catisfactions Pack,MAD,MyMarket
MYM-0022,PURINA 5 Bâtonnets à Mâcher Contre le Tartre pour Chien Dentalife Purina Small 115g,animaux,57.34,PURINA 5 Bâtonnets à Mâcher Contre le Tartre pour Chien Dentalife Purina Small 115g,MAD,MyMarket
MYM-0023,Citycat Litière Agglomérant pour chats City Cat - 5kg,animaux,39.0,Citycat Litière Agglomérant pour chats City Cat - 5kg,MAD,MyMarket
MYM-0001,95 MAD TTC En rupture de stock Pedigree Friandises pour Chiens de Petite Taille Oral Care Dentastix Pedigree 110 g,animaux,33.55,95 MAD TTC En rupture de stock Pedigree Friandises pour Chiens de Petite Taille Oral Care Dentastix Pedigree 110 g,MAD,MyMarket
MYM-0002,Pedigree Biscuits Croquants pour Chien Adulte Biscrok Original Pedigree 500 g,animaux,53.76,Pedigree Biscuits Croquants pour Chien Adulte Biscrok Original Pedigree 500 g,MAD,MyMarket
MYM-0003,Rocky Croquettes pour chien Adulte Maxi-Croc Complètes Rocky 4Kg,animaux,111.55,Rocky Croquettes pour chien Adulte Maxi-Croc Complètes Rocky 4Kg,MAD,MyMarket
MYM-0004,Rocky Croquettes Multi-Complètes pour Chien Adulte Rocky 4Kg,animaux,116.15,Rocky Croquettes Multi-Complètes pour Chien Adulte Rocky 4Kg,MAD,MyMarket
MYM-0005,uf pour Chien Junior Oskay 2Kg,animaux,73.55,uf pour Chien Junior Oskay 2Kg,MAD,MyMarket
MYM-0006,uf pour Chien Junior Oskay 400 g,animaux,16.95,uf pour Chien Junior Oskay 400 g,MAD,MyMarket
MYM-0007,uf pour Chien Adulte Oskay 400 g,animaux,16.95,uf pour Chien Adulte Oskay 400 g,MAD,MyMarket
MYM-0008,uf pour Chiens Junior Oskay 1Kg,animaux,40.0,uf pour Chiens Junior Oskay 1Kg,MAD,MyMarket
MYM-0009,95 MAD TTC En rupture de stock Miglior Bouchées au Saumon pour Chat Adulte Miglior Gatto 405g,animaux,12.5,95 MAD TTC En rupture de stock Miglior Bouchées au Saumon pour Chat Adulte Miglior Gatto 405g,MAD,MyMarket
MYM-0010,Les Repas Plaisir Pâté Goût Thon pour Chat Adulte Les Repas Plaisir 100g,animaux,8.5,Les Repas Plaisir Pâté Goût Thon pour Chat Adulte Les Repas Plaisir 100g,MAD,MyMarket
MYM-0011,Les Repas Plaisir Pâté Goût Saumon pour Chat Adulte Les Repas Plaisir 100g,animaux,8.5,Les Repas Plaisir Pâté Goût Saumon pour Chat Adulte Les Repas Plaisir 100g,MAD,MyMarket
MYM-0012,50 MAD TTC En rupture de stock Les Repas Plaisir Pâté Goût Poulet pour Chat Adulte Les Repas Plaisir 100g,animaux,8.5,50 MAD TTC En rupture de stock Les Repas Plaisir Pâté Goût Poulet pour Chat Adulte Les Repas Plaisir 100g,MAD,MyMarket
MYM-0013,Les Repas Plaisir Pâté Goût Poulet et Lait Pour Chaton Les Repas Plaisir 100g,animaux,8.5,Les Repas Plaisir Pâté Goût Poulet et Lait Pour Chaton Les Repas Plaisir 100g,MAD,MyMarket
MYM-0001,de la plus récente à la plus ancienne Les Repas Plaisir Pâté Goût Dinde pour Chat Adulte Les Repas Plaisir 100g,animaux,8.5,de la plus récente à la plus ancienne Les Repas Plaisir Pâté Goût Dinde pour Chat Adulte Les Repas Plaisir 100g,MAD,MyMarket
MYM-0002,Les Repas Plaisir Pâté Goût Cabillaud pour Chat Stérilisé Les Repas Plaisir 100g,animaux,8.5,Les Repas Plaisir Pâté Goût Cabillaud pour Chat Stérilisé Les Repas Plaisir 100g,MAD,MyMarket
MYM-0003,uf pour Chat Adulte Les Repas Plaisir 100g,animaux,8.5,uf pour Chat Adulte Les Repas Plaisir 100g,MAD,MyMarket
MYM-0004,Littycat Litière parfumée pour chats Littycat 5Kg,animaux,44.59,Littycat Litière parfumée pour chats Littycat 5Kg,MAD,MyMarket
MYM-0005,Catisfaction Friandises pour chat au poulet Catisfaction 60g,animaux,21.0,Catisfaction Friandises pour chat au poulet Catisfaction 60g,MAD,MyMarket
MYM-0006,Catisfaction Friandises pour chat au fromage Catisfaction 6x60g,animaux,21.0,Catisfaction Friandises pour chat au fromage Catisfaction 6x60g,MAD,MyMarket
MYM-0007,Catisfaction Friandises pour chat au saumon Catisfaction 6x60g,animaux,21.0,Catisfaction Friandises pour chat au saumon Catisfaction 6x60g,MAD,MyMarket
MYM-0008,Poulet et Céréales Ayala 4Kg,animaux,114.75,Poulet et Céréales Ayala 4Kg,MAD,MyMarket
MYM-0009,90 MAD TTC En rupture de stock Vitakraft Menu Vital Perruche Sachet Vitakraft 500g,animaux,47.88,90 MAD TTC En rupture de stock Vitakraft Menu Vital Perruche Sachet Vitakraft 500g,MAD,MyMarket
MYM-0010,Vitakraft KraKer Miel Canaris Vitakraft,animaux,23.88,Vitakraft KraKer Miel Canaris Vitakraft,MAD,MyMarket
MYM-0011,Vitakraft Baguettes Fruits Canaris Vitakraft,animaux,23.88,Vitakraft Baguettes Fruits Canaris Vitakraft,MAD,MyMarket
MYM-0012,94 MAD TTC En rupture de stock Vitakraft Coussin ODC Vitakraft 850 g,animaux,23.88,94 MAD TTC En rupture de stock Vitakraft Coussin ODC Vitakraft 850 g,MAD,MyMarket
MYM-0013,Pour Chien Adulte Biscrok Original Pedigree 500G,animaux,40.8,Pour Chien Adulte Biscrok Original Pedigree 500G,MAD,MyMarket
MYM-0001,76 MAD TTC En rupture de stock LECHAT Embouchures De Thon LECHAT 820G,animaux,32.94,76 MAD TTC En rupture de stock LECHAT Embouchures De Thon LECHAT 820G,MAD,MyMarket
MYM-0002,94 MAD TTC En rupture de stock Friskies Croquettes pour chatons au poulet et légumes avec du lait FRISKIES JUNIOR 300g,animaux,20.0,94 MAD TTC En rupture de stock Friskies Croquettes pour chatons au poulet et légumes avec du lait FRISKIES JUNIOR 300g,MAD,MyMarket
MYM-0003,Friskies Croquettes au Saumon et Légumes pour Chats Friskies 300g,animaux,21.0,Friskies Croquettes au Saumon et Légumes pour Chats Friskies 300g,MAD,MyMarket
MYM-0004,Miglior Terrine de Poulet et Dinde pour Chien Miglior Cane 405g,animaux,11.75,Miglior Terrine de Poulet et Dinde pour Chien Miglior Cane 405g,MAD,MyMarket
MYM-0005,uf pour Chiens Miglior Cane 405g,animaux,14.0,uf pour Chiens Miglior Cane 405g,MAD,MyMarket
